BEGIN;

delete from card_set_white_card where card_set_id = 139000;
delete from card_set_black_card where card_set_id = 139000;
delete from white_cards where id >= 139000 and id <= 139999;
delete from black_cards where id >= 139000 and id <= 139999;
delete from card_set where id=139000;

insert into card_set (id, active, name, base_deck, description, weight) values (139000, 't', '2000s Nostalgia Pack', 'f', 'Dude where''s my car?', 999);

insert into white_cards (id, text, watermark) values (139000, 'All these boys in my yard asking for milkshakes.', '2000s');
insert into card_set_white_card (card_set_id, white_card_id) values (139000, 139000);
insert into white_cards (id, text, watermark) values (139001, 'Being a total Miranda.', '2000s');
insert into card_set_white_card (card_set_id, white_card_id) values (139000, 139001);
insert into white_cards (id, text, watermark) values (139002, 'Blowing Lucas on an inflatable chair.', '2000s');
insert into card_set_white_card (card_set_id, white_card_id) values (139000, 139002);
insert into white_cards (id, text, watermark) values (139003, 'Chunky highlights.', '2000s');
insert into card_set_white_card (card_set_id, white_card_id) values (139000, 139003);
insert into white_cards (id, text, watermark) values (139004, 'Collateralized debt obligations.', '2000s');
insert into card_set_white_card (card_set_id, white_card_id) values (139000, 139004);
insert into white_cards (id, text, watermark) values (139005, 'Competing against 20 other women for the love of Flava Flav.', '2000s');
insert into card_set_white_card (card_set_id, white_card_id) values (139000, 139005);
insert into white_cards (id, text, watermark) values (139006, 'Cybering with diselman89.', '2000s');
insert into card_set_white_card (card_set_id, white_card_id) values (139000, 139006);
insert into white_cards (id, text, watermark) values (139007, 'Defining marriage at the union of one man and one woman.', '2000s');
insert into card_set_white_card (card_set_id, white_card_id) values (139000, 139007);
insert into white_cards (id, text, watermark) values (139008, 'Doing 9/11.', '2000s');
insert into card_set_white_card (card_set_id, white_card_id) values (139000, 139008);
insert into white_cards (id, text, watermark) values (139009, 'Downloading a bunch of weird porn on Kazaa.', '2000s');
insert into card_set_white_card (card_set_id, white_card_id) values (139000, 139009);
insert into white_cards (id, text, watermark) values (139010, 'Getting crunk.', '2000s');
insert into card_set_white_card (card_set_id, white_card_id) values (139000, 139010);
insert into white_cards (id, text, watermark) values (139011, 'Getting drenched in Dave Matthew''s shit and piss.', '2000s');
insert into card_set_white_card (card_set_id, white_card_id) values (139000, 139011);
insert into white_cards (id, text, watermark) values (139012, 'Getting pwned.', '2000s');
insert into card_set_white_card (card_set_id, white_card_id) values (139000, 139012);
insert into white_cards (id, text, watermark) values (139013, 'Going to prom with a 108-year-old vampire.', '2000s');
insert into card_set_white_card (card_set_id, white_card_id) values (139000, 139013);
insert into white_cards (id, text, watermark) values (139014, 'Hoobastank.', '2000s');
insert into card_set_white_card (card_set_id, white_card_id) values (139000, 139014);
insert into white_cards (id, text, watermark) values (139015, 'Killing Dumbledore.', '2000s');
insert into card_set_white_card (card_set_id, white_card_id) values (139000, 139015);
insert into white_cards (id, text, watermark) values (139016, 'Letting the terrorists win.', '2000s');
insert into card_set_white_card (card_set_id, white_card_id) values (139000, 139016);
insert into white_cards (id, text, watermark) values (139017, 'My son and business partnew H.W. Plainview.', '2000s');
insert into card_set_white_card (card_set_id, white_card_id) values (139000, 139017);
insert into white_cards (id, text, watermark) values (139018, 'Starting to be cool about gay people.', '2000s');
insert into card_set_white_card (card_set_id, white_card_id) values (139000, 139018);
insert into white_cards (id, text, watermark) values (139019, 'Suspicious white powder.', '2000s');
insert into card_set_white_card (card_set_id, white_card_id) values (139000, 139019);
insert into white_cards (id, text, watermark) values (139020, 'Taking a blurry photo of my penis on my Motorola Razr.', '2000s');
insert into card_set_white_card (card_set_id, white_card_id) values (139000, 139020);
insert into white_cards (id, text, watermark) values (139021, 'The conservative blogosphere.', '2000s');
insert into card_set_white_card (card_set_id, white_card_id) values (139000, 139021);
insert into white_cards (id, text, watermark) values (139022, 'The new Sweet Onion Chicken Teriyaki sandwich from Subway!', '2000s');
insert into card_set_white_card (card_set_id, white_card_id) values (139000, 139022);
insert into white_cards (id, text, watermark) values (139023, 'Trapping my Sim in a swimming pool until she shits herself.', '2000s');
insert into card_set_white_card (card_set_id, white_card_id) values (139000, 139023);
insert into white_cards (id, text, watermark) values (139024, 'Two girls sharing one cup of poop.', '2000s');
insert into card_set_white_card (card_set_id, white_card_id) values (139000, 139024);
insert into white_cards (id, text, watermark) values (139025, 'Vajazzling my vajayjay.', '2000s');
insert into card_set_white_card (card_set_id, white_card_id) values (139000, 139025);
insert into white_cards (id, text, watermark) values (139026, 'Weapons of mass destruction.', '2000s');
insert into card_set_white_card (card_set_id, white_card_id) values (139000, 139026);

insert into black_cards (id, text, draw, pick, watermark) values (139000, '____? That''s a no from me, dawg.', '0', '1', '2000s');
insert into card_set_black_card (card_set_id, black_card_id) values (139000, 139000);
insert into black_cards (id, text, draw, pick, watermark) values (139001, '16 people. 39 days of ____. One Survivor.', '0', '1', '2000s');
insert into card_set_black_card (card_set_id, black_card_id) values (139000, 139001);
insert into black_cards (id, text, draw, pick, watermark) values (139002, 'I couldn''t help but wonder. Was "having it all" an unattainable myth? Was the secret to a truly happy life just ____?', '0', '1', '2000s');
insert into card_set_black_card (card_set_id, black_card_id) values (139000, 139002);
insert into black_cards (id, text, draw, pick, watermark) values (139003, 'Oh my god! ____ killed Kenny!', '0', '1', '2000s');
insert into card_set_black_card (card_set_id, black_card_id) values (139000, 139003);
insert into black_cards (id, text, draw, pick, watermark) values (139004, 'Oops! I did it again. I played with ____.', '0', '1', '2000s');
insert into card_set_black_card (card_set_id, black_card_id) values (139000, 139004);

COMMIT;
