BEGIN;

delete from card_set_white_card where card_set_id = 200000;
delete from card_set_black_card where card_set_id = 200000;
delete from white_cards where id >= 200000 and id <= 200999;
delete from black_cards where id >= 200000 and id <= 200999;
delete from card_set where id=200000;

insert into card_set (id, active, name, base_deck, description, weight) values (200000, 't', 'Absurd Box', 'f', 'The Absurd Box contains 300 all-new cards that came to use after taking peyote and wandering the desert.', 999);

insert into white_cards (id, text, watermark) values (200000, 'Clearly asking for no cucumbers in my salad, and yet here we are', 'test');
insert into card_set_white_card (card_set_id, white_card_id) values (200000, 200000);
insert into white_cards (id, text, watermark) values (200001, 'Hoopnugget, the game where you throw a nuggest into a hoop', 'test');
insert into card_set_white_card (card_set_id, white_card_id) values (200000, 200001);
insert into white_cards (id, text, watermark) values (200002, 'Pissin'' me pants', 'test');
insert into card_set_white_card (card_set_id, white_card_id) values (200000, 200002);
insert into white_cards (id, text, watermark) values (200003, 'A basketball that screams every time it gets bounced', 'test');
insert into card_set_white_card (card_set_id, white_card_id) values (200000, 200003);
insert into white_cards (id, text, watermark) values (200004, 'A real cum-dumpster of a saxophonist', 'test');
insert into card_set_white_card (card_set_id, white_card_id) values (200000, 200004);
insert into white_cards (id, text, watermark) values (200005, 'Uncles', 'test');
insert into card_set_white_card (card_set_id, white_card_id) values (200000, 200005);
insert into white_cards (id, text, watermark) values (200006, 'Sandwich', 'test');
insert into card_set_white_card (card_set_id, white_card_id) values (200000, 200006);
insert into white_cards (id, text, watermark) values (200007, 'Bimpy, the small styurofoam ball we all jack off into', 'test');
insert into card_set_white_card (card_set_id, white_card_id) values (200000, 200007);
insert into white_cards (id, text, watermark) values (200008, 'A cat with... hands', 'test');
insert into card_set_white_card (card_set_id, white_card_id) values (200000, 200008);
insert into white_cards (id, text, watermark) values (200009, 'My son''s husband''s huge cock', 'test');
insert into card_set_white_card (card_set_id, white_card_id) values (200000, 200009);
insert into white_cards (id, text, watermark) values (200010, 'Turning poor people against each other so they don''t pay attention to economic inequality', 'test');
insert into card_set_white_card (card_set_id, white_card_id) values (200000, 200010);
insert into white_cards (id, text, watermark) values (200011, 'A sticky tree hole full of pancake sauce', 'test');
insert into card_set_white_card (card_set_id, white_card_id) values (200000, 200011);
insert into white_cards (id, text, watermark) values (200012, 'Some light choking', 'test');
insert into card_set_white_card (card_set_id, white_card_id) values (200000, 200012);
insert into white_cards (id, text, watermark) values (200013, 'Getting herpes from Bruce Willis', 'test');
insert into card_set_white_card (card_set_id, white_card_id) values (200000, 200013);
insert into white_cards (id, text, watermark) values (200014, 'Driving to a Walmart parking log and staring into the distance for eight hours', 'test');
insert into card_set_white_card (card_set_id, white_card_id) values (200000, 200014);
insert into white_cards (id, text, watermark) values (200015, 'The rock after which Dwayne Johnson was named', 'test');
insert into card_set_white_card (card_set_id, white_card_id) values (200000, 200015);
insert into white_cards (id, text, watermark) values (200016, 'A powerful philosopher named Brainhead', 'test');
insert into card_set_white_card (card_set_id, white_card_id) values (200000, 200016);
insert into white_cards (id, text, watermark) values (200017, 'A big hole', 'test');
insert into card_set_white_card (card_set_id, white_card_id) values (200000, 200017);
insert into white_cards (id, text, watermark) values (200018, 'Kanye West but if he were an old Japanese farmer', 'test');
insert into card_set_white_card (card_set_id, white_card_id) values (200000, 200018);
insert into white_cards (id, text, watermark) values (200019, 'Your little booty in them underpants', 'test');
insert into card_set_white_card (card_set_id, white_card_id) values (200000, 200019);
insert into white_cards (id, text, watermark) values (200020, 'Reparations for slavery', 'test');
insert into card_set_white_card (card_set_id, white_card_id) values (200000, 200020);
insert into white_cards (id, text, watermark) values (200021, 'Death', 'test');
insert into card_set_white_card (card_set_id, white_card_id) values (200000, 200021);
insert into white_cards (id, text, watermark) values (200022, 'Beef', 'test');
insert into card_set_white_card (card_set_id, white_card_id) values (200000, 200022);
insert into white_cards (id, text, watermark) values (200023, 'All manner of horrors', 'test');
insert into card_set_white_card (card_set_id, white_card_id) values (200000, 200023);
insert into white_cards (id, text, watermark) values (200024, 'Nonsexual activities, such as roller skating', 'test');
insert into card_set_white_card (card_set_id, white_card_id) values (200000, 200024);
insert into white_cards (id, text, watermark) values (200025, 'A big, big, big, and I mean BIG big', 'test');
insert into card_set_white_card (card_set_id, white_card_id) values (200000, 200025);
insert into white_cards (id, text, watermark) values (200026, 'A concerning amount of white people', 'test');
insert into card_set_white_card (card_set_id, white_card_id) values (200000, 200026);
insert into white_cards (id, text, watermark) values (200027, 'Tiny, sour kisses from a lemon dwarf', 'test');
insert into card_set_white_card (card_set_id, white_card_id) values (200000, 200027);
insert into white_cards (id, text, watermark) values (200028, 'A big, sloppy blowjob from a mean, tired cowboy', 'test');
insert into card_set_white_card (card_set_id, white_card_id) values (200000, 200028);
insert into white_cards (id, text, watermark) values (200029, 'Pulling the butt cheeks apart so the fart comes out quieter', 'test');
insert into card_set_white_card (card_set_id, white_card_id) values (200000, 200029);
insert into white_cards (id, text, watermark) values (200030, 'Being shitty to everyone and late for everything', 'test');
insert into card_set_white_card (card_set_id, white_card_id) values (200000, 200030);
insert into white_cards (id, text, watermark) values (200031, 'Acting white', 'test');
insert into card_set_white_card (card_set_id, white_card_id) values (200000, 200031);
insert into white_cards (id, text, watermark) values (200032, 'Setting boundaries with co-workers', 'test');
insert into card_set_white_card (card_set_id, white_card_id) values (200000, 200032);
insert into white_cards (id, text, watermark) values (200033, 'Throwing a man by his big penis', 'test');
insert into card_set_white_card (card_set_id, white_card_id) values (200000, 200033);
insert into white_cards (id, text, watermark) values (200034, 'Substituting sweet potato fries for $2', 'test');
insert into card_set_white_card (card_set_id, white_card_id) values (200000, 200034);
insert into white_cards (id, text, watermark) values (200035, 'My secret butt', 'test');
insert into card_set_white_card (card_set_id, white_card_id) values (200000, 200035);
insert into white_cards (id, text, watermark) values (200036, 'The Moon', 'test');
insert into card_set_white_card (card_set_id, white_card_id) values (200000, 200036);
insert into white_cards (id, text, watermark) values (200037, 'Getting tanned, jacked, and juicy', 'test');
insert into card_set_white_card (card_set_id, white_card_id) values (200000, 200037);
insert into white_cards (id, text, watermark) values (200038, 'The Asshole Destroyer 3000', 'test');
insert into card_set_white_card (card_set_id, white_card_id) values (200000, 200038);
insert into white_cards (id, text, watermark) values (200039, 'Good, clean Christian comedy', 'test');
insert into card_set_white_card (card_set_id, white_card_id) values (200000, 200039);
insert into white_cards (id, text, watermark) values (200040, 'Curly fries so good you quit ISIS', 'test');
insert into card_set_white_card (card_set_id, white_card_id) values (200000, 200040);
insert into white_cards (id, text, watermark) values (200041, 'A button that when you press it, there''s jazz', 'test');
insert into card_set_white_card (card_set_id, white_card_id) values (200000, 200041);
insert into white_cards (id, text, watermark) values (200042, 'Sticking my hard rat dick in my girlfriend''s wet rat pussy', 'test');
insert into card_set_white_card (card_set_id, white_card_id) values (200000, 200042);
insert into white_cards (id, text, watermark) values (200043, 'Thrusting and grunting', 'test');
insert into card_set_white_card (card_set_id, white_card_id) values (200000, 200043);
insert into white_cards (id, text, watermark) values (200044, 'Canada''s worst mangoes', 'test');
insert into card_set_white_card (card_set_id, white_card_id) values (200000, 200044);
insert into white_cards (id, text, watermark) values (200045, 'Three men and three hot dogs', 'test');
insert into card_set_white_card (card_set_id, white_card_id) values (200000, 200045);
insert into white_cards (id, text, watermark) values (200046, 'Crunchy snacks for my big, flappy mouth', 'test');
insert into card_set_white_card (card_set_id, white_card_id) values (200000, 200046);
insert into white_cards (id, text, watermark) values (200047, 'Going "oink oink" like a nasty little pig boy', 'test');
insert into card_set_white_card (card_set_id, white_card_id) values (200000, 200047);
insert into white_cards (id, text, watermark) values (200048, 'Yo stanky ass', 'test');
insert into card_set_white_card (card_set_id, white_card_id) values (200000, 200048);
insert into white_cards (id, text, watermark) values (200049, 'Interrupting women', 'test');
insert into card_set_white_card (card_set_id, white_card_id) values (200000, 200049);
insert into white_cards (id, text, watermark) values (200050, 'Denying climate change', 'test');
insert into card_set_white_card (card_set_id, white_card_id) values (200000, 200050);
insert into white_cards (id, text, watermark) values (200051, 'Blowing into the penis so that the balls inflate', 'test');
insert into card_set_white_card (card_set_id, white_card_id) values (200000, 200051);
insert into white_cards (id, text, watermark) values (200052, 'Having a wonderful time at the zoo', 'test');
insert into card_set_white_card (card_set_id, white_card_id) values (200000, 200052);
insert into white_cards (id, text, watermark) values (200053, 'Panic and confusion', 'test');
insert into card_set_white_card (card_set_id, white_card_id) values (200000, 200053);
insert into white_cards (id, text, watermark) values (200054, 'A crab rangoon', 'test');
insert into card_set_white_card (card_set_id, white_card_id) values (200000, 200054);
insert into white_cards (id, text, watermark) values (200055, 'A garbage clown who makes no one laugh and should die', 'test');
insert into card_set_white_card (card_set_id, white_card_id) values (200000, 200055);
insert into white_cards (id, text, watermark) values (200056, 'My real dad', 'test');
insert into card_set_white_card (card_set_id, white_card_id) values (200000, 200056);
insert into white_cards (id, text, watermark) values (200057, 'Being inside me', 'test');
insert into card_set_white_card (card_set_id, white_card_id) values (200000, 200057);
insert into white_cards (id, text, watermark) values (200058, 'The beautiful backpacks of JanSport', 'test');
insert into card_set_white_card (card_set_id, white_card_id) values (200000, 200058);
insert into white_cards (id, text, watermark) values (200059, 'Some cracker-ass motherfucker', 'test');
insert into card_set_white_card (card_set_id, white_card_id) values (200000, 200059);
insert into white_cards (id, text, watermark) values (200060, 'Eating pussy bad', 'test');
insert into card_set_white_card (card_set_id, white_card_id) values (200000, 200060);
insert into white_cards (id, text, watermark) values (200061, 'Shit', 'test');
insert into card_set_white_card (card_set_id, white_card_id) values (200000, 200061);
insert into white_cards (id, text, watermark) values (200062, 'Corn', 'test');
insert into card_set_white_card (card_set_id, white_card_id) values (200000, 200062);
insert into white_cards (id, text, watermark) values (200063, 'The NRA', 'test');
insert into card_set_white_card (card_set_id, white_card_id) values (200000, 200063);
insert into white_cards (id, text, watermark) values (200064, 'Deja Vu', 'test');
insert into card_set_white_card (card_set_id, white_card_id) values (200000, 200064);
insert into white_cards (id, text, watermark) values (200065, 'None of your damn business', 'test');
insert into card_set_white_card (card_set_id, white_card_id) values (200000, 200065);
insert into white_cards (id, text, watermark) values (200066, 'Hunting white men for sport', 'test');
insert into card_set_white_card (card_set_id, white_card_id) values (200000, 200066);
insert into white_cards (id, text, watermark) values (200067, 'Pushing my boob up to lick the nipple', 'test');
insert into card_set_white_card (card_set_id, white_card_id) values (200000, 200067);
insert into white_cards (id, text, watermark) values (200068, 'Deja Vu', 'test');
insert into card_set_white_card (card_set_id, white_card_id) values (200000, 200068);
insert into white_cards (id, text, watermark) values (200069, 'The boy who sucks the farts out of my sweatpants', 'test');
insert into card_set_white_card (card_set_id, white_card_id) values (200000, 200069);
insert into white_cards (id, text, watermark) values (200070, 'A hamburger on a string that keeps getting pulled away', 'test');
insert into card_set_white_card (card_set_id, white_card_id) values (200000, 200070);
insert into white_cards (id, text, watermark) values (200071, 'A hateful 30-year marriage', 'test');
insert into card_set_white_card (card_set_id, white_card_id) values (200000, 200071);
insert into white_cards (id, text, watermark) values (200072, 'A poop emergency', 'test');
insert into card_set_white_card (card_set_id, white_card_id) values (200000, 200072);
insert into white_cards (id, text, watermark) values (200073, 'Hush money', 'test');
insert into card_set_white_card (card_set_id, white_card_id) values (200000, 200073);
insert into white_cards (id, text, watermark) values (200074, 'Fat', 'test');
insert into card_set_white_card (card_set_id, white_card_id) values (200000, 200074);
insert into white_cards (id, text, watermark) values (200075, 'Sewing two hamsters together to make a Double Hamster Supreme', 'test');
insert into card_set_white_card (card_set_id, white_card_id) values (200000, 200075);
insert into white_cards (id, text, watermark) values (200076, 'A little girl with a knife', 'test');
insert into card_set_white_card (card_set_id, white_card_id) values (200000, 200076);
insert into white_cards (id, text, watermark) values (200077, 'Travolta', 'test');
insert into card_set_white_card (card_set_id, white_card_id) values (200000, 200077);
insert into white_cards (id, text, watermark) values (200078, 'The harsh reality that all horses are people in hose costumes', 'test');
insert into card_set_white_card (card_set_id, white_card_id) values (200000, 200078);
insert into white_cards (id, text, watermark) values (200079, 'Huffing and puffing and blowing my stepdad', 'test');
insert into card_set_white_card (card_set_id, white_card_id) values (200000, 200079);
insert into white_cards (id, text, watermark) values (200080, 'A bird that dies', 'test');
insert into card_set_white_card (card_set_id, white_card_id) values (200000, 200080);
insert into white_cards (id, text, watermark) values (200081, 'A whole different way of talking called Spanish', 'test');
insert into card_set_white_card (card_set_id, white_card_id) values (200000, 200081);
insert into white_cards (id, text, watermark) values (200082, 'Hiking up a hillside covered in bear semen yelling "I''m the queen of the forest!"', 'test');
insert into card_set_white_card (card_set_id, white_card_id) values (200000, 200082);
insert into white_cards (id, text, watermark) values (200083, 'Taking a dump', 'test');
insert into card_set_white_card (card_set_id, white_card_id) values (200000, 200083);
insert into white_cards (id, text, watermark) values (200084, 'Carbs', 'test');
insert into card_set_white_card (card_set_id, white_card_id) values (200000, 200084);
insert into white_cards (id, text, watermark) values (200085, 'Elon Musk', 'test');
insert into card_set_white_card (card_set_id, white_card_id) values (200000, 200085);
insert into white_cards (id, text, watermark) values (200086, 'Rubbing my clit with a handgun', 'test');
insert into card_set_white_card (card_set_id, white_card_id) values (200000, 200086);
insert into white_cards (id, text, watermark) values (200087, 'Being hunted by giant eagles', 'test');
insert into card_set_white_card (card_set_id, white_card_id) values (200000, 200087);
insert into white_cards (id, text, watermark) values (200088, 'The kind of porn with poop', 'test');
insert into card_set_white_card (card_set_id, white_card_id) values (200000, 200088);
insert into white_cards (id, text, watermark) values (200089, 'Korean barbecue', 'test');
insert into card_set_white_card (card_set_id, white_card_id) values (200000, 200089);
insert into white_cards (id, text, watermark) values (200090, 'A family of raccoons', 'test');
insert into card_set_white_card (card_set_id, white_card_id) values (200000, 200090);
insert into white_cards (id, text, watermark) values (200091, 'The fact that time is moving backwards right now and nobody''s noticing', 'test');
insert into card_set_white_card (card_set_id, white_card_id) values (200000, 200091);
insert into white_cards (id, text, watermark) values (200092, 'The pelican that will one day eat Scarlett Johansson''s baby', 'test');
insert into card_set_white_card (card_set_id, white_card_id) values (200000, 200092);
insert into white_cards (id, text, watermark) values (200093, 'Jeremy and his stupid, annoying, dumb, hard, beautiful body', 'test');
insert into card_set_white_card (card_set_id, white_card_id) values (200000, 200093);
insert into white_cards (id, text, watermark) values (200094, 'A couple of cold ones', 'test');
insert into card_set_white_card (card_set_id, white_card_id) values (200000, 200094);
insert into white_cards (id, text, watermark) values (200095, 'The coming race war', 'test');
insert into card_set_white_card (card_set_id, white_card_id) values (200000, 200095);
insert into white_cards (id, text, watermark) values (200096, 'Hiding from border patrol', 'test');
insert into card_set_white_card (card_set_id, white_card_id) values (200000, 200096);
insert into white_cards (id, text, watermark) values (200097, 'Prison', 'test');
insert into card_set_white_card (card_set_id, white_card_id) values (200000, 200097);
insert into white_cards (id, text, watermark) values (200098, 'Naked Dad', 'test');
insert into card_set_white_card (card_set_id, white_card_id) values (200000, 200098);
insert into white_cards (id, text, watermark) values (200099, 'The man in the basement', 'test');
insert into card_set_white_card (card_set_id, white_card_id) values (200000, 200099);
insert into white_cards (id, text, watermark) values (200100, 'A little boy with big dreams and potatoes for hands', 'test');
insert into card_set_white_card (card_set_id, white_card_id) values (200000, 200100);
insert into white_cards (id, text, watermark) values (200101, 'The world''s largest baby, weighing over 700 pounds', 'test');
insert into card_set_white_card (card_set_id, white_card_id) values (200000, 200101);
insert into white_cards (id, text, watermark) values (200102, 'Ejaculating a quart of hollandaise sauce', 'test');
insert into card_set_white_card (card_set_id, white_card_id) values (200000, 200102);
insert into white_cards (id, text, watermark) values (200103, 'The current political climate', 'test');
insert into card_set_white_card (card_set_id, white_card_id) values (200000, 200103);
insert into white_cards (id, text, watermark) values (200104, 'A urinary tract infection', 'test');
insert into card_set_white_card (card_set_id, white_card_id) values (200000, 200104);
insert into white_cards (id, text, watermark) values (200105, 'Just a Luna bar for lunch', 'test');
insert into card_set_white_card (card_set_id, white_card_id) values (200000, 200105);
insert into white_cards (id, text, watermark) values (200106, 'Chowder', 'test');
insert into card_set_white_card (card_set_id, white_card_id) values (200000, 200106);
insert into white_cards (id, text, watermark) values (200107, 'Oral', 'test');
insert into card_set_white_card (card_set_id, white_card_id) values (200000, 200107);
insert into white_cards (id, text, watermark) values (200108, 'Anything Asian', 'test');
insert into card_set_white_card (card_set_id, white_card_id) values (200000, 200108);
insert into white_cards (id, text, watermark) values (200109, 'Little Debbie and her mom, Full-Size Deborah', 'test');
insert into card_set_white_card (card_set_id, white_card_id) values (200000, 200109);
insert into white_cards (id, text, watermark) values (200110, 'The cutest fucking shoes I''ve ever seen', 'test');
insert into card_set_white_card (card_set_id, white_card_id) values (200000, 200110);
insert into white_cards (id, text, watermark) values (200111, 'Shitting perfectly into a hot dog bun', 'test');
insert into card_set_white_card (card_set_id, white_card_id) values (200000, 200111);
insert into white_cards (id, text, watermark) values (200112, 'A 12-foot scepter of bone', 'test');
insert into card_set_white_card (card_set_id, white_card_id) values (200000, 200112);
insert into white_cards (id, text, watermark) values (200113, 'Your mouth', 'test');
insert into card_set_white_card (card_set_id, white_card_id) values (200000, 200113);
insert into white_cards (id, text, watermark) values (200114, 'Poppin'' that pussy', 'test');
insert into card_set_white_card (card_set_id, white_card_id) values (200000, 200114);
insert into white_cards (id, text, watermark) values (200115, 'Enticing a hummingbird to drink nectar out of my urethra', 'test');
insert into card_set_white_card (card_set_id, white_card_id) values (200000, 200115);
insert into white_cards (id, text, watermark) values (200116, 'Getting depressed and super fat', 'test');
insert into card_set_white_card (card_set_id, white_card_id) values (200000, 200116);
insert into white_cards (id, text, watermark) values (200117, 'Making direct eye contact with a horse''s asshole', 'test');
insert into card_set_white_card (card_set_id, white_card_id) values (200000, 200117);
insert into white_cards (id, text, watermark) values (200118, 'Lotion', 'test');
insert into card_set_white_card (card_set_id, white_card_id) values (200000, 200118);
insert into white_cards (id, text, watermark) values (200119, 'Schindler''s List', 'test');
insert into card_set_white_card (card_set_id, white_card_id) values (200000, 200119);
insert into white_cards (id, text, watermark) values (200120, 'Getting banished to the Shadow Realm', 'test');
insert into card_set_white_card (card_set_id, white_card_id) values (200000, 200120);
insert into white_cards (id, text, watermark) values (200121, 'Doing ho shit', 'test');
insert into card_set_white_card (card_set_id, white_card_id) values (200000, 200121);
insert into white_cards (id, text, watermark) values (200122, 'Slowly releasing a huge fart over the course of two minutes', 'test');
insert into card_set_white_card (card_set_id, white_card_id) values (200000, 200122);
insert into white_cards (id, text, watermark) values (200123, 'Netflix', 'test');
insert into card_set_white_card (card_set_id, white_card_id) values (200000, 200123);
insert into white_cards (id, text, watermark) values (200124, 'A stinky hoo-ha', 'test');
insert into card_set_white_card (card_set_id, white_card_id) values (200000, 200124);
insert into white_cards (id, text, watermark) values (200125, 'Getting fisted by a man with no fingers', 'test');
insert into card_set_white_card (card_set_id, white_card_id) values (200000, 200125);
insert into white_cards (id, text, watermark) values (200126, 'Doing it doggy, no kissing', 'test');
insert into card_set_white_card (card_set_id, white_card_id) values (200000, 200126);
insert into white_cards (id, text, watermark) values (200127, 'Acquiring a gun very easily', 'test');
insert into card_set_white_card (card_set_id, white_card_id) values (200000, 200127);
insert into white_cards (id, text, watermark) values (200128, 'Putting dirty dishes in the sink and hoping someone else deals with them', 'test');
insert into card_set_white_card (card_set_id, white_card_id) values (200000, 200128);
insert into white_cards (id, text, watermark) values (200129, 'Having thirty sons named Chad', 'test');
insert into card_set_white_card (card_set_id, white_card_id) values (200000, 200129);
insert into white_cards (id, text, watermark) values (200130, 'Certain things, but not others', 'test');
insert into card_set_white_card (card_set_id, white_card_id) values (200000, 200130);
insert into white_cards (id, text, watermark) values (200131, 'Slaves', 'test');
insert into card_set_white_card (card_set_id, white_card_id) values (200000, 200131);
insert into white_cards (id, text, watermark) values (200132, 'Sucking the caviar straight out of a fish''s pussy', 'test');
insert into card_set_white_card (card_set_id, white_card_id) values (200000, 200132);
insert into white_cards (id, text, watermark) values (200133, 'What looked like a chemical weapons facility but turned out to be a children''s hospital', 'test');
insert into card_set_white_card (card_set_id, white_card_id) values (200000, 200133);
insert into white_cards (id, text, watermark) values (200134, 'Free two-day shipping with Amazon Prime', 'test');
insert into card_set_white_card (card_set_id, white_card_id) values (200000, 200134);
insert into white_cards (id, text, watermark) values (200135, 'Quality, affordable menswear', 'test');
insert into card_set_white_card (card_set_id, white_card_id) values (200000, 200135);
insert into white_cards (id, text, watermark) values (200136, 'Bipolar Disorder', 'test');
insert into card_set_white_card (card_set_id, white_card_id) values (200000, 200136);
insert into white_cards (id, text, watermark) values (200137, 'Doing stuff bad', 'test');
insert into card_set_white_card (card_set_id, white_card_id) values (200000, 200137);
insert into white_cards (id, text, watermark) values (200138, 'Life', 'test');
insert into card_set_white_card (card_set_id, white_card_id) values (200000, 200138);
insert into white_cards (id, text, watermark) values (200139, 'The wonderful giant spoon known as "ladle"', 'test');
insert into card_set_white_card (card_set_id, white_card_id) values (200000, 200139);
insert into white_cards (id, text, watermark) values (200140, 'Thumb, the King of the Fingers', 'test');
insert into card_set_white_card (card_set_id, white_card_id) values (200000, 200140);
insert into white_cards (id, text, watermark) values (200141, 'A big hot fire that''s burning everybody', 'test');
insert into card_set_white_card (card_set_id, white_card_id) values (200000, 200141);
insert into white_cards (id, text, watermark) values (200142, 'Yugurt that moans in pleasure as you eat it', 'test');
insert into card_set_white_card (card_set_id, white_card_id) values (200000, 200142);
insert into white_cards (id, text, watermark) values (200143, 'Not being a part of my son''s life', 'test');
insert into card_set_white_card (card_set_id, white_card_id) values (200000, 200143);
insert into white_cards (id, text, watermark) values (200144, 'Uncut daddy dick', 'test');
insert into card_set_white_card (card_set_id, white_card_id) values (200000, 200144);
insert into white_cards (id, text, watermark) values (200145, 'Thoughts and prayers', 'test');
insert into card_set_white_card (card_set_id, white_card_id) values (200000, 200145);
insert into white_cards (id, text, watermark) values (200146, 'Panda Express', 'test');
insert into card_set_white_card (card_set_id, white_card_id) values (200000, 200146);
insert into white_cards (id, text, watermark) values (200147, 'A real job with insurance and your taxes taken out and everything', 'test');
insert into card_set_white_card (card_set_id, white_card_id) values (200000, 200147);
insert into white_cards (id, text, watermark) values (200148, 'Big beefy baseball boys', 'test');
insert into card_set_white_card (card_set_id, white_card_id) values (200000, 200148);
insert into white_cards (id, text, watermark) values (200149, 'Having no legs, just toes', 'test');
insert into card_set_white_card (card_set_id, white_card_id) values (200000, 200149);
insert into white_cards (id, text, watermark) values (200150, 'Leading children around with a magical flute', 'test');
insert into card_set_white_card (card_set_id, white_card_id) values (200000, 200150);
insert into white_cards (id, text, watermark) values (200151, 'Preparing my asshole for sex', 'test');
insert into card_set_white_card (card_set_id, white_card_id) values (200000, 200151);
insert into white_cards (id, text, watermark) values (200152, 'Fresh Air with Treey Gross', 'test');
insert into card_set_white_card (card_set_id, white_card_id) values (200000, 200152);
insert into white_cards (id, text, watermark) values (200153, 'Licking the toilet as Mistress commands', 'test');
insert into card_set_white_card (card_set_id, white_card_id) values (200000, 200153);
insert into white_cards (id, text, watermark) values (200154, 'Swordplay', 'test');
insert into card_set_white_card (card_set_id, white_card_id) values (200000, 200154);
insert into white_cards (id, text, watermark) values (200155, 'A bear', 'test');
insert into card_set_white_card (card_set_id, white_card_id) values (200000, 200155);
insert into white_cards (id, text, watermark) values (200156, 'Staying hydrated', 'test');
insert into card_set_white_card (card_set_id, white_card_id) values (200000, 200156);
insert into white_cards (id, text, watermark) values (200157, 'Murdering our parents', 'test');
insert into card_set_white_card (card_set_id, white_card_id) values (200000, 200157);
insert into white_cards (id, text, watermark) values (200158, 'Yummy yummy yummy yummy rat pussy', 'test');
insert into card_set_white_card (card_set_id, white_card_id) values (200000, 200158);
insert into white_cards (id, text, watermark) values (200159, 'All types of girls, even ugly ones', 'test');
insert into card_set_white_card (card_set_id, white_card_id) values (200000, 200159);
insert into white_cards (id, text, watermark) values (200160, 'Small plates, or tapas if you will', 'test');
insert into card_set_white_card (card_set_id, white_card_id) values (200000, 200160);
insert into white_cards (id, text, watermark) values (200161, 'Drake', 'test');
insert into card_set_white_card (card_set_id, white_card_id) values (200000, 200161);
insert into white_cards (id, text, watermark) values (200162, 'A racist boomerang that only comes back if you''re white', 'test');
insert into card_set_white_card (card_set_id, white_card_id) values (200000, 200162);
insert into white_cards (id, text, watermark) values (200163, 'Accusing a powerful man of sexual assault', 'test');
insert into card_set_white_card (card_set_id, white_card_id) values (200000, 200163);
insert into white_cards (id, text, watermark) values (200164, 'The pleasure of watching my boys wolf down my pot roast and scamper into the woods', 'test');
insert into card_set_white_card (card_set_id, white_card_id) values (200000, 200164);
insert into white_cards (id, text, watermark) values (200165, 'Suddenly feeling really sad for 40 years', 'test');
insert into card_set_white_card (card_set_id, white_card_id) values (200000, 200165);
insert into white_cards (id, text, watermark) values (200166, 'This kid I found', 'test');
insert into card_set_white_card (card_set_id, white_card_id) values (200000, 200166);
insert into white_cards (id, text, watermark) values (200167, 'Trees with human skin', 'test');
insert into card_set_white_card (card_set_id, white_card_id) values (200000, 200167);
insert into white_cards (id, text, watermark) values (200168, 'Chinese people', 'test');
insert into card_set_white_card (card_set_id, white_card_id) values (200000, 200168);
insert into white_cards (id, text, watermark) values (200169, 'Country music legend Toby Keith', 'test');
insert into card_set_white_card (card_set_id, white_card_id) values (200000, 200169);
insert into white_cards (id, text, watermark) values (200170, 'My wife. (in Borat voice)', 'test');
insert into card_set_white_card (card_set_id, white_card_id) values (200000, 200170);
insert into white_cards (id, text, watermark) values (200171, 'Respecting women', 'test');
insert into card_set_white_card (card_set_id, white_card_id) values (200000, 200171);
insert into white_cards (id, text, watermark) values (200172, 'Pretending golf is fun', 'test');
insert into card_set_white_card (card_set_id, white_card_id) values (200000, 200172);
insert into white_cards (id, text, watermark) values (200173, 'Colluding with Russia', 'test');
insert into card_set_white_card (card_set_id, white_card_id) values (200000, 200173);
insert into white_cards (id, text, watermark) values (200174, 'Nipples the size of CDs', 'test');
insert into card_set_white_card (card_set_id, white_card_id) values (200000, 200174);
insert into white_cards (id, text, watermark) values (200175, 'The worm that ate my penis and is now my penis', 'test');
insert into card_set_white_card (card_set_id, white_card_id) values (200000, 200175);
insert into white_cards (id, text, watermark) values (200176, 'The man who fucks me and my wife', 'test');
insert into card_set_white_card (card_set_id, white_card_id) values (200000, 200176);
insert into white_cards (id, text, watermark) values (200177, 'Representing the entire black community', 'test');
insert into card_set_white_card (card_set_id, white_card_id) values (200000, 200177);
insert into white_cards (id, text, watermark) values (200178, 'Healthcare.gov', 'test');
insert into card_set_white_card (card_set_id, white_card_id) values (200000, 200178);
insert into white_cards (id, text, watermark) values (200179, 'A Pringle', 'test');
insert into card_set_white_card (card_set_id, white_card_id) values (200000, 200179);
insert into white_cards (id, text, watermark) values (200180, 'A piping-hot casserole filled with beans and hair', 'test');
insert into card_set_white_card (card_set_id, white_card_id) values (200000, 200180);
insert into white_cards (id, text, watermark) values (200181, 'A four-hour depression nap', 'test');
insert into card_set_white_card (card_set_id, white_card_id) values (200000, 200181);
insert into white_cards (id, text, watermark) values (200182, 'Funneling money through a series of shell companies', 'test');
insert into card_set_white_card (card_set_id, white_card_id) values (200000, 200182);
insert into white_cards (id, text, watermark) values (200183, 'Being seen reading Infinite Jest', 'test');
insert into card_set_white_card (card_set_id, white_card_id) values (200000, 200183);
insert into white_cards (id, text, watermark) values (200184, 'Melania Trump', 'test');
insert into card_set_white_card (card_set_id, white_card_id) values (200000, 200184);
insert into white_cards (id, text, watermark) values (200185, 'Hard-hitting investigative journalism', 'test');
insert into card_set_white_card (card_set_id, white_card_id) values (200000, 200185);
insert into white_cards (id, text, watermark) values (200186, 'Women in positions of power', 'test');
insert into card_set_white_card (card_set_id, white_card_id) values (200000, 200186);
insert into white_cards (id, text, watermark) values (200187, 'My buddy Jeff', 'test');
insert into card_set_white_card (card_set_id, white_card_id) values (200000, 200187);
insert into white_cards (id, text, watermark) values (200188, 'Fingering each other''s buttholes', 'test');
insert into card_set_white_card (card_set_id, white_card_id) values (200000, 200188);
insert into white_cards (id, text, watermark) values (200189, 'My daughter fucking my boyfriend', 'test');
insert into card_set_white_card (card_set_id, white_card_id) values (200000, 200189);
insert into white_cards (id, text, watermark) values (200190, 'Outdated gender norms', 'test');
insert into card_set_white_card (card_set_id, white_card_id) values (200000, 200190);
insert into white_cards (id, text, watermark) values (200191, 'The King of the Jews', 'test');
insert into card_set_white_card (card_set_id, white_card_id) values (200000, 200191);
insert into white_cards (id, text, watermark) values (200192, 'The incredible Gary, he''ll suck your nipples', 'test');
insert into card_set_white_card (card_set_id, white_card_id) values (200000, 200192);
insert into white_cards (id, text, watermark) values (200193, 'Getting Mommy another beer', 'test');
insert into card_set_white_card (card_set_id, white_card_id) values (200000, 200193);
insert into white_cards (id, text, watermark) values (200194, 'New DNA evidence exonerating OJ Simpson', 'test');
insert into card_set_white_card (card_set_id, white_card_id) values (200000, 200194);
insert into white_cards (id, text, watermark) values (200195, 'An ass like a bag of pool balls', 'test');
insert into card_set_white_card (card_set_id, white_card_id) values (200000, 200195);
insert into white_cards (id, text, watermark) values (200196, 'Clippy from Microsoft Office', 'test');
insert into card_set_white_card (card_set_id, white_card_id) values (200000, 200196);
insert into white_cards (id, text, watermark) values (200197, 'Dating a Republican', 'test');
insert into card_set_white_card (card_set_id, white_card_id) values (200000, 200197);
insert into white_cards (id, text, watermark) values (200198, 'A full-on panic attack', 'test');
insert into card_set_white_card (card_set_id, white_card_id) values (200000, 200198);
insert into white_cards (id, text, watermark) values (200199, 'Magic: The Gathering', 'test');
insert into card_set_white_card (card_set_id, white_card_id) values (200000, 200199);
insert into white_cards (id, text, watermark) values (200200, 'A Christmas feast of goose and jellies', 'test');
insert into card_set_white_card (card_set_id, white_card_id) values (200000, 200200);
insert into white_cards (id, text, watermark) values (200201, 'Having tuna sandwiches with my favorite honkies', 'test');
insert into card_set_white_card (card_set_id, white_card_id) values (200000, 200201);
insert into white_cards (id, text, watermark) values (200202, 'A penis that gets too hard and explodes blood', 'test');
insert into card_set_white_card (card_set_id, white_card_id) values (200000, 200202);
insert into white_cards (id, text, watermark) values (200203, 'The Audi Sign-and-Drive Sales Event', 'test');
insert into card_set_white_card (card_set_id, white_card_id) values (200000, 200203);
insert into white_cards (id, text, watermark) values (200204, 'A little sewer girl strangling a pigeon', 'test');
insert into card_set_white_card (card_set_id, white_card_id) values (200000, 200204);
insert into white_cards (id, text, watermark) values (200205, 'Voter suppression', 'test');
insert into card_set_white_card (card_set_id, white_card_id) values (200000, 200205);
insert into white_cards (id, text, watermark) values (200206, 'Loving America', 'test');
insert into card_set_white_card (card_set_id, white_card_id) values (200000, 200206);
insert into white_cards (id, text, watermark) values (200207, 'Letting that pussy breathe', 'test');
insert into card_set_white_card (card_set_id, white_card_id) values (200000, 200207);
insert into white_cards (id, text, watermark) values (200208, 'Big Italian women making the spicy sauce', 'test');
insert into card_set_white_card (card_set_id, white_card_id) values (200000, 200208);
insert into white_cards (id, text, watermark) values (200209, 'Joyless, wooden Soviet toys', 'test');
insert into card_set_white_card (card_set_id, white_card_id) values (200000, 200209);
insert into white_cards (id, text, watermark) values (200210, 'Getting #MeToo''d', 'test');
insert into card_set_white_card (card_set_id, white_card_id) values (200000, 200210);
insert into white_cards (id, text, watermark) values (200211, 'The persecution of Buddhists by the government of South Vietnam', 'test');
insert into card_set_white_card (card_set_id, white_card_id) values (200000, 200211);
insert into white_cards (id, text, watermark) values (200212, 'The express written consent of the National Basketball Association', 'test');
insert into card_set_white_card (card_set_id, white_card_id) values (200000, 200212);
insert into white_cards (id, text, watermark) values (200213, 'Maybe getting a little involved in selling heroin sometimes', 'test');
insert into card_set_white_card (card_set_id, white_card_id) values (200000, 200213);
insert into white_cards (id, text, watermark) values (200214, 'Stapling a butterfly to a cow', 'test');
insert into card_set_white_card (card_set_id, white_card_id) values (200000, 200214);
insert into white_cards (id, text, watermark) values (200215, 'An ambitious woman who wears pants', 'test');
insert into card_set_white_card (card_set_id, white_card_id) values (200000, 200215);
insert into white_cards (id, text, watermark) values (200216, 'A little taste of penis', 'test');
insert into card_set_white_card (card_set_id, white_card_id) values (200000, 200216);
insert into white_cards (id, text, watermark) values (200217, 'Cultural appropriation', 'test');
insert into card_set_white_card (card_set_id, white_card_id) values (200000, 200217);
insert into white_cards (id, text, watermark) values (200218, 'How quiet the forest is', 'test');
insert into card_set_white_card (card_set_id, white_card_id) values (200000, 200218);
insert into white_cards (id, text, watermark) values (200219, 'A magician fucking up over and over again', 'test');
insert into card_set_white_card (card_set_id, white_card_id) values (200000, 200219);
insert into white_cards (id, text, watermark) values (200220, 'Letting this loser eat me out', 'test');
insert into card_set_white_card (card_set_id, white_card_id) values (200000, 200220);
insert into white_cards (id, text, watermark) values (200221, 'A vagina that beatboxes when it''s horny', 'test');
insert into card_set_white_card (card_set_id, white_card_id) values (200000, 200221);
insert into white_cards (id, text, watermark) values (200222, 'A bold red lip', 'test');
insert into card_set_white_card (card_set_id, white_card_id) values (200000, 200222);
insert into white_cards (id, text, watermark) values (200223, 'This boring-ass white bitch from work', 'test');
insert into card_set_white_card (card_set_id, white_card_id) values (200000, 200223);
insert into white_cards (id, text, watermark) values (200224, 'An 800-foot-long pool noodle', 'test');
insert into card_set_white_card (card_set_id, white_card_id) values (200000, 200224);
insert into white_cards (id, text, watermark) values (200225, 'How many bagels I can fit on my penis', 'test');
insert into card_set_white_card (card_set_id, white_card_id) values (200000, 200225);
insert into white_cards (id, text, watermark) values (200226, 'The awesome power of the Lord', 'test');
insert into card_set_white_card (card_set_id, white_card_id) values (200000, 200226);
insert into white_cards (id, text, watermark) values (200227, 'Owing a lot of money to some very bad people', 'test');
insert into card_set_white_card (card_set_id, white_card_id) values (200000, 200227);
insert into white_cards (id, text, watermark) values (200228, 'Violating the Geneva Convention', 'test');
insert into card_set_white_card (card_set_id, white_card_id) values (200000, 200228);
insert into white_cards (id, text, watermark) values (200229, 'Assembling IKEA furniture', 'test');
insert into card_set_white_card (card_set_id, white_card_id) values (200000, 200229);
insert into white_cards (id, text, watermark) values (200230, 'Mark Zuckerberg', 'test');
insert into card_set_white_card (card_set_id, white_card_id) values (200000, 200230);
insert into white_cards (id, text, watermark) values (200231, 'Voldemort', 'test');
insert into card_set_white_card (card_set_id, white_card_id) values (200000, 200231);
insert into white_cards (id, text, watermark) values (200232, 'Carlos Santana''s horrible wailing guitar', 'test');
insert into card_set_white_card (card_set_id, white_card_id) values (200000, 200232);
insert into white_cards (id, text, watermark) values (200233, 'An elite squad known as the Special Victims Unit', 'test');
insert into card_set_white_card (card_set_id, white_card_id) values (200000, 200233);
insert into white_cards (id, text, watermark) values (200234, 'Foul vegan shits', 'test');
insert into card_set_white_card (card_set_id, white_card_id) values (200000, 200234);
insert into white_cards (id, text, watermark) values (200235, 'Blue smoke coming out of my anus', 'test');
insert into card_set_white_card (card_set_id, white_card_id) values (200000, 200235);
insert into white_cards (id, text, watermark) values (200236, 'My son''s dipshit friends', 'test');
insert into card_set_white_card (card_set_id, white_card_id) values (200000, 200236);
insert into white_cards (id, text, watermark) values (200237, 'Square dancing with other racists', 'test');
insert into card_set_white_card (card_set_id, white_card_id) values (200000, 200237);
insert into white_cards (id, text, watermark) values (200238, 'These breasts of mine', 'test');
insert into card_set_white_card (card_set_id, white_card_id) values (200000, 200238);
insert into white_cards (id, text, watermark) values (200239, 'The little-known fact that Polish people don''t dream', 'test');
insert into card_set_white_card (card_set_id, white_card_id) values (200000, 200239);
insert into white_cards (id, text, watermark) values (200240, 'All my dead sisters', 'test');
insert into card_set_white_card (card_set_id, white_card_id) values (200000, 200240);
insert into white_cards (id, text, watermark) values (200241, 'Jormungandr the World Serpent', 'test');
insert into card_set_white_card (card_set_id, white_card_id) values (200000, 200241);
insert into white_cards (id, text, watermark) values (200242, 'The South rising again', 'test');
insert into card_set_white_card (card_set_id, white_card_id) values (200000, 200242);
insert into white_cards (id, text, watermark) values (200243, 'Fascism', 'test');
insert into card_set_white_card (card_set_id, white_card_id) values (200000, 200243);
insert into white_cards (id, text, watermark) values (200244, 'Leading a country to war on false pretenses', 'test');
insert into card_set_white_card (card_set_id, white_card_id) values (200000, 200244);
insert into white_cards (id, text, watermark) values (200245, 'The end of all life on Earth', 'test');
insert into card_set_white_card (card_set_id, white_card_id) values (200000, 200245);
insert into white_cards (id, text, watermark) values (200246, 'Getting half-hard and trying to smoosh it in', 'test');
insert into card_set_white_card (card_set_id, white_card_id) values (200000, 200246);
insert into white_cards (id, text, watermark) values (200247, 'A Puerto Rican minotaur from the Bronx', 'test');
insert into card_set_white_card (card_set_id, white_card_id) values (200000, 200247);
insert into white_cards (id, text, watermark) values (200248, 'My math teacher''s bulge', 'test');
insert into card_set_white_card (card_set_id, white_card_id) values (200000, 200248);
insert into white_cards (id, text, watermark) values (200249, 'Sluts, whores, and bitches', 'test');
insert into card_set_white_card (card_set_id, white_card_id) values (200000, 200249);
insert into white_cards (id, text, watermark) values (200250, 'Politics', 'test');
insert into card_set_white_card (card_set_id, white_card_id) values (200000, 200250);
insert into white_cards (id, text, watermark) values (200251, 'Tar', 'test');
insert into card_set_white_card (card_set_id, white_card_id) values (200000, 200251);
insert into white_cards (id, text, watermark) values (200252, 'A toothless woman gumming on a peach', 'test');
insert into card_set_white_card (card_set_id, white_card_id) values (200000, 200252);
insert into white_cards (id, text, watermark) values (200253, 'Pulling a sick, shit-covered raccoon out of the toilet and nursing it back to health', 'test');
insert into card_set_white_card (card_set_id, white_card_id) values (200000, 200253);
insert into white_cards (id, text, watermark) values (200254, 'Twirling a cane, popping it into my anus, and giving a tip of the top hat', 'test');
insert into card_set_white_card (card_set_id, white_card_id) values (200000, 200254);

insert into black_cards (id, text, draw, pick, watermark) values (200000, 'Why my mustache smell so bad?', '0', '1', 'test');
insert into card_set_black_card (card_set_id, black_card_id) values (200000, 200000);
insert into black_cards (id, text, draw, pick, watermark) values (200001, 'Yea that''s so hot. I''m so close. Talk about ____ again! OH I''M CUMMING!', '0', '1', 'test');
insert into card_set_black_card (card_set_id, black_card_id) values (200000, 200001);
insert into black_cards (id, text, draw, pick, watermark) values (200002, 'Seriously guys, there''s nothing funny about ____.', '0', '1', 'test');
insert into card_set_black_card (card_set_id, black_card_id) values (200000, 200002);
insert into black_cards (id, text, draw, pick, watermark) values (200003, 'One, two, three and to the four, Snoop Doggy Dogg and Dr. Dre is ____.', '0', '1', 'test');
insert into card_set_black_card (card_set_id, black_card_id) values (200000, 200003);
insert into black_cards (id, text, draw, pick, watermark) values (200004, 'What''s hot, smelly, and about to die?', '0', '1', 'test');
insert into card_set_black_card (card_set_id, black_card_id) values (200000, 200004);
insert into black_cards (id, text, draw, pick, watermark) values (200005, 'The sequel is here! Get ready for ____ 2: ____.', '0', '2', 'test');
insert into card_set_black_card (card_set_id, black_card_id) values (200000, 200005);
insert into black_cards (id, text, draw, pick, watermark) values (200006, 'What has my life become? I''m jerking off to a video called "co-ed absolutely destroyed by ____."', '0', '1', 'test');
insert into card_set_black_card (card_set_id, black_card_id) values (200000, 200006);
insert into black_cards (id, text, draw, pick, watermark) values (200007, 'I swear to God I''m gonna murder my husband if he doesn''t shut the fuck up about ____.', '0', '1', 'test');
insert into card_set_black_card (card_set_id, black_card_id) values (200000, 200007);
insert into black_cards (id, text, draw, pick, watermark) values (200008, 'You city folk would never understand the quiet dignity of ____.', '0', '1', 'test');
insert into card_set_black_card (card_set_id, black_card_id) values (200000, 200008);
insert into black_cards (id, text, draw, pick, watermark) values (200009, 'Oh, the weather outside is frightful. But ____ is so delightful.', '0', '1', 'test');
insert into card_set_black_card (card_set_id, black_card_id) values (200000, 200009);
insert into black_cards (id, text, draw, pick, watermark) values (200010, 'Goodbye ____, hello ____!', '0', '2', 'test');
insert into card_set_black_card (card_set_id, black_card_id) values (200000, 200010);
insert into black_cards (id, text, draw, pick, watermark) values (200011, 'It''s late at night. You''re in bed with your lover, Patrick Stewart. He leans over with a twinkle in his eye and asks "How about ____?"', '0', '1', 'test');
insert into card_set_black_card (card_set_id, black_card_id) values (200000, 200011);
insert into black_cards (id, text, draw, pick, watermark) values (200012, 'What''s up, YouTube? User DanTheMan wanted to see ____, so here we go.', '0', '1', 'test');
insert into card_set_black_card (card_set_id, black_card_id) values (200000, 200012);
insert into black_cards (id, text, draw, pick, watermark) values (200013, 'I so drunk I ____.', '0', '1', 'test');
insert into card_set_black_card (card_set_id, black_card_id) values (200000, 200013);
insert into black_cards (id, text, draw, pick, watermark) values (200014, 'It''s finally happening! I''m finally doing it! Yes! It''s time for ____!', '0', '1', 'test');
insert into card_set_black_card (card_set_id, black_card_id) values (200000, 200014);
insert into black_cards (id, text, draw, pick, watermark) values (200015, 'Sweetheart, you and your sister excel in different ways. She''s got her violin, and you''ve got ____.', '0', '1', 'test');
insert into card_set_black_card (card_set_id, black_card_id) values (200000, 200015);
insert into black_cards (id, text, draw, pick, watermark) values (200016, 'Duuuuuuude. You have got to go to space. ____ is awesome in space.', '0', '1', 'test');
insert into card_set_black_card (card_set_id, black_card_id) values (200000, 200016);
insert into black_cards (id, text, draw, pick, watermark) values (200017, 'Why did the chicken cross the road?', '0', '1', 'test');
insert into card_set_black_card (card_set_id, black_card_id) values (200000, 200017);
insert into black_cards (id, text, draw, pick, watermark) values (200018, 'Say it loud! I''m ____ and I''m proud!', '0', '1', 'test');
insert into card_set_black_card (card_set_id, black_card_id) values (200000, 200018);
insert into black_cards (id, text, draw, pick, watermark) values (200019, 'Oh you haaaaaaave to see this new documentary on Netflix. I don''t want to give anything away, but let''s just say it will change the way you look at ____.', '0', '1', 'test');
insert into card_set_black_card (card_set_id, black_card_id) values (200000, 200019);
insert into black_cards (id, text, draw, pick, watermark) values (200020, 'Ladies and gentlemen, I propose a two-pronged plan. The first prong will be ____, and the second prong will be ____.', '0', '2', 'test');
insert into card_set_black_card (card_set_id, black_card_id) values (200000, 200020);
insert into black_cards (id, text, draw, pick, watermark) values (200021, 'I have solved politics. My solution is ____.', '0', '1', 'test');
insert into card_set_black_card (card_set_id, black_card_id) values (200000, 200021);
insert into black_cards (id, text, draw, pick, watermark) values (200022, 'In Radiohead''s new single, Thom Yorke repeats the phrase "____" dozens of times over a skittering drum beat.', '0', '1', 'test');
insert into card_set_black_card (card_set_id, black_card_id) values (200000, 200022);
insert into black_cards (id, text, draw, pick, watermark) values (200023, 'Oh no! Here it comes! Ohhhhh god! It''s ____!', '0', '1', 'test');
insert into card_set_black_card (card_set_id, black_card_id) values (200000, 200023);
insert into black_cards (id, text, draw, pick, watermark) values (200024, 'You can call me David Copperfield, because I''m about to make ____ disappear.', '0', '1', 'test');
insert into card_set_black_card (card_set_id, black_card_id) values (200000, 200024);
insert into black_cards (id, text, draw, pick, watermark) values (200025, 'Personal foul: ____. 15-yard penalty. Automatic first down.', '0', '1', 'test');
insert into card_set_black_card (card_set_id, black_card_id) values (200000, 200025);
insert into black_cards (id, text, draw, pick, watermark) values (200026, 'That''s bullshit! They can''t fire me for ____!', '0', '1', 'test');
insert into card_set_black_card (card_set_id, black_card_id) values (200000, 200026);
insert into black_cards (id, text, draw, pick, watermark) values (200027, 'Millions of copies sold! Donald Trump''s "The Art of ____"', '0', '1', 'test');
insert into card_set_black_card (card_set_id, black_card_id) values (200000, 200027);
insert into black_cards (id, text, draw, pick, watermark) values (200028, 'Ain''t it nifty? Barb and Bob hit 50! So get off your ass and raise a glass to 50 years of ____.', '0', '1', 'test');
insert into card_set_black_card (card_set_id, black_card_id) values (200000, 200028);
insert into black_cards (id, text, draw, pick, watermark) values (200029, 'Times have changed, girlfriend. If you want to meet people in New York, you got to be down for ____.', '0', '1', 'test');
insert into card_set_black_card (card_set_id, black_card_id) values (200000, 200029);
insert into black_cards (id, text, draw, pick, watermark) values (200030, 'What sounds great after four margaritas?', '0', '1', 'test');
insert into card_set_black_card (card_set_id, black_card_id) values (200000, 200030);
insert into black_cards (id, text, draw, pick, watermark) values (200031, 'Rub a dub dub, ____ in a tub!', '0', '1', 'test');
insert into card_set_black_card (card_set_id, black_card_id) values (200000, 200031);
insert into black_cards (id, text, draw, pick, watermark) values (200032, 'What''s secretly a Russian plot to destabilize the West?', '0', '1', 'test');
insert into card_set_black_card (card_set_id, black_card_id) values (200000, 200032);
insert into black_cards (id, text, draw, pick, watermark) values (200033, 'I hate this job. I hate this place. Most of all, I hate ____. I quit.', '0', '1', 'test');
insert into card_set_black_card (card_set_id, black_card_id) values (200000, 200033);
insert into black_cards (id, text, draw, pick, watermark) values (200034, 'For hunting in the King''s forest, I hereby sentence you to death by ____.', '0', '1', 'test');
insert into card_set_black_card (card_set_id, black_card_id) values (200000, 200034);
insert into black_cards (id, text, draw, pick, watermark) values (200035, 'Unfortunately, no one can be told what ____ is. You have to experience it for yourself.', '0', '1', 'test');
insert into card_set_black_card (card_set_id, black_card_id) values (200000, 200035);
insert into black_cards (id, text, draw, pick, watermark) values (200036, 'It''s the 21st century. A woman shouldn''t have to apologize for ____.', '0', '1', 'test');
insert into card_set_black_card (card_set_id, black_card_id) values (200000, 200036);
insert into black_cards (id, text, draw, pick, watermark) values (200037, 'Live from Universal Studios, it''s America''s favorite game show! "____ or ____?"', '0', '2', 'test');
insert into card_set_black_card (card_set_id, black_card_id) values (200000, 200037);
insert into black_cards (id, text, draw, pick, watermark) values (200038, 'Give me ten good men and 48 hours. I''ll get you ____.', '0', '1', 'test');
insert into card_set_black_card (card_set_id, black_card_id) values (200000, 200038);
insert into black_cards (id, text, draw, pick, watermark) values (200039, 'Hey, honey. For the bedroom, were you thinking "Robin''s Egg Blue" or "____ Pink?"', '0', '1', 'test');
insert into card_set_black_card (card_set_id, black_card_id) values (200000, 200039);
insert into black_cards (id, text, draw, pick, watermark) values (200040, 'Here''s a little something I learned in business school: The customer is always ____.', '0', '1', 'test');
insert into card_set_black_card (card_set_id, black_card_id) values (200000, 200040);
insert into black_cards (id, text, draw, pick, watermark) values (200041, 'Goldfinger! He''s the man, the man with ____.', '0', '1', 'test');
insert into card_set_black_card (card_set_id, black_card_id) values (200000, 200041);
insert into black_cards (id, text, draw, pick, watermark) values (200042, 'New at TGI Fridays! It''s what you''ve been waiting for: The ____ Burger.', '0', '1', 'test');
insert into card_set_black_card (card_set_id, black_card_id) values (200000, 200042);
insert into black_cards (id, text, draw, pick, watermark) values (200043, 'In bookstores now: "From ____ to ____: A memoir."', '0', '2', 'test');
insert into card_set_black_card (card_set_id, black_card_id) values (200000, 200043);
insert into black_cards (id, text, draw, pick, watermark) values (200044, 'Five, four, three, two, one... ____!', '0', '1', 'test');
insert into card_set_black_card (card_set_id, black_card_id) values (200000, 200044);

COMMIT;
