BEGIN;

delete from card_set_white_card where card_set_id = 138000;
delete from card_set_black_card where card_set_id = 138000;
delete from white_cards where id >= 138000 and id <= 138999;
delete from black_cards where id >= 138000 and id <= 138999;
delete from card_set where id=138000;

insert into card_set (id, active, name, base_deck, description, weight) values (138000, 't', 'Ass Pack', 'f', 'Back it up. Now bring it down. Lower. Down to the floor. Now wiggle it all around. Now get out your wallet and buy the all-new Ass Pack', 999);

insert into white_cards (id, text, watermark) values (138000, 'An ass like two football helmets.', 'ass');
insert into card_set_white_card (card_set_id, white_card_id) values (138000, 138000);
insert into white_cards (id, text, watermark) values (138001, 'An ass like two old Italian faces telling secrets.', 'ass');
insert into card_set_white_card (card_set_id, white_card_id) values (138000, 138001);
insert into white_cards (id, text, watermark) values (138002, 'Bad bitches with fat asses.', 'ass');
insert into card_set_white_card (card_set_id, white_card_id) values (138000, 138002);
insert into white_cards (id, text, watermark) values (138003, 'Being grossly unprepared for this jelly.', 'ass');
insert into card_set_white_card (card_set_id, white_card_id) values (138000, 138003);
insert into white_cards (id, text, watermark) values (138004, 'Blowing a fart hole in my yoga pants.', 'ass');
insert into card_set_white_card (card_set_id, white_card_id) values (138000, 138004);
insert into white_cards (id, text, watermark) values (138005, 'Carrying my poop around in a ziplock bag.', 'ass');
insert into card_set_white_card (card_set_id, white_card_id) values (138000, 138005);
insert into white_cards (id, text, watermark) values (138006, 'Cellulite.', 'ass');
insert into card_set_white_card (card_set_id, white_card_id) values (138000, 138006);
insert into white_cards (id, text, watermark) values (138007, 'Cheesy French anus.', 'ass');
insert into card_set_white_card (card_set_id, white_card_id) values (138000, 138007);
insert into white_cards (id, text, watermark) values (138008, 'Doing my duty to your booty.', 'ass');
insert into card_set_white_card (card_set_id, white_card_id) values (138000, 138008);
insert into white_cards (id, text, watermark) values (138009, 'How good the booty taste.', 'ass');
insert into card_set_white_card (card_set_id, white_card_id) values (138000, 138009);
insert into white_cards (id, text, watermark) values (138010, 'Me arse.', 'ass');
insert into card_set_white_card (card_set_id, white_card_id) values (138000, 138010);
insert into white_cards (id, text, watermark) values (138011, 'My faithful donkey Bathsheba.', 'ass');
insert into card_set_white_card (card_set_id, white_card_id) values (138000, 138011);
insert into white_cards (id, text, watermark) values (138012, 'Pooping and then looking at the poop.', 'ass');
insert into card_set_white_card (card_set_id, white_card_id) values (138000, 138012);
insert into white_cards (id, text, watermark) values (138013, 'Pulling a shit-covered condom of Fentanyl out of a dead Slovenian''s asshole.', 'ass');
insert into card_set_white_card (card_set_id, white_card_id) values (138000, 138013);
insert into white_cards (id, text, watermark) values (138014, 'Rubbing sage all over my butt cancer.', 'ass');
insert into card_set_white_card (card_set_id, white_card_id) values (138000, 138014);
insert into white_cards (id, text, watermark) values (138015, 'Ruining my asshole with superglue.', 'ass');
insert into card_set_white_card (card_set_id, white_card_id) values (138000, 138015);
insert into white_cards (id, text, watermark) values (138016, 'Shitting out a hot stack of pancakes and a pat of butter.', 'ass');
insert into card_set_white_card (card_set_id, white_card_id) values (138000, 138016);
insert into white_cards (id, text, watermark) values (138017, 'Showing everyone my lil'' dumper.', 'ass');
insert into card_set_white_card (card_set_id, white_card_id) values (138000, 138017);
insert into white_cards (id, text, watermark) values (138018, 'Sir Mix-a-lot.', 'ass');
insert into card_set_white_card (card_set_id, white_card_id) values (138000, 138018);
insert into white_cards (id, text, watermark) values (138019, 'Sir Thomas Crapper, inventor of the toilet.', 'ass');
insert into card_set_white_card (card_set_id, white_card_id) values (138000, 138019);
insert into white_cards (id, text, watermark) values (138020, 'Tender anal love.', 'ass');
insert into card_set_white_card (card_set_id, white_card_id) values (138000, 138020);
insert into white_cards (id, text, watermark) values (138021, 'That post-smack jiggle.', 'ass');
insert into card_set_white_card (card_set_id, white_card_id) values (138000, 138021);
insert into white_cards (id, text, watermark) values (138022, 'The sun-ripen asses of Sicily.', 'ass');
insert into card_set_white_card (card_set_id, white_card_id) values (138000, 138022);
insert into white_cards (id, text, watermark) values (138023, 'Thick Ukrainian ass.', 'ass');
insert into card_set_white_card (card_set_id, white_card_id) values (138000, 138023);
insert into white_cards (id, text, watermark) values (138024, 'Tight, red baboon ass.', 'ass');
insert into card_set_white_card (card_set_id, white_card_id) values (138000, 138024);
insert into white_cards (id, text, watermark) values (138025, 'Tracing the furrows of your cellulitic ass like a loving cartographer.', 'ass');
insert into card_set_white_card (card_set_id, white_card_id) values (138000, 138025);
insert into white_cards (id, text, watermark) values (138026, 'Waxing my asshole.', 'ass');
insert into card_set_white_card (card_set_id, white_card_id) values (138000, 138026);
insert into white_cards (id, text, watermark) values (138027, 'Your ass cheeks on my face cheeks.', 'ass');
insert into card_set_white_card (card_set_id, white_card_id) values (138000, 138027);

insert into black_cards (id, text, draw, pick, watermark) values (138000, 'I like ____ and I cannot lie!', '0', '1', 'ass');
insert into card_set_black_card (card_set_id, black_card_id) values (138000, 138000);
insert into black_cards (id, text, draw, pick, watermark) values (138001, 'My anaconda don''t want none unless you got ____, hun.', '0', '1', 'ass');
insert into card_set_black_card (card_set_id, black_card_id) values (138000, 138001);
insert into black_cards (id, text, draw, pick, watermark) values (138002, 'My homeboys tried to warn me, but ____ makes me so horny.', '0', '1', 'ass');
insert into card_set_black_card (card_set_id, black_card_id) values (138000, 138002);

COMMIT;
