BEGIN;

delete from card_set_white_card where card_set_id = 125000;
delete from card_set_black_card where card_set_id = 125000;
delete from white_cards where id >= 125000 and id <= 126420;
delete from black_cards where id >= 125000 and id <= 125999;
delete from card_set where id=125000;

insert into card_set (id, active, name, base_deck, description, weight) values (125000, 't', 'Base Game', 'f', 'All Editions', 1420);

insert into white_cards (id, text, watermark) values (125000, '"Tweeting."', 'base');
insert into card_set_white_card (card_set_id, white_card_id) values (125000, 125000);
insert into white_cards (id, text, watermark) values (125001, '(I am doing Kegels right now.)', 'base');
insert into card_set_white_card (card_set_id, white_card_id) values (125000, 125001);
insert into white_cards (id, text, watermark) values (125002, '10,000 Syrian refugees.', 'base');
insert into card_set_white_card (card_set_id, white_card_id) values (125000, 125002);
insert into white_cards (id, text, watermark) values (125003, '100% Pure New Zealand.', 'base');
insert into card_set_white_card (card_set_id, white_card_id) values (125000, 125003);
insert into white_cards (id, text, watermark) values (125004, '2 Girls 1 Cup.', 'base');
insert into card_set_white_card (card_set_id, white_card_id) values (125000, 125004);
insert into white_cards (id, text, watermark) values (125005, '400 years of colonial atrocities.', 'base');
insert into card_set_white_card (card_set_id, white_card_id) values (125000, 125005);
insert into white_cards (id, text, watermark) values (125006, '50 mg of Zoloft daily.', 'base');
insert into card_set_white_card (card_set_id, white_card_id) values (125000, 125006);
insert into white_cards (id, text, watermark) values (125007, '50,000 volts straight to the nipples.', 'base');
insert into card_set_white_card (card_set_id, white_card_id) values (125000, 125007);
insert into white_cards (id, text, watermark) values (125008, '72 virgins.', 'base');
insert into card_set_white_card (card_set_id, white_card_id) values (125000, 125008);
insert into white_cards (id, text, watermark) values (125009, '8 oz. of sweet Mexican black-tar heroin.', 'base');
insert into card_set_white_card (card_set_id, white_card_id) values (125000, 125009);
insert into white_cards (id, text, watermark) values (125010, 'A bag of magic beans.', 'base');
insert into card_set_white_card (card_set_id, white_card_id) values (125000, 125010);
insert into white_cards (id, text, watermark) values (125011, 'A balanced breakfast.', 'base');
insert into card_set_white_card (card_set_id, white_card_id) values (125000, 125011);
insert into white_cards (id, text, watermark) values (125012, 'A ball of earwax, semen, and toenail clippings.', 'base');
insert into card_set_white_card (card_set_id, white_card_id) values (125000, 125012);
insert into white_cards (id, text, watermark) values (125013, 'A big black dick.', 'base');
insert into card_set_white_card (card_set_id, white_card_id) values (125000, 125013);
insert into white_cards (id, text, watermark) values (125014, 'A big hoopla about nothing.', 'base');
insert into card_set_white_card (card_set_id, white_card_id) values (125000, 125014);
insert into white_cards (id, text, watermark) values (125015, 'A bird that shits human turds.', 'base');
insert into card_set_white_card (card_set_id, white_card_id) values (125000, 125015);
insert into white_cards (id, text, watermark) values (125016, 'A bit of slap and tickle.', 'base');
insert into card_set_white_card (card_set_id, white_card_id) values (125000, 125016);
insert into white_cards (id, text, watermark) values (125017, 'A bitch slap.', 'base');
insert into card_set_white_card (card_set_id, white_card_id) values (125000, 125017);
insert into white_cards (id, text, watermark) values (125018, 'A bleached arsehole.', 'base');
insert into card_set_white_card (card_set_id, white_card_id) values (125000, 125018);
insert into white_cards (id, text, watermark) values (125019, 'A bleached asshole.', 'base');
insert into card_set_white_card (card_set_id, white_card_id) values (125000, 125019);
insert into white_cards (id, text, watermark) values (125020, 'A Bop It™.', 'base');
insert into card_set_white_card (card_set_id, white_card_id) values (125000, 125020);
insert into white_cards (id, text, watermark) values (125021, 'A bowl of mayonnaise and human teeth.', 'base');
insert into card_set_white_card (card_set_id, white_card_id) values (125000, 125021);
insert into white_cards (id, text, watermark) values (125022, 'A brain tumor.', 'base');
insert into card_set_white_card (card_set_id, white_card_id) values (125000, 125022);
insert into white_cards (id, text, watermark) values (125023, 'A brain tumour.', 'base');
insert into card_set_white_card (card_set_id, white_card_id) values (125000, 125023);
insert into white_cards (id, text, watermark) values (125024, 'A bucket of fish heads.', 'base');
insert into card_set_white_card (card_set_id, white_card_id) values (125000, 125024);
insert into white_cards (id, text, watermark) values (125025, 'A can of whoop-ass.', 'base');
insert into card_set_white_card (card_set_id, white_card_id) values (125000, 125025);
insert into white_cards (id, text, watermark) values (125026, 'A caress of the inner thigh.', 'base');
insert into card_set_white_card (card_set_id, white_card_id) values (125000, 125026);
insert into white_cards (id, text, watermark) values (125027, 'A cartoon camel enjoying the smooth, refreshing taste of a cigarette.', 'base');
insert into card_set_white_card (card_set_id, white_card_id) values (125000, 125027);
insert into white_cards (id, text, watermark) values (125028, 'A cat video so cute that your eyes roll back and your spine slides out of your anus.', 'base');
insert into card_set_white_card (card_set_id, white_card_id) values (125000, 125028);
insert into white_cards (id, text, watermark) values (125029, 'A certain je ne sais quoi.', 'base');
insert into card_set_white_card (card_set_id, white_card_id) values (125000, 125029);
insert into white_cards (id, text, watermark) values (125030, 'A Chelsea smile. ', 'base');
insert into card_set_white_card (card_set_id, white_card_id) values (125000, 125030);
insert into white_cards (id, text, watermark) values (125031, 'A Chinese tourist who wants something very badly but cannot communicate it.', 'base');
insert into card_set_white_card (card_set_id, white_card_id) values (125000, 125031);
insert into white_cards (id, text, watermark) values (125032, 'A cis man playing a trans woman.', 'base');
insert into card_set_white_card (card_set_id, white_card_id) values (125000, 125032);
insert into white_cards (id, text, watermark) values (125033, 'A clandestine butt scratch.', 'base');
insert into card_set_white_card (card_set_id, white_card_id) values (125000, 125033);
insert into white_cards (id, text, watermark) values (125034, 'A comprehensive understanding of the Irish backstop.', 'base');
insert into card_set_white_card (card_set_id, white_card_id) values (125000, 125034);
insert into white_cards (id, text, watermark) values (125035, 'A cooler full of organs.', 'base');
insert into card_set_white_card (card_set_id, white_card_id) values (125000, 125035);
insert into white_cards (id, text, watermark) values (125036, 'A cop who is also a dog.', 'base');
insert into card_set_white_card (card_set_id, white_card_id) values (125000, 125036);
insert into white_cards (id, text, watermark) values (125037, 'A crucifixion.', 'base');
insert into card_set_white_card (card_set_id, white_card_id) values (125000, 125037);
insert into white_cards (id, text, watermark) values (125038, 'A cute, fuzzy koala, but it has chlamydia.', 'base');
insert into card_set_white_card (card_set_id, white_card_id) values (125000, 125038);
insert into white_cards (id, text, watermark) values (125039, 'A death ray.', 'base');
insert into card_set_white_card (card_set_id, white_card_id) values (125000, 125039);
insert into white_cards (id, text, watermark) values (125040, 'A decent fucking Internet connection.', 'base');
insert into card_set_white_card (card_set_id, white_card_id) values (125000, 125040);
insert into white_cards (id, text, watermark) values (125041, 'A deep-rooted fear of the working class.', 'base');
insert into card_set_white_card (card_set_id, white_card_id) values (125000, 125041);
insert into white_cards (id, text, watermark) values (125042, 'A defective condom.', 'base');
insert into card_set_white_card (card_set_id, white_card_id) values (125000, 125042);
insert into white_cards (id, text, watermark) values (125043, 'A despondent Maple Leafs fan sitting all alone.', 'base');
insert into card_set_white_card (card_set_id, white_card_id) values (125000, 125043);
insert into white_cards (id, text, watermark) values (125044, 'A didgeridildo.', 'base');
insert into card_set_white_card (card_set_id, white_card_id) values (125000, 125044);
insert into white_cards (id, text, watermark) values (125045, 'A disappointing birthday party.', 'base');
insert into card_set_white_card (card_set_id, white_card_id) values (125000, 125045);
insert into white_cards (id, text, watermark) values (125046, 'A drive-by shooting.', 'base');
insert into card_set_white_card (card_set_id, white_card_id) values (125000, 125046);
insert into white_cards (id, text, watermark) values (125047, 'A fair go.', 'base');
insert into card_set_white_card (card_set_id, white_card_id) values (125000, 125047);
insert into white_cards (id, text, watermark) values (125048, 'A falcon with a cap on its head.', 'base');
insert into card_set_white_card (card_set_id, white_card_id) values (125000, 125048);
insert into white_cards (id, text, watermark) values (125049, 'A fanny fart.', 'base');
insert into card_set_white_card (card_set_id, white_card_id) values (125000, 125049);
insert into white_cards (id, text, watermark) values (125050, 'A fart so powerful that it wakes the giants from their thousand-year slumber.', 'base');
insert into card_set_white_card (card_set_id, white_card_id) values (125000, 125050);
insert into white_cards (id, text, watermark) values (125051, 'A fat bald man from the internet.', 'base');
insert into card_set_white_card (card_set_id, white_card_id) values (125000, 125051);
insert into white_cards (id, text, watermark) values (125052, 'A fetus.', 'base');
insert into card_set_white_card (card_set_id, white_card_id) values (125000, 125052);
insert into white_cards (id, text, watermark) values (125053, 'A five-litre goon bag.', 'base');
insert into card_set_white_card (card_set_id, white_card_id) values (125000, 125053);
insert into white_cards (id, text, watermark) values (125054, 'A Fleshlight.', 'base');
insert into card_set_white_card (card_set_id, white_card_id) values (125000, 125054);
insert into white_cards (id, text, watermark) values (125055, 'A Fleshlight®.', 'base');
insert into card_set_white_card (card_set_id, white_card_id) values (125000, 125055);
insert into white_cards (id, text, watermark) values (125056, 'A foetus.', 'base');
insert into card_set_white_card (card_set_id, white_card_id) values (125000, 125056);
insert into white_cards (id, text, watermark) values (125057, 'A foul mouth.', 'base');
insert into card_set_white_card (card_set_id, white_card_id) values (125000, 125057);
insert into white_cards (id, text, watermark) values (125058, 'A fuck-ton of almonds.', 'base');
insert into card_set_white_card (card_set_id, white_card_id) values (125000, 125058);
insert into white_cards (id, text, watermark) values (125059, 'A fuck-tonne of almonds.', 'base');
insert into card_set_white_card (card_set_id, white_card_id) values (125000, 125059);
insert into white_cards (id, text, watermark) values (125060, 'A gambling problem.', 'base');
insert into card_set_white_card (card_set_id, white_card_id) values (125000, 125060);
insert into white_cards (id, text, watermark) values (125061, 'A gassy antelope.', 'base');
insert into card_set_white_card (card_set_id, white_card_id) values (125000, 125061);
insert into white_cards (id, text, watermark) values (125062, 'A general lack of purpose.', 'base');
insert into card_set_white_card (card_set_id, white_card_id) values (125000, 125062);
insert into white_cards (id, text, watermark) values (125063, 'A gentle caress of the inner thigh.', 'base');
insert into card_set_white_card (card_set_id, white_card_id) values (125000, 125063);
insert into white_cards (id, text, watermark) values (125064, 'A ginger''s freckled ballsack.', 'base');
insert into card_set_white_card (card_set_id, white_card_id) values (125000, 125064);
insert into white_cards (id, text, watermark) values (125065, 'A Ginsters pasty and three cans of Monsters Energy.', 'base');
insert into card_set_white_card (card_set_id, white_card_id) values (125000, 125065);
insert into white_cards (id, text, watermark) values (125066, 'A good sniff.', 'base');
insert into card_set_white_card (card_set_id, white_card_id) values (125000, 125066);
insert into white_cards (id, text, watermark) values (125067, 'A good, strong gorilla.', 'base');
insert into card_set_white_card (card_set_id, white_card_id) values (125000, 125067);
insert into white_cards (id, text, watermark) values (125068, 'A gossamer stream of jizz that catches the light as it arcs through the morning air.', 'base');
insert into card_set_white_card (card_set_id, white_card_id) values (125000, 125068);
insert into white_cards (id, text, watermark) values (125069, 'A grande sugar-free iced soy caramel macchiato.', 'base');
insert into card_set_white_card (card_set_id, white_card_id) values (125000, 125069);
insert into white_cards (id, text, watermark) values (125070, 'A Gypsy curse.', 'base');
insert into card_set_white_card (card_set_id, white_card_id) values (125000, 125070);
insert into white_cards (id, text, watermark) values (125071, 'A hairless little shitstain named Callou.', 'base');
insert into card_set_white_card (card_set_id, white_card_id) values (125000, 125071);
insert into white_cards (id, text, watermark) values (125072, 'A Halal Snack Pack.', 'base');
insert into card_set_white_card (card_set_id, white_card_id) values (125000, 125072);
insert into white_cards (id, text, watermark) values (125073, 'A hen night in Slough.', 'base');
insert into card_set_white_card (card_set_id, white_card_id) values (125000, 125073);
insert into white_cards (id, text, watermark) values (125074, 'A homoerotic volleyball montage.', 'base');
insert into card_set_white_card (card_set_id, white_card_id) values (125000, 125074);
insert into white_cards (id, text, watermark) values (125075, 'A horde of Vikings.', 'base');
insert into card_set_white_card (card_set_id, white_card_id) values (125000, 125075);
insert into white_cards (id, text, watermark) values (125076, 'A hot mess.', 'base');
insert into card_set_white_card (card_set_id, white_card_id) values (125000, 125076);
insert into white_cards (id, text, watermark) values (125077, 'A Japanese toaster you can fuck.', 'base');
insert into card_set_white_card (card_set_id, white_card_id) values (125000, 125077);
insert into white_cards (id, text, watermark) values (125078, 'A Japanese whaling operation.', 'base');
insert into card_set_white_card (card_set_id, white_card_id) values (125000, 125078);
insert into white_cards (id, text, watermark) values (125079, 'A LAN party.', 'base');
insert into card_set_white_card (card_set_id, white_card_id) values (125000, 125079);
insert into white_cards (id, text, watermark) values (125080, 'A lifetime of sadness.', 'base');
insert into card_set_white_card (card_set_id, white_card_id) values (125000, 125080);
insert into white_cards (id, text, watermark) values (125081, 'A literal tornado of fire.', 'base');
insert into card_set_white_card (card_set_id, white_card_id) values (125000, 125081);
insert into white_cards (id, text, watermark) values (125082, 'A little boy who won''t shut the fuck up about dinosaurs.', 'base');
insert into card_set_white_card (card_set_id, white_card_id) values (125000, 125082);
insert into white_cards (id, text, watermark) values (125083, 'A live studio audience.', 'base');
insert into card_set_white_card (card_set_id, white_card_id) values (125000, 125083);
insert into white_cards (id, text, watermark) values (125084, 'A look-see.', 'base');
insert into card_set_white_card (card_set_id, white_card_id) values (125000, 125084);
insert into white_cards (id, text, watermark) values (125085, 'A loser like you.', 'base');
insert into card_set_white_card (card_set_id, white_card_id) values (125000, 125085);
insert into white_cards (id, text, watermark) values (125086, 'A low standard of living.', 'base');
insert into card_set_white_card (card_set_id, white_card_id) values (125000, 125086);
insert into white_cards (id, text, watermark) values (125087, 'A mad cow.', 'base');
insert into card_set_white_card (card_set_id, white_card_id) values (125000, 125087);
insert into white_cards (id, text, watermark) values (125088, 'A madman who lives in a police box and kidnaps women.', 'base');
insert into card_set_white_card (card_set_id, white_card_id) values (125000, 125088);
insert into white_cards (id, text, watermark) values (125089, 'A man in yoga pants with a ponytail and feather earrings.', 'base');
insert into card_set_white_card (card_set_id, white_card_id) values (125000, 125089);
insert into white_cards (id, text, watermark) values (125090, 'A man on the brink of orgasm.', 'base');
insert into card_set_white_card (card_set_id, white_card_id) values (125000, 125090);
insert into white_cards (id, text, watermark) values (125091, 'A mating display.', 'base');
insert into card_set_white_card (card_set_id, white_card_id) values (125000, 125091);
insert into white_cards (id, text, watermark) values (125092, 'A meat raffle!', 'base');
insert into card_set_white_card (card_set_id, white_card_id) values (125000, 125092);
insert into white_cards (id, text, watermark) values (125093, 'A Mexican.', 'base');
insert into card_set_white_card (card_set_id, white_card_id) values (125000, 125093);
insert into white_cards (id, text, watermark) values (125094, 'A micropenis.', 'base');
insert into card_set_white_card (card_set_id, white_card_id) values (125000, 125094);
insert into white_cards (id, text, watermark) values (125095, 'A micropig wearing a tiny raincoat and booties.', 'base');
insert into card_set_white_card (card_set_id, white_card_id) values (125000, 125095);
insert into white_cards (id, text, watermark) values (125096, 'A middle-aged man on roller skates.', 'base');
insert into card_set_white_card (card_set_id, white_card_id) values (125000, 125096);
insert into white_cards (id, text, watermark) values (125097, 'A mime having a stroke.', 'base');
insert into card_set_white_card (card_set_id, white_card_id) values (125000, 125097);
insert into white_cards (id, text, watermark) values (125098, 'A mistake.', 'base');
insert into card_set_white_card (card_set_id, white_card_id) values (125000, 125098);
insert into white_cards (id, text, watermark) values (125099, 'A moment of silence.', 'base');
insert into card_set_white_card (card_set_id, white_card_id) values (125000, 125099);
insert into white_cards (id, text, watermark) values (125100, 'A monkey smoking a cigar.', 'base');
insert into card_set_white_card (card_set_id, white_card_id) values (125000, 125100);
insert into white_cards (id, text, watermark) values (125101, 'A mopey zoo lion.', 'base');
insert into card_set_white_card (card_set_id, white_card_id) values (125000, 125101);
insert into white_cards (id, text, watermark) values (125102, 'A much younger woman.', 'base');
insert into card_set_white_card (card_set_id, white_card_id) values (125000, 125102);
insert into white_cards (id, text, watermark) values (125103, 'A murder most foul.', 'base');
insert into card_set_white_card (card_set_id, white_card_id) values (125000, 125103);
insert into white_cards (id, text, watermark) values (125104, 'A narc.', 'base');
insert into card_set_white_card (card_set_id, white_card_id) values (125000, 125104);
insert into white_cards (id, text, watermark) values (125105, 'A neglected Tamagotchi™.', 'base');
insert into card_set_white_card (card_set_id, white_card_id) values (125000, 125105);
insert into white_cards (id, text, watermark) values (125106, 'A nice cup of tea.', 'base');
insert into card_set_white_card (card_set_id, white_card_id) values (125000, 125106);
insert into white_cards (id, text, watermark) values (125107, 'A non-disclosure agreement.', 'base');
insert into card_set_white_card (card_set_id, white_card_id) values (125000, 125107);
insert into white_cards (id, text, watermark) values (125108, 'A pangender octopus who roams the cosmos in search of love.', 'base');
insert into card_set_white_card (card_set_id, white_card_id) values (125000, 125108);
insert into white_cards (id, text, watermark) values (125109, 'A piñata full of scorpions.', 'base');
insert into card_set_white_card (card_set_id, white_card_id) values (125000, 125109);
insert into white_cards (id, text, watermark) values (125110, 'A posh wank.', 'base');
insert into card_set_white_card (card_set_id, white_card_id) values (125000, 125110);
insert into white_cards (id, text, watermark) values (125111, 'A positive attitude!', 'base');
insert into card_set_white_card (card_set_id, white_card_id) values (125000, 125111);
insert into white_cards (id, text, watermark) values (125112, 'A PowerPoint presentation.', 'base');
insert into card_set_white_card (card_set_id, white_card_id) values (125000, 125112);
insert into white_cards (id, text, watermark) values (125113, 'A pyramid of severed heads.', 'base');
insert into card_set_white_card (card_set_id, white_card_id) values (125000, 125113);
insert into white_cards (id, text, watermark) values (125114, 'A really cool hat.', 'base');
insert into card_set_white_card (card_set_id, white_card_id) values (125000, 125114);
insert into white_cards (id, text, watermark) values (125115, 'A robust mongoloid.', 'base');
insert into card_set_white_card (card_set_id, white_card_id) values (125000, 125115);
insert into white_cards (id, text, watermark) values (125116, 'A sad fat dragon with no friends.', 'base');
insert into card_set_white_card (card_set_id, white_card_id) values (125000, 125116);
insert into white_cards (id, text, watermark) values (125117, 'A sad handjob.', 'base');
insert into card_set_white_card (card_set_id, white_card_id) values (125000, 125117);
insert into white_cards (id, text, watermark) values (125118, 'A salad for men that''s made of metal.', 'base');
insert into card_set_white_card (card_set_id, white_card_id) values (125000, 125118);
insert into white_cards (id, text, watermark) values (125119, 'A salty surprise.', 'base');
insert into card_set_white_card (card_set_id, white_card_id) values (125000, 125119);
insert into white_cards (id, text, watermark) values (125120, 'A sassy black woman.', 'base');
insert into card_set_white_card (card_set_id, white_card_id) values (125000, 125120);
insert into white_cards (id, text, watermark) values (125121, 'A sausage festival.', 'base');
insert into card_set_white_card (card_set_id, white_card_id) values (125000, 125121);
insert into white_cards (id, text, watermark) values (125122, 'A saxophone solo.', 'base');
insert into card_set_white_card (card_set_id, white_card_id) values (125000, 125122);
insert into white_cards (id, text, watermark) values (125123, 'A sea of troubles.', 'base');
insert into card_set_white_card (card_set_id, white_card_id) values (125000, 125123);
insert into white_cards (id, text, watermark) values (125124, 'A shark!', 'base');
insert into card_set_white_card (card_set_id, white_card_id) values (125000, 125124);
insert into white_cards (id, text, watermark) values (125125, 'A sick burnout.', 'base');
insert into card_set_white_card (card_set_id, white_card_id) values (125000, 125125);
insert into white_cards (id, text, watermark) values (125126, 'A sick wombat.', 'base');
insert into card_set_white_card (card_set_id, white_card_id) values (125000, 125126);
insert into white_cards (id, text, watermark) values (125127, 'A sickly child-king.', 'base');
insert into card_set_white_card (card_set_id, white_card_id) values (125000, 125127);
insert into white_cards (id, text, watermark) values (125128, 'A six-point plan to stop the boats.', 'base');
insert into card_set_white_card (card_set_id, white_card_id) values (125000, 125128);
insert into white_cards (id, text, watermark) values (125129, 'A slab of VB and a pack of durries.', 'base');
insert into card_set_white_card (card_set_id, white_card_id) values (125000, 125129);
insert into white_cards (id, text, watermark) values (125130, 'A slightly salty toad in the hole.', 'base');
insert into card_set_white_card (card_set_id, white_card_id) values (125000, 125130);
insert into white_cards (id, text, watermark) values (125131, 'A slightly shittier parallel universe.', 'base');
insert into card_set_white_card (card_set_id, white_card_id) values (125000, 125131);
insert into white_cards (id, text, watermark) values (125132, 'A snapping turtle biting the tip of your penis.', 'base');
insert into card_set_white_card (card_set_id, white_card_id) values (125000, 125132);
insert into white_cards (id, text, watermark) values (125133, 'A sober Irishman who doesn''t care for potatoes.', 'base');
insert into card_set_white_card (card_set_id, white_card_id) values (125000, 125133);
insert into white_cards (id, text, watermark) values (125134, 'A soggy Sao.', 'base');
insert into card_set_white_card (card_set_id, white_card_id) values (125000, 125134);
insert into white_cards (id, text, watermark) values (125135, 'A sorry excuse for a father.', 'base');
insert into card_set_white_card (card_set_id, white_card_id) values (125000, 125135);
insert into white_cards (id, text, watermark) values (125136, 'A spastic nerd.', 'base');
insert into card_set_white_card (card_set_id, white_card_id) values (125000, 125136);
insert into white_cards (id, text, watermark) values (125137, 'A stingray barb through the chest.', 'base');
insert into card_set_white_card (card_set_id, white_card_id) values (125000, 125137);
insert into white_cards (id, text, watermark) values (125138, 'A stray pube.', 'base');
insert into card_set_white_card (card_set_id, white_card_id) values (125000, 125138);
insert into white_cards (id, text, watermark) values (125139, 'A subscription to Men''s Fitness.', 'base');
insert into card_set_white_card (card_set_id, white_card_id) values (125000, 125139);
insert into white_cards (id, text, watermark) values (125140, 'A Super Soaker™ full of cat pee.', 'base');
insert into card_set_white_card (card_set_id, white_card_id) values (125000, 125140);
insert into white_cards (id, text, watermark) values (125141, 'A supportive touch on the lower back.', 'base');
insert into card_set_white_card (card_set_id, white_card_id) values (125000, 125141);
insert into white_cards (id, text, watermark) values (125142, 'A surprising amount of hair.', 'base');
insert into card_set_white_card (card_set_id, white_card_id) values (125000, 125142);
insert into white_cards (id, text, watermark) values (125143, 'A sweet spaceship.', 'base');
insert into card_set_white_card (card_set_id, white_card_id) values (125000, 125143);
insert into white_cards (id, text, watermark) values (125144, 'A thermonuclear detonation.', 'base');
insert into card_set_white_card (card_set_id, white_card_id) values (125000, 125144);
insert into white_cards (id, text, watermark) values (125145, 'A thousand Scottish warriors lifting their kilts in unison.', 'base');
insert into card_set_white_card (card_set_id, white_card_id) values (125000, 125145);
insert into white_cards (id, text, watermark) values (125146, 'A three-way with my wife and Shaquille O''Neal.', 'base');
insert into card_set_white_card (card_set_id, white_card_id) values (125000, 125146);
insert into white_cards (id, text, watermark) values (125147, 'A Tim Hortons franchise.', 'base');
insert into card_set_white_card (card_set_id, white_card_id) values (125000, 125147);
insert into white_cards (id, text, watermark) values (125148, 'A time travel paradox.', 'base');
insert into card_set_white_card (card_set_id, white_card_id) values (125000, 125148);
insert into white_cards (id, text, watermark) values (125149, 'A time-traveling Chinese general from the Shang Dynasty.', 'base');
insert into card_set_white_card (card_set_id, white_card_id) values (125000, 125149);
insert into white_cards (id, text, watermark) values (125150, 'A tiny horse.', 'base');
insert into card_set_white_card (card_set_id, white_card_id) values (125000, 125150);
insert into white_cards (id, text, watermark) values (125151, 'A tiny, gay guitar called a ukulele.', 'base');
insert into card_set_white_card (card_set_id, white_card_id) values (125000, 125151);
insert into white_cards (id, text, watermark) values (125152, 'A tribe of warrior women.', 'base');
insert into card_set_white_card (card_set_id, white_card_id) values (125000, 125152);
insert into white_cards (id, text, watermark) values (125153, 'A vagina that leads to another dimension.', 'base');
insert into card_set_white_card (card_set_id, white_card_id) values (125000, 125153);
insert into white_cards (id, text, watermark) values (125154, 'A vajazzled vagina.', 'base');
insert into card_set_white_card (card_set_id, white_card_id) values (125000, 125154);
insert into white_cards (id, text, watermark) values (125155, 'A vastly superior healthcare system.', 'base');
insert into card_set_white_card (card_set_id, white_card_id) values (125000, 125155);
insert into white_cards (id, text, watermark) values (125156, 'A vindaloo poo.', 'base');
insert into card_set_white_card (card_set_id, white_card_id) values (125000, 125156);
insert into white_cards (id, text, watermark) values (125157, 'A web of lies.', 'base');
insert into card_set_white_card (card_set_id, white_card_id) values (125000, 125157);
insert into white_cards (id, text, watermark) values (125158, 'A wheelchair death race.', 'base');
insert into card_set_white_card (card_set_id, white_card_id) values (125000, 125158);
insert into white_cards (id, text, watermark) values (125159, 'A white ethnostate.', 'base');
insert into card_set_white_card (card_set_id, white_card_id) values (125000, 125159);
insert into white_cards (id, text, watermark) values (125160, 'A white van man.', 'base');
insert into card_set_white_card (card_set_id, white_card_id) values (125000, 125160);
insert into white_cards (id, text, watermark) values (125161, 'A whole thing of butter.', 'base');
insert into card_set_white_card (card_set_id, white_card_id) values (125000, 125161);
insert into white_cards (id, text, watermark) values (125162, 'A windmill full of corpses.', 'base');
insert into card_set_white_card (card_set_id, white_card_id) values (125000, 125162);
insert into white_cards (id, text, watermark) values (125163, 'A wisecracking terrorist.', 'base');
insert into card_set_white_card (card_set_id, white_card_id) values (125000, 125163);
insert into white_cards (id, text, watermark) values (125164, 'A zesty breakfast burrito.', 'base');
insert into card_set_white_card (card_set_id, white_card_id) values (125000, 125164);
insert into white_cards (id, text, watermark) values (125165, 'Aaron Burr.', 'base');
insert into card_set_white_card (card_set_id, white_card_id) values (125000, 125165);
insert into white_cards (id, text, watermark) values (125166, 'Abstinence.', 'base');
insert into card_set_white_card (card_set_id, white_card_id) values (125000, 125166);
insert into white_cards (id, text, watermark) values (125167, 'Academy Award winner Meryl Streep.', 'base');
insert into card_set_white_card (card_set_id, white_card_id) values (125000, 125167);
insert into white_cards (id, text, watermark) values (125168, 'Accepting the way things are.', 'base');
insert into card_set_white_card (card_set_id, white_card_id) values (125000, 125168);
insert into white_cards (id, text, watermark) values (125169, 'Accidentally slipping yourself a roofie.', 'base');
insert into card_set_white_card (card_set_id, white_card_id) values (125000, 125169);
insert into white_cards (id, text, watermark) values (125170, 'Active listening.', 'base');
insert into card_set_white_card (card_set_id, white_card_id) values (125000, 125170);
insert into white_cards (id, text, watermark) values (125171, 'Actually getting shot, for real.', 'base');
insert into card_set_white_card (card_set_id, white_card_id) values (125000, 125171);
insert into white_cards (id, text, watermark) values (125172, 'Actually taking candy from a baby.', 'base');
insert into card_set_white_card (card_set_id, white_card_id) values (125000, 125172);
insert into white_cards (id, text, watermark) values (125173, 'Adderall™.', 'base');
insert into card_set_white_card (card_set_id, white_card_id) values (125000, 125173);
insert into white_cards (id, text, watermark) values (125174, 'Adult Friendfinder.', 'base');
insert into card_set_white_card (card_set_id, white_card_id) values (125000, 125174);
insert into white_cards (id, text, watermark) values (125175, 'Advice from a wise, old black man.', 'base');
insert into card_set_white_card (card_set_id, white_card_id) values (125000, 125175);
insert into white_cards (id, text, watermark) values (125176, 'African children.', 'base');
insert into card_set_white_card (card_set_id, white_card_id) values (125000, 125176);
insert into white_cards (id, text, watermark) values (125177, 'Agriculture.', 'base');
insert into card_set_white_card (card_set_id, white_card_id) values (125000, 125177);
insert into white_cards (id, text, watermark) values (125178, 'AIDS.', 'base');
insert into card_set_white_card (card_set_id, white_card_id) values (125000, 125178);
insert into white_cards (id, text, watermark) values (125179, 'Ainsley Harriott.', 'base');
insert into card_set_white_card (card_set_id, white_card_id) values (125000, 125179);
insert into white_cards (id, text, watermark) values (125180, 'Alcohol poisoning.', 'base');
insert into card_set_white_card (card_set_id, white_card_id) values (125000, 125180);
insert into white_cards (id, text, watermark) values (125181, 'Alcoholism.', 'base');
insert into card_set_white_card (card_set_id, white_card_id) values (125000, 125181);
insert into white_cards (id, text, watermark) values (125182, 'Alexandria Ocasio-Cortez.', 'base');
insert into card_set_white_card (card_set_id, white_card_id) values (125000, 125182);
insert into white_cards (id, text, watermark) values (125183, 'All four prongs of an echidna''s penis.', 'base');
insert into card_set_white_card (card_set_id, white_card_id) values (125000, 125183);
insert into white_cards (id, text, watermark) values (125184, 'All my friends dying.', 'base');
insert into card_set_white_card (card_set_id, white_card_id) values (125000, 125184);
insert into white_cards (id, text, watermark) values (125185, 'All my gentleman suitors.', 'base');
insert into card_set_white_card (card_set_id, white_card_id) values (125000, 125185);
insert into white_cards (id, text, watermark) values (125186, 'All of this blood.', 'base');
insert into card_set_white_card (card_set_id, white_card_id) values (125000, 125186);
insert into white_cards (id, text, watermark) values (125187, 'All the dudes I''ve fucked.', 'base');
insert into card_set_white_card (card_set_id, white_card_id) values (125000, 125187);
insert into white_cards (id, text, watermark) values (125188, 'All-you-can-eat shrimp for $4.99.', 'base');
insert into card_set_white_card (card_set_id, white_card_id) values (125000, 125188);
insert into white_cards (id, text, watermark) values (125189, 'All-you-can-eat shrimp for $8.99.', 'base');
insert into card_set_white_card (card_set_id, white_card_id) values (125000, 125189);
insert into white_cards (id, text, watermark) values (125190, 'Altar boys.', 'base');
insert into card_set_white_card (card_set_id, white_card_id) values (125000, 125190);
insert into white_cards (id, text, watermark) values (125191, 'America.', 'base');
insert into card_set_white_card (card_set_id, white_card_id) values (125000, 125191);
insert into white_cards (id, text, watermark) values (125192, 'American Gladiators.', 'base');
insert into card_set_white_card (card_set_id, white_card_id) values (125000, 125192);
insert into white_cards (id, text, watermark) values (125193, 'Americanization.', 'base');
insert into card_set_white_card (card_set_id, white_card_id) values (125000, 125193);
insert into white_cards (id, text, watermark) values (125194, 'Amputees.', 'base');
insert into card_set_white_card (card_set_id, white_card_id) values (125000, 125194);
insert into white_cards (id, text, watermark) values (125195, 'An abortion.', 'base');
insert into card_set_white_card (card_set_id, white_card_id) values (125000, 125195);
insert into white_cards (id, text, watermark) values (125196, 'An AK-47 assault rifle.', 'base');
insert into card_set_white_card (card_set_id, white_card_id) values (125000, 125196);
insert into white_cards (id, text, watermark) values (125197, 'An AK-47.', 'base');
insert into card_set_white_card (card_set_id, white_card_id) values (125000, 125197);
insert into white_cards (id, text, watermark) values (125198, 'An all-white jury.', 'base');
insert into card_set_white_card (card_set_id, white_card_id) values (125000, 125198);
insert into white_cards (id, text, watermark) values (125199, 'An AR-15 assault rifle.', 'base');
insert into card_set_white_card (card_set_id, white_card_id) values (125000, 125199);
insert into white_cards (id, text, watermark) values (125200, 'An argument with Richard Dawkins.', 'base');
insert into card_set_white_card (card_set_id, white_card_id) values (125000, 125200);
insert into white_cards (id, text, watermark) values (125201, 'An army of skeletons.', 'base');
insert into card_set_white_card (card_set_id, white_card_id) values (125000, 125201);
insert into white_cards (id, text, watermark) values (125202, 'An ass disaster.', 'base');
insert into card_set_white_card (card_set_id, white_card_id) values (125000, 125202);
insert into white_cards (id, text, watermark) values (125203, 'An asymmetric boob job.', 'base');
insert into card_set_white_card (card_set_id, white_card_id) values (125000, 125203);
insert into white_cards (id, text, watermark) values (125204, 'An endless stream of diarrhea.', 'base');
insert into card_set_white_card (card_set_id, white_card_id) values (125000, 125204);
insert into white_cards (id, text, watermark) values (125205, 'An endless stream of diarrhoea.', 'base');
insert into card_set_white_card (card_set_id, white_card_id) values (125000, 125205);
insert into white_cards (id, text, watermark) values (125206, 'An entrenched class system.', 'base');
insert into card_set_white_card (card_set_id, white_card_id) values (125000, 125206);
insert into white_cards (id, text, watermark) values (125207, 'An erection that lasts longer than four hours.', 'base');
insert into card_set_white_card (card_set_id, white_card_id) values (125000, 125207);
insert into white_cards (id, text, watermark) values (125208, 'An Evening with Michael Buble.', 'base');
insert into card_set_white_card (card_set_id, white_card_id) values (125000, 125208);
insert into white_cards (id, text, watermark) values (125209, 'An evil man in evil clothes.', 'base');
insert into card_set_white_card (card_set_id, white_card_id) values (125000, 125209);
insert into white_cards (id, text, watermark) values (125210, 'An honest cop with nothing left to lose.', 'base');
insert into card_set_white_card (card_set_id, white_card_id) values (125000, 125210);
insert into white_cards (id, text, watermark) values (125211, 'An icepick lobotomy.', 'base');
insert into card_set_white_card (card_set_id, white_card_id) values (125000, 125211);
insert into white_cards (id, text, watermark) values (125212, 'An icy handjob from an Edmonton hooker.', 'base');
insert into card_set_white_card (card_set_id, white_card_id) values (125000, 125212);
insert into white_cards (id, text, watermark) values (125213, 'An M. Night Shyamalan plot twist.', 'base');
insert into card_set_white_card (card_set_id, white_card_id) values (125000, 125213);
insert into white_cards (id, text, watermark) values (125214, 'An M16 assault rifle.', 'base');
insert into card_set_white_card (card_set_id, white_card_id) values (125000, 125214);
insert into white_cards (id, text, watermark) values (125215, 'An octopus giving seven handjobs and smoking a cigarette.', 'base');
insert into card_set_white_card (card_set_id, white_card_id) values (125000, 125215);
insert into white_cards (id, text, watermark) values (125216, 'An Oedipus complex.', 'base');
insert into card_set_white_card (card_set_id, white_card_id) values (125000, 125216);
insert into white_cards (id, text, watermark) values (125217, 'An old guy who''s almost dead.', 'base');
insert into card_set_white_card (card_set_id, white_card_id) values (125000, 125217);
insert into white_cards (id, text, watermark) values (125218, 'An older woman who knows her way around the penis.', 'base');
insert into card_set_white_card (card_set_id, white_card_id) values (125000, 125218);
insert into white_cards (id, text, watermark) values (125219, 'An oversized lollipop.', 'base');
insert into card_set_white_card (card_set_id, white_card_id) values (125000, 125219);
insert into white_cards (id, text, watermark) values (125220, 'An ugly face.', 'base');
insert into card_set_white_card (card_set_id, white_card_id) values (125000, 125220);
insert into white_cards (id, text, watermark) values (125221, 'An unstoppable wave of fire ants.', 'base');
insert into card_set_white_card (card_set_id, white_card_id) values (125000, 125221);
insert into white_cards (id, text, watermark) values (125222, 'An unwanted pregnancy.', 'base');
insert into card_set_white_card (card_set_id, white_card_id) values (125000, 125222);
insert into white_cards (id, text, watermark) values (125223, 'An uppercut.', 'base');
insert into card_set_white_card (card_set_id, white_card_id) values (125000, 125223);
insert into white_cards (id, text, watermark) values (125224, 'Anal beads.', 'base');
insert into card_set_white_card (card_set_id, white_card_id) values (125000, 125224);
insert into white_cards (id, text, watermark) values (125225, 'Announcing that I am about to cum.', 'base');
insert into card_set_white_card (card_set_id, white_card_id) values (125000, 125225);
insert into white_cards (id, text, watermark) values (125226, 'Another goddamn vampire movie.', 'base');
insert into card_set_white_card (card_set_id, white_card_id) values (125000, 125226);
insert into white_cards (id, text, watermark) values (125227, 'Another shot of morphine.', 'base');
insert into card_set_white_card (card_set_id, white_card_id) values (125000, 125227);
insert into white_cards (id, text, watermark) values (125228, 'Anything that comes out of Prince Philip''s mouth.', 'base');
insert into card_set_white_card (card_set_id, white_card_id) values (125000, 125228);
insert into white_cards (id, text, watermark) values (125229, 'Apologizing.', 'base');
insert into card_set_white_card (card_set_id, white_card_id) values (125000, 125229);
insert into white_cards (id, text, watermark) values (125230, 'Applying topical ointment to my grandfather''s infected penis.', 'base');
insert into card_set_white_card (card_set_id, white_card_id) values (125000, 125230);
insert into white_cards (id, text, watermark) values (125231, 'Arnold Schwarzenegger.', 'base');
insert into card_set_white_card (card_set_id, white_card_id) values (125000, 125231);
insert into white_cards (id, text, watermark) values (125232, 'Asians who aren''t good at math.', 'base');
insert into card_set_white_card (card_set_id, white_card_id) values (125000, 125232);
insert into white_cards (id, text, watermark) values (125233, 'Assaulting a police officer.', 'base');
insert into card_set_white_card (card_set_id, white_card_id) values (125000, 125233);
insert into white_cards (id, text, watermark) values (125234, 'Assless chaps.', 'base');
insert into card_set_white_card (card_set_id, white_card_id) values (125000, 125234);
insert into white_cards (id, text, watermark) values (125235, 'Attitude.', 'base');
insert into card_set_white_card (card_set_id, white_card_id) values (125000, 125235);
insert into white_cards (id, text, watermark) values (125236, 'Aunt Jemima''s® racist pancake sauce.', 'base');
insert into card_set_white_card (card_set_id, white_card_id) values (125000, 125236);
insert into white_cards (id, text, watermark) values (125237, 'Auschwitz.', 'base');
insert into card_set_white_card (card_set_id, white_card_id) values (125000, 125237);
insert into white_cards (id, text, watermark) values (125238, 'Australia.', 'base');
insert into card_set_white_card (card_set_id, white_card_id) values (125000, 125238);
insert into white_cards (id, text, watermark) values (125239, 'Authentic Mexican cuisine.', 'base');
insert into card_set_white_card (card_set_id, white_card_id) values (125000, 125239);
insert into white_cards (id, text, watermark) values (125240, 'Autocannibalism.', 'base');
insert into card_set_white_card (card_set_id, white_card_id) values (125000, 125240);
insert into white_cards (id, text, watermark) values (125241, 'AXE Body Spray.', 'base');
insert into card_set_white_card (card_set_id, white_card_id) values (125000, 125241);
insert into white_cards (id, text, watermark) values (125242, 'Backing over a kid with the Buick.', 'base');
insert into card_set_white_card (card_set_id, white_card_id) values (125000, 125242);
insert into white_cards (id, text, watermark) values (125243, 'Badger culling.', 'base');
insert into card_set_white_card (card_set_id, white_card_id) values (125000, 125243);
insert into white_cards (id, text, watermark) values (125244, 'Ball-by-ball commentary from Richie Benaud.', 'base');
insert into card_set_white_card (card_set_id, white_card_id) values (125000, 125244);
insert into white_cards (id, text, watermark) values (125245, 'Balls.', 'base');
insert into card_set_white_card (card_set_id, white_card_id) values (125000, 125245);
insert into white_cards (id, text, watermark) values (125246, 'Bananas in Pajamas.', 'base');
insert into card_set_white_card (card_set_id, white_card_id) values (125000, 125246);
insert into white_cards (id, text, watermark) values (125247, 'Bananas.', 'base');
insert into card_set_white_card (card_set_id, white_card_id) values (125000, 125247);
insert into white_cards (id, text, watermark) values (125248, 'Barack Obama.', 'base');
insert into card_set_white_card (card_set_id, white_card_id) values (125000, 125248);
insert into white_cards (id, text, watermark) values (125249, 'Barely making $25,000 a year.', 'base');
insert into card_set_white_card (card_set_id, white_card_id) values (125000, 125249);
insert into white_cards (id, text, watermark) values (125250, 'Barely making £15,000 a year.', 'base');
insert into card_set_white_card (card_set_id, white_card_id) values (125000, 125250);
insert into white_cards (id, text, watermark) values (125251, 'Basic human decency.', 'base');
insert into card_set_white_card (card_set_id, white_card_id) values (125000, 125251);
insert into white_cards (id, text, watermark) values (125252, 'BATMAN!', 'base');
insert into card_set_white_card (card_set_id, white_card_id) values (125000, 125252);
insert into white_cards (id, text, watermark) values (125253, 'BATMAN!!!', 'base');
insert into card_set_white_card (card_set_id, white_card_id) values (125000, 125253);
insert into white_cards (id, text, watermark) values (125254, 'Battlefield amputations.', 'base');
insert into card_set_white_card (card_set_id, white_card_id) values (125000, 125254);
insert into white_cards (id, text, watermark) values (125255, 'Becoming a blueberry.', 'base');
insert into card_set_white_card (card_set_id, white_card_id) values (125000, 125255);
insert into white_cards (id, text, watermark) values (125256, 'Bees?', 'base');
insert into card_set_white_card (card_set_id, white_card_id) values (125000, 125256);
insert into white_cards (id, text, watermark) values (125257, 'Being a busy adult with many important things to do.', 'base');
insert into card_set_white_card (card_set_id, white_card_id) values (125000, 125257);
insert into white_cards (id, text, watermark) values (125258, 'Being a dick to children.', 'base');
insert into card_set_white_card (card_set_id, white_card_id) values (125000, 125258);
insert into white_cards (id, text, watermark) values (125259, 'Being a dinosaur.', 'base');
insert into card_set_white_card (card_set_id, white_card_id) values (125000, 125259);
insert into white_cards (id, text, watermark) values (125260, 'Being a hideous beast that no one could love.', 'base');
insert into card_set_white_card (card_set_id, white_card_id) values (125000, 125260);
insert into white_cards (id, text, watermark) values (125261, 'Being a motherfucking sorcerer.', 'base');
insert into card_set_white_card (card_set_id, white_card_id) values (125000, 125261);
insert into white_cards (id, text, watermark) values (125262, 'Being a witch.', 'base');
insert into card_set_white_card (card_set_id, white_card_id) values (125000, 125262);
insert into white_cards (id, text, watermark) values (125263, 'Being a woman.', 'base');
insert into card_set_white_card (card_set_id, white_card_id) values (125000, 125263);
insert into white_cards (id, text, watermark) values (125264, 'Being able to talk to elephants.', 'base');
insert into card_set_white_card (card_set_id, white_card_id) values (125000, 125264);
insert into white_cards (id, text, watermark) values (125265, 'Being awesome at sex.', 'base');
insert into card_set_white_card (card_set_id, white_card_id) values (125000, 125265);
insert into white_cards (id, text, watermark) values (125266, 'Being black.', 'base');
insert into card_set_white_card (card_set_id, white_card_id) values (125000, 125266);
insert into white_cards (id, text, watermark) values (125267, 'Being Canadian.', 'base');
insert into card_set_white_card (card_set_id, white_card_id) values (125000, 125267);
insert into white_cards (id, text, watermark) values (125268, 'Being fabulous.', 'base');
insert into card_set_white_card (card_set_id, white_card_id) values (125000, 125268);
insert into white_cards (id, text, watermark) values (125269, 'Being fat and stupid.', 'base');
insert into card_set_white_card (card_set_id, white_card_id) values (125000, 125269);
insert into white_cards (id, text, watermark) values (125270, 'Being fucking pathetic.', 'base');
insert into card_set_white_card (card_set_id, white_card_id) values (125000, 125270);
insert into white_cards (id, text, watermark) values (125271, 'Being fucking stupid.', 'base');
insert into card_set_white_card (card_set_id, white_card_id) values (125000, 125271);
insert into white_cards (id, text, watermark) values (125272, 'Being hunted like a fox.', 'base');
insert into card_set_white_card (card_set_id, white_card_id) values (125000, 125272);
insert into white_cards (id, text, watermark) values (125273, 'Being marginalised.', 'base');
insert into card_set_white_card (card_set_id, white_card_id) values (125000, 125273);
insert into white_cards (id, text, watermark) values (125274, 'Being marginalized.', 'base');
insert into card_set_white_card (card_set_id, white_card_id) values (125000, 125274);
insert into white_cards (id, text, watermark) values (125275, 'Being on fire.', 'base');
insert into card_set_white_card (card_set_id, white_card_id) values (125000, 125275);
insert into white_cards (id, text, watermark) values (125276, 'Being rich.', 'base');
insert into card_set_white_card (card_set_id, white_card_id) values (125000, 125276);
insert into white_cards (id, text, watermark) values (125277, 'Being white.', 'base');
insert into card_set_white_card (card_set_id, white_card_id) values (125000, 125277);
insert into white_cards (id, text, watermark) values (125278, 'Benedict Cumberbatch.', 'base');
insert into card_set_white_card (card_set_id, white_card_id) values (125000, 125278);
insert into white_cards (id, text, watermark) values (125279, 'Bestiality.', 'base');
insert into card_set_white_card (card_set_id, white_card_id) values (125000, 125279);
insert into white_cards (id, text, watermark) values (125280, 'Bill Nye the Science Guy.', 'base');
insert into card_set_white_card (card_set_id, white_card_id) values (125000, 125280);
insert into white_cards (id, text, watermark) values (125281, 'Bingeing and purging.', 'base');
insert into card_set_white_card (card_set_id, white_card_id) values (125000, 125281);
insert into white_cards (id, text, watermark) values (125282, 'Bio-engineered assault turtles with acid breath.', 'base');
insert into card_set_white_card (card_set_id, white_card_id) values (125000, 125282);
insert into white_cards (id, text, watermark) values (125283, 'Birth control.', 'base');
insert into card_set_white_card (card_set_id, white_card_id) values (125000, 125283);
insert into white_cards (id, text, watermark) values (125284, 'Bisexuality.', 'base');
insert into card_set_white_card (card_set_id, white_card_id) values (125000, 125284);
insert into white_cards (id, text, watermark) values (125285, 'Bitches.', 'base');
insert into card_set_white_card (card_set_id, white_card_id) values (125000, 125285);
insert into white_cards (id, text, watermark) values (125286, 'Black Jesus.', 'base');
insert into card_set_white_card (card_set_id, white_card_id) values (125000, 125286);
insert into white_cards (id, text, watermark) values (125287, 'Black people.', 'base');
insert into card_set_white_card (card_set_id, white_card_id) values (125000, 125287);
insert into white_cards (id, text, watermark) values (125288, 'Bling.', 'base');
insert into card_set_white_card (card_set_id, white_card_id) values (125000, 125288);
insert into white_cards (id, text, watermark) values (125289, 'Blood farts.', 'base');
insert into card_set_white_card (card_set_id, white_card_id) values (125000, 125289);
insert into white_cards (id, text, watermark) values (125290, 'Blood, sweat, and tears.', 'base');
insert into card_set_white_card (card_set_id, white_card_id) values (125000, 125290);
insert into white_cards (id, text, watermark) values (125291, 'Blood, toil, tears, and sweat.', 'base');
insert into card_set_white_card (card_set_id, white_card_id) values (125000, 125291);
insert into white_cards (id, text, watermark) values (125292, 'Blowing my boyfriend so hard he shits.', 'base');
insert into card_set_white_card (card_set_id, white_card_id) values (125000, 125292);
insert into white_cards (id, text, watermark) values (125293, 'Blowing up Parliament.', 'base');
insert into card_set_white_card (card_set_id, white_card_id) values (125000, 125293);
insert into white_cards (id, text, watermark) values (125294, 'Boat people; half boat, half human.', 'base');
insert into card_set_white_card (card_set_id, white_card_id) values (125000, 125294);
insert into white_cards (id, text, watermark) values (125295, 'Bogies.', 'base');
insert into card_set_white_card (card_set_id, white_card_id) values (125000, 125295);
insert into white_cards (id, text, watermark) values (125296, 'Bond, James Bond.', 'base');
insert into card_set_white_card (card_set_id, white_card_id) values (125000, 125296);
insert into white_cards (id, text, watermark) values (125297, 'Boneless buffalo wings.', 'base');
insert into card_set_white_card (card_set_id, white_card_id) values (125000, 125297);
insert into white_cards (id, text, watermark) values (125298, 'Bono.', 'base');
insert into card_set_white_card (card_set_id, white_card_id) values (125000, 125298);
insert into white_cards (id, text, watermark) values (125299, 'Booby-trapping the house to foil burglars.', 'base');
insert into card_set_white_card (card_set_id, white_card_id) values (125000, 125299);
insert into white_cards (id, text, watermark) values (125300, 'Boogers.', 'base');
insert into card_set_white_card (card_set_id, white_card_id) values (125000, 125300);
insert into white_cards (id, text, watermark) values (125301, 'Boomers.', 'base');
insert into card_set_white_card (card_set_id, white_card_id) values (125000, 125301);
insert into white_cards (id, text, watermark) values (125302, 'Boppin'' my flopper.', 'base');
insert into card_set_white_card (card_set_id, white_card_id) values (125000, 125302);
insert into white_cards (id, text, watermark) values (125303, 'Boris Johnson.', 'base');
insert into card_set_white_card (card_set_id, white_card_id) values (125000, 125303);
insert into white_cards (id, text, watermark) values (125304, 'Bosnian chicken farmers.', 'base');
insert into card_set_white_card (card_set_id, white_card_id) values (125000, 125304);
insert into white_cards (id, text, watermark) values (125305, 'Braiding three penises into a Curly Wurly.', 'base');
insert into card_set_white_card (card_set_id, white_card_id) values (125000, 125305);
insert into white_cards (id, text, watermark) values (125306, 'Braiding three penises into a licorice twist.', 'base');
insert into card_set_white_card (card_set_id, white_card_id) values (125000, 125306);
insert into white_cards (id, text, watermark) values (125307, 'Braiding three penises into a Twizzler.', 'base');
insert into card_set_white_card (card_set_id, white_card_id) values (125000, 125307);
insert into white_cards (id, text, watermark) values (125308, 'Breaking out into song and dance.', 'base');
insert into card_set_white_card (card_set_id, white_card_id) values (125000, 125308);
insert into white_cards (id, text, watermark) values (125309, 'Brexit.', 'base');
insert into card_set_white_card (card_set_id, white_card_id) values (125000, 125309);
insert into white_cards (id, text, watermark) values (125310, 'Britney Spears at 55.', 'base');
insert into card_set_white_card (card_set_id, white_card_id) values (125000, 125310);
insert into white_cards (id, text, watermark) values (125311, 'Brown people.', 'base');
insert into card_set_white_card (card_set_id, white_card_id) values (125000, 125311);
insert into white_cards (id, text, watermark) values (125312, 'Brutal austerity.', 'base');
insert into card_set_white_card (card_set_id, white_card_id) values (125000, 125312);
insert into white_cards (id, text, watermark) values (125313, 'Bryan Cranston, of all people.', 'base');
insert into card_set_white_card (card_set_id, white_card_id) values (125000, 125313);
insert into white_cards (id, text, watermark) values (125314, 'Bubble butt bottom boys.', 'base');
insert into card_set_white_card (card_set_id, white_card_id) values (125000, 125314);
insert into white_cards (id, text, watermark) values (125315, 'Buckfast Tonic Wine.', 'base');
insert into card_set_white_card (card_set_id, white_card_id) values (125000, 125315);
insert into white_cards (id, text, watermark) values (125316, 'Bullshit.', 'base');
insert into card_set_white_card (card_set_id, white_card_id) values (125000, 125316);
insert into white_cards (id, text, watermark) values (125317, 'Burgers and pussy.', 'base');
insert into card_set_white_card (card_set_id, white_card_id) values (125000, 125317);
insert into white_cards (id, text, watermark) values (125318, 'Burning down the White House.', 'base');
insert into card_set_white_card (card_set_id, white_card_id) values (125000, 125318);
insert into white_cards (id, text, watermark) values (125319, 'Buying the right pants to be cool.', 'base');
insert into card_set_white_card (card_set_id, white_card_id) values (125000, 125319);
insert into white_cards (id, text, watermark) values (125320, 'Calling the cops on a innocent Black man.', 'base');
insert into card_set_white_card (card_set_id, white_card_id) values (125000, 125320);
insert into white_cards (id, text, watermark) values (125321, 'Canada: America''s Hat.', 'base');
insert into card_set_white_card (card_set_id, white_card_id) values (125000, 125321);
insert into white_cards (id, text, watermark) values (125322, 'Canadian Netflix.', 'base');
insert into card_set_white_card (card_set_id, white_card_id) values (125000, 125322);
insert into white_cards (id, text, watermark) values (125323, 'Canned tuna with extra dolphin.', 'base');
insert into card_set_white_card (card_set_id, white_card_id) values (125000, 125323);
insert into white_cards (id, text, watermark) values (125324, 'Capturing Newt Gingrich and forcing him to dance in a monkey suit.', 'base');
insert into card_set_white_card (card_set_id, white_card_id) values (125000, 125324);
insert into white_cards (id, text, watermark) values (125325, 'Cardi B.', 'base');
insert into card_set_white_card (card_set_id, white_card_id) values (125000, 125325);
insert into white_cards (id, text, watermark) values (125326, 'Cards Against Humanity.', 'base');
insert into card_set_white_card (card_set_id, white_card_id) values (125000, 125326);
insert into white_cards (id, text, watermark) values (125327, 'Cashed-up bogans.', 'base');
insert into card_set_white_card (card_set_id, white_card_id) values (125000, 125327);
insert into white_cards (id, text, watermark) values (125328, 'Casually suggesting a threesome.', 'base');
insert into card_set_white_card (card_set_id, white_card_id) values (125000, 125328);
insert into white_cards (id, text, watermark) values (125329, 'Catapults.', 'base');
insert into card_set_white_card (card_set_id, white_card_id) values (125000, 125329);
insert into white_cards (id, text, watermark) values (125330, 'Centaurs.', 'base');
insert into card_set_white_card (card_set_id, white_card_id) values (125000, 125330);
insert into white_cards (id, text, watermark) values (125331, 'Chainsaws for hands.', 'base');
insert into card_set_white_card (card_set_id, white_card_id) values (125000, 125331);
insert into white_cards (id, text, watermark) values (125332, 'Charisma.', 'base');
insert into card_set_white_card (card_set_id, white_card_id) values (125000, 125332);
insert into white_cards (id, text, watermark) values (125333, 'Cheating in the Paralympics.', 'base');
insert into card_set_white_card (card_set_id, white_card_id) values (125000, 125333);
insert into white_cards (id, text, watermark) values (125334, 'Cheating in the Special Olympics.', 'base');
insert into card_set_white_card (card_set_id, white_card_id) values (125000, 125334);
insert into white_cards (id, text, watermark) values (125335, 'Cheeky bum sex.', 'base');
insert into card_set_white_card (card_set_id, white_card_id) values (125000, 125335);
insert into white_cards (id, text, watermark) values (125336, 'Chemical weapons.', 'base');
insert into card_set_white_card (card_set_id, white_card_id) values (125000, 125336);
insert into white_cards (id, text, watermark) values (125337, 'Child abuse.', 'base');
insert into card_set_white_card (card_set_id, white_card_id) values (125000, 125337);
insert into white_cards (id, text, watermark) values (125338, 'Child beauty pageants.', 'base');
insert into card_set_white_card (card_set_id, white_card_id) values (125000, 125338);
insert into white_cards (id, text, watermark) values (125339, 'Children on leashes.', 'base');
insert into card_set_white_card (card_set_id, white_card_id) values (125000, 125339);
insert into white_cards (id, text, watermark) values (125340, 'Chivalry.', 'base');
insert into card_set_white_card (card_set_id, white_card_id) values (125000, 125340);
insert into white_cards (id, text, watermark) values (125341, 'Christopher Walken.', 'base');
insert into card_set_white_card (card_set_id, white_card_id) values (125000, 125341);
insert into white_cards (id, text, watermark) values (125342, 'Chundering into a kangaroo''s pouch.', 'base');
insert into card_set_white_card (card_set_id, white_card_id) values (125000, 125342);
insert into white_cards (id, text, watermark) values (125343, 'Chunks of dead backpacker.', 'base');
insert into card_set_white_card (card_set_id, white_card_id) values (125000, 125343);
insert into white_cards (id, text, watermark) values (125344, 'Chunks of dead hitchhiker.', 'base');
insert into card_set_white_card (card_set_id, white_card_id) values (125000, 125344);
insert into white_cards (id, text, watermark) values (125345, 'Chunks of dead prostitute.', 'base');
insert into card_set_white_card (card_set_id, white_card_id) values (125000, 125345);
insert into white_cards (id, text, watermark) values (125346, 'Chutzpah.', 'base');
insert into card_set_white_card (card_set_id, white_card_id) values (125000, 125346);
insert into white_cards (id, text, watermark) values (125347, 'Civilian casualties.', 'base');
insert into card_set_white_card (card_set_id, white_card_id) values (125000, 125347);
insert into white_cards (id, text, watermark) values (125348, 'Classist undertones.', 'base');
insert into card_set_white_card (card_set_id, white_card_id) values (125000, 125348);
insert into white_cards (id, text, watermark) values (125349, 'Clean drinking water.', 'base');
insert into card_set_white_card (card_set_id, white_card_id) values (125000, 125349);
insert into white_cards (id, text, watermark) values (125350, 'Climbing a telephone pole and becoming one with the T-Mobile network.', 'base');
insert into card_set_white_card (card_set_id, white_card_id) values (125000, 125350);
insert into white_cards (id, text, watermark) values (125351, 'Clive Palmer''s soft, shitty body.', 'base');
insert into card_set_white_card (card_set_id, white_card_id) values (125000, 125351);
insert into white_cards (id, text, watermark) values (125352, 'Clubbing baby seals.', 'base');
insert into card_set_white_card (card_set_id, white_card_id) values (125000, 125352);
insert into white_cards (id, text, watermark) values (125353, 'Coat hanger abortions.', 'base');
insert into card_set_white_card (card_set_id, white_card_id) values (125000, 125353);
insert into white_cards (id, text, watermark) values (125354, 'Cocaine for lunch.', 'base');
insert into card_set_white_card (card_set_id, white_card_id) values (125000, 125354);
insert into white_cards (id, text, watermark) values (125355, 'Cock.', 'base');
insert into card_set_white_card (card_set_id, white_card_id) values (125000, 125355);
insert into white_cards (id, text, watermark) values (125356, 'Cockfights.', 'base');
insert into card_set_white_card (card_set_id, white_card_id) values (125000, 125356);
insert into white_cards (id, text, watermark) values (125357, 'College.', 'base');
insert into card_set_white_card (card_set_id, white_card_id) values (125000, 125357);
insert into white_cards (id, text, watermark) values (125358, 'Committing adultery.', 'base');
insert into card_set_white_card (card_set_id, white_card_id) values (125000, 125358);
insert into white_cards (id, text, watermark) values (125359, 'Committing treason.', 'base');
insert into card_set_white_card (card_set_id, white_card_id) values (125000, 125359);
insert into white_cards (id, text, watermark) values (125360, 'Complaining.', 'base');
insert into card_set_white_card (card_set_id, white_card_id) values (125000, 125360);
insert into white_cards (id, text, watermark) values (125361, 'Completely unwarranted confidence.', 'base');
insert into card_set_white_card (card_set_id, white_card_id) values (125000, 125361);
insert into white_cards (id, text, watermark) values (125362, 'Concealing a boner.', 'base');
insert into card_set_white_card (card_set_id, white_card_id) values (125000, 125362);
insert into white_cards (id, text, watermark) values (125363, 'Concealing an erection.', 'base');
insert into card_set_white_card (card_set_id, white_card_id) values (125000, 125363);
insert into white_cards (id, text, watermark) values (125364, 'Consensual sex.', 'base');
insert into card_set_white_card (card_set_id, white_card_id) values (125000, 125364);
insert into white_cards (id, text, watermark) values (125365, 'Consultants.', 'base');
insert into card_set_white_card (card_set_id, white_card_id) values (125000, 125365);
insert into white_cards (id, text, watermark) values (125366, 'Contagious face cancer.', 'base');
insert into card_set_white_card (card_set_id, white_card_id) values (125000, 125366);
insert into white_cards (id, text, watermark) values (125367, 'Converting to Islam.', 'base');
insert into card_set_white_card (card_set_id, white_card_id) values (125000, 125367);
insert into white_cards (id, text, watermark) values (125368, 'Cookie Monster devouring the Eucharist wafers.', 'base');
insert into card_set_white_card (card_set_id, white_card_id) values (125000, 125368);
insert into white_cards (id, text, watermark) values (125369, 'Copping a feel.', 'base');
insert into card_set_white_card (card_set_id, white_card_id) values (125000, 125369);
insert into white_cards (id, text, watermark) values (125370, 'Corporate America.', 'base');
insert into card_set_white_card (card_set_id, white_card_id) values (125000, 125370);
insert into white_cards (id, text, watermark) values (125371, 'Cottaging.', 'base');
insert into card_set_white_card (card_set_id, white_card_id) values (125000, 125371);
insert into white_cards (id, text, watermark) values (125372, 'Count Chocula.', 'base');
insert into card_set_white_card (card_set_id, white_card_id) values (125000, 125372);
insert into white_cards (id, text, watermark) values (125373, 'Court-ordered rehab.', 'base');
insert into card_set_white_card (card_set_id, white_card_id) values (125000, 125373);
insert into white_cards (id, text, watermark) values (125374, 'Covering myself with Parmesan cheese and chili flakes because I am pizza.', 'base');
insert into card_set_white_card (card_set_id, white_card_id) values (125000, 125374);
insert into white_cards (id, text, watermark) values (125375, 'COVID-19.', 'base');
insert into card_set_white_card (card_set_id, white_card_id) values (125000, 125375);
insert into white_cards (id, text, watermark) values (125376, 'Crab.', 'base');
insert into card_set_white_card (card_set_id, white_card_id) values (125000, 125376);
insert into white_cards (id, text, watermark) values (125377, 'Crazy hot cousin sex.', 'base');
insert into card_set_white_card (card_set_id, white_card_id) values (125000, 125377);
insert into white_cards (id, text, watermark) values (125378, 'Creed.', 'base');
insert into card_set_white_card (card_set_id, white_card_id) values (125000, 125378);
insert into white_cards (id, text, watermark) values (125379, 'Cringe.', 'base');
insert into card_set_white_card (card_set_id, white_card_id) values (125000, 125379);
insert into white_cards (id, text, watermark) values (125380, 'Crippling debt.', 'base');
insert into card_set_white_card (card_set_id, white_card_id) values (125000, 125380);
insert into white_cards (id, text, watermark) values (125381, 'Critical Race Theory.', 'base');
insert into card_set_white_card (card_set_id, white_card_id) values (125000, 125381);
insert into white_cards (id, text, watermark) values (125382, 'Crucifixion.', 'base');
insert into card_set_white_card (card_set_id, white_card_id) values (125000, 125382);
insert into white_cards (id, text, watermark) values (125383, 'Crumbs all over the bloody carpet.', 'base');
insert into card_set_white_card (card_set_id, white_card_id) values (125000, 125383);
insert into white_cards (id, text, watermark) values (125384, 'Crumbs all over the god damn carpet.', 'base');
insert into card_set_white_card (card_set_id, white_card_id) values (125000, 125384);
insert into white_cards (id, text, watermark) values (125385, 'Crumpets with the Queen.', 'base');
insert into card_set_white_card (card_set_id, white_card_id) values (125000, 125385);
insert into white_cards (id, text, watermark) values (125386, 'Crystal meth.', 'base');
insert into card_set_white_card (card_set_id, white_card_id) values (125000, 125386);
insert into white_cards (id, text, watermark) values (125387, 'Cuddling.', 'base');
insert into card_set_white_card (card_set_id, white_card_id) values (125000, 125387);
insert into white_cards (id, text, watermark) values (125388, 'Cumming deep inside my best bro.', 'base');
insert into card_set_white_card (card_set_id, white_card_id) values (125000, 125388);
insert into white_cards (id, text, watermark) values (125389, 'Cunnilingus.', 'base');
insert into card_set_white_card (card_set_id, white_card_id) values (125000, 125389);
insert into white_cards (id, text, watermark) values (125390, 'Customer service representatives.', 'base');
insert into card_set_white_card (card_set_id, white_card_id) values (125000, 125390);
insert into white_cards (id, text, watermark) values (125391, 'Cyanide.', 'base');
insert into card_set_white_card (card_set_id, white_card_id) values (125000, 125391);
insert into white_cards (id, text, watermark) values (125392, 'Cybernetic enhancements.', 'base');
insert into card_set_white_card (card_set_id, white_card_id) values (125000, 125392);
insert into white_cards (id, text, watermark) values (125393, 'Da clurb.', 'base');
insert into card_set_white_card (card_set_id, white_card_id) values (125000, 125393);
insert into white_cards (id, text, watermark) values (125394, 'Dad''s funny balls.', 'base');
insert into card_set_white_card (card_set_id, white_card_id) values (125000, 125394);
insert into white_cards (id, text, watermark) values (125395, 'Daddies Brown Sauce', 'base');
insert into card_set_white_card (card_set_id, white_card_id) values (125000, 125395);
insert into white_cards (id, text, watermark) values (125396, 'Daddies® Brown Sauce.', 'base');
insert into card_set_white_card (card_set_id, white_card_id) values (125000, 125396);
insert into white_cards (id, text, watermark) values (125397, 'Daddy issues.', 'base');
insert into card_set_white_card (card_set_id, white_card_id) values (125000, 125397);
insert into white_cards (id, text, watermark) values (125398, 'Daddy''s belt.', 'base');
insert into card_set_white_card (card_set_id, white_card_id) values (125000, 125398);
insert into white_cards (id, text, watermark) values (125399, 'Daniel Radcliffe''s delicious arsehole.', 'base');
insert into card_set_white_card (card_set_id, white_card_id) values (125000, 125399);
insert into white_cards (id, text, watermark) values (125400, 'Daniel Radcliffe''s delicious asshole.', 'base');
insert into card_set_white_card (card_set_id, white_card_id) values (125000, 125400);
insert into white_cards (id, text, watermark) values (125401, 'Danny DeVito.', 'base');
insert into card_set_white_card (card_set_id, white_card_id) values (125000, 125401);
insert into white_cards (id, text, watermark) values (125402, 'Danny Dyer.', 'base');
insert into card_set_white_card (card_set_id, white_card_id) values (125000, 125402);
insert into white_cards (id, text, watermark) values (125403, 'Dark and mysterious forces beyond our control.', 'base');
insert into card_set_white_card (card_set_id, white_card_id) values (125000, 125403);
insert into white_cards (id, text, watermark) values (125404, 'Darth Vader.', 'base');
insert into card_set_white_card (card_set_id, white_card_id) values (125000, 125404);
insert into white_cards (id, text, watermark) values (125405, 'Dating.', 'base');
insert into card_set_white_card (card_set_id, white_card_id) values (125000, 125405);
insert into white_cards (id, text, watermark) values (125406, 'Dave Matthews Band.', 'base');
insert into card_set_white_card (card_set_id, white_card_id) values (125000, 125406);
insert into white_cards (id, text, watermark) values (125407, 'David Bowie flying in on a tiger made of lightning.', 'base');
insert into card_set_white_card (card_set_id, white_card_id) values (125000, 125407);
insert into white_cards (id, text, watermark) values (125408, 'David Cameron.', 'base');
insert into card_set_white_card (card_set_id, white_card_id) values (125000, 125408);
insert into white_cards (id, text, watermark) values (125409, 'Dead babies.', 'base');
insert into card_set_white_card (card_set_id, white_card_id) values (125000, 125409);
insert into white_cards (id, text, watermark) values (125410, 'Dead birds everywhere.', 'base');
insert into card_set_white_card (card_set_id, white_card_id) values (125000, 125410);
insert into white_cards (id, text, watermark) values (125411, 'Dead parents.', 'base');
insert into card_set_white_card (card_set_id, white_card_id) values (125000, 125411);
insert into white_cards (id, text, watermark) values (125412, 'Deflowering the princess.', 'base');
insert into card_set_white_card (card_set_id, white_card_id) values (125000, 125412);
insert into white_cards (id, text, watermark) values (125413, 'Dental dams.', 'base');
insert into card_set_white_card (card_set_id, white_card_id) values (125000, 125413);
insert into white_cards (id, text, watermark) values (125414, 'Denying climate change.', 'base');
insert into card_set_white_card (card_set_id, white_card_id) values (125000, 125414);
insert into white_cards (id, text, watermark) values (125415, 'Destroying the evidence.', 'base');
insert into card_set_white_card (card_set_id, white_card_id) values (125000, 125415);
insert into white_cards (id, text, watermark) values (125416, 'Dick Cheney.', 'base');
insert into card_set_white_card (card_set_id, white_card_id) values (125000, 125416);
insert into white_cards (id, text, watermark) values (125417, 'Dick fingers.', 'base');
insert into card_set_white_card (card_set_id, white_card_id) values (125000, 125417);
insert into white_cards (id, text, watermark) values (125418, 'Dick pics.', 'base');
insert into card_set_white_card (card_set_id, white_card_id) values (125000, 125418);
insert into white_cards (id, text, watermark) values (125419, 'Dining with cardboard cutouts of the cast of Friends.', 'base');
insert into card_set_white_card (card_set_id, white_card_id) values (125000, 125419);
insert into white_cards (id, text, watermark) values (125420, 'Dirty nappies.', 'base');
insert into card_set_white_card (card_set_id, white_card_id) values (125000, 125420);
insert into white_cards (id, text, watermark) values (125421, 'Disco fever.', 'base');
insert into card_set_white_card (card_set_id, white_card_id) values (125000, 125421);
insert into white_cards (id, text, watermark) values (125422, 'Discovering he''s a Tory.', 'base');
insert into card_set_white_card (card_set_id, white_card_id) values (125000, 125422);
insert into white_cards (id, text, watermark) values (125423, 'Diversity.', 'base');
insert into card_set_white_card (card_set_id, white_card_id) values (125000, 125423);
insert into white_cards (id, text, watermark) values (125424, 'Dogging.', 'base');
insert into card_set_white_card (card_set_id, white_card_id) values (125000, 125424);
insert into white_cards (id, text, watermark) values (125425, 'Doin'' it in the butt.', 'base');
insert into card_set_white_card (card_set_id, white_card_id) values (125000, 125425);
insert into white_cards (id, text, watermark) values (125426, 'Doin'' it up the bum.', 'base');
insert into card_set_white_card (card_set_id, white_card_id) values (125000, 125426);
insert into white_cards (id, text, watermark) values (125427, 'Doing a shit in Pudsey Bear''s eyehole.', 'base');
insert into card_set_white_card (card_set_id, white_card_id) values (125000, 125427);
insert into white_cards (id, text, watermark) values (125428, 'Doing crimes.', 'base');
insert into card_set_white_card (card_set_id, white_card_id) values (125000, 125428);
insert into white_cards (id, text, watermark) values (125429, 'Doing drugs with my kids.', 'base');
insert into card_set_white_card (card_set_id, white_card_id) values (125000, 125429);
insert into white_cards (id, text, watermark) values (125430, 'Doing it in the butt.', 'base');
insert into card_set_white_card (card_set_id, white_card_id) values (125000, 125430);
insert into white_cards (id, text, watermark) values (125431, 'Doing the right thing.', 'base');
insert into card_set_white_card (card_set_id, white_card_id) values (125000, 125431);
insert into white_cards (id, text, watermark) values (125432, 'Doing white people shit with a bunch of white people.', 'base');
insert into card_set_white_card (card_set_id, white_card_id) values (125000, 125432);
insert into white_cards (id, text, watermark) values (125433, 'Domino''s™ Oreo™ Dessert Pizza.', 'base');
insert into card_set_white_card (card_set_id, white_card_id) values (125000, 125433);
insert into white_cards (id, text, watermark) values (125434, 'Don Cherry''s wardrobe.', 'base');
insert into card_set_white_card (card_set_id, white_card_id) values (125000, 125434);
insert into white_cards (id, text, watermark) values (125435, 'Donald J. Trump.', 'base');
insert into card_set_white_card (card_set_id, white_card_id) values (125000, 125435);
insert into white_cards (id, text, watermark) values (125436, 'Donald Trump.', 'base');
insert into card_set_white_card (card_set_id, white_card_id) values (125000, 125436);
insert into white_cards (id, text, watermark) values (125437, 'Double penetration.', 'base');
insert into card_set_white_card (card_set_id, white_card_id) values (125000, 125437);
insert into white_cards (id, text, watermark) values (125438, 'Douchebags on their iPhones.', 'base');
insert into card_set_white_card (card_set_id, white_card_id) values (125000, 125438);
insert into white_cards (id, text, watermark) values (125439, 'Dr. Martin Luther King, Jr.', 'base');
insert into card_set_white_card (card_set_id, white_card_id) values (125000, 125439);
insert into white_cards (id, text, watermark) values (125440, 'Drinking alone.', 'base');
insert into card_set_white_card (card_set_id, white_card_id) values (125000, 125440);
insert into white_cards (id, text, watermark) values (125441, 'Drinking gasoline to see what it tastes like.', 'base');
insert into card_set_white_card (card_set_id, white_card_id) values (125000, 125441);
insert into white_cards (id, text, watermark) values (125442, 'Drinking out of the toilet and eating garbage.', 'base');
insert into card_set_white_card (card_set_id, white_card_id) values (125000, 125442);
insert into white_cards (id, text, watermark) values (125443, 'Drinking out of the toilet and eating rubbish.', 'base');
insert into card_set_white_card (card_set_id, white_card_id) values (125000, 125443);
insert into white_cards (id, text, watermark) values (125444, 'Dropping a baby down the dunny.', 'base');
insert into card_set_white_card (card_set_id, white_card_id) values (125000, 125444);
insert into white_cards (id, text, watermark) values (125445, 'Dropping a chandelier on your enemies and riding the rope up.', 'base');
insert into card_set_white_card (card_set_id, white_card_id) values (125000, 125445);
insert into white_cards (id, text, watermark) values (125446, 'Dropping a hot doodie out of my turd hole.', 'base');
insert into card_set_white_card (card_set_id, white_card_id) values (125000, 125446);
insert into white_cards (id, text, watermark) values (125447, 'Drowning the kids in the bathtub.', 'base');
insert into card_set_white_card (card_set_id, white_card_id) values (125000, 125447);
insert into white_cards (id, text, watermark) values (125448, 'Druids.', 'base');
insert into card_set_white_card (card_set_id, white_card_id) values (125000, 125448);
insert into white_cards (id, text, watermark) values (125449, 'Drum circles.', 'base');
insert into card_set_white_card (card_set_id, white_card_id) values (125000, 125449);
insert into white_cards (id, text, watermark) values (125450, 'Dry heaving.', 'base');
insert into card_set_white_card (card_set_id, white_card_id) values (125000, 125450);
insert into white_cards (id, text, watermark) values (125451, 'Dwarf tossing.', 'base');
insert into card_set_white_card (card_set_id, white_card_id) values (125000, 125451);
insert into white_cards (id, text, watermark) values (125452, 'Dwayne "The Rock" Johnson.', 'base');
insert into card_set_white_card (card_set_id, white_card_id) values (125000, 125452);
insert into white_cards (id, text, watermark) values (125453, 'Dying alone and in pain.', 'base');
insert into card_set_white_card (card_set_id, white_card_id) values (125000, 125453);
insert into white_cards (id, text, watermark) values (125454, 'Dying of dysentery.', 'base');
insert into card_set_white_card (card_set_id, white_card_id) values (125000, 125454);
insert into white_cards (id, text, watermark) values (125455, 'Dying.', 'base');
insert into card_set_white_card (card_set_id, white_card_id) values (125000, 125455);
insert into white_cards (id, text, watermark) values (125456, 'Eastern European Turbo-Folk music.', 'base');
insert into card_set_white_card (card_set_id, white_card_id) values (125000, 125456);
insert into white_cards (id, text, watermark) values (125457, 'Eating a hard boiled egg out of my husband''s arsehole.', 'base');
insert into card_set_white_card (card_set_id, white_card_id) values (125000, 125457);
insert into white_cards (id, text, watermark) values (125458, 'Eating a hard boiled egg out of my husband''s asshole.', 'base');
insert into card_set_white_card (card_set_id, white_card_id) values (125000, 125458);
insert into white_cards (id, text, watermark) values (125459, 'Eating all of the cookies before the AIDS bake-sale.', 'base');
insert into card_set_white_card (card_set_id, white_card_id) values (125000, 125459);
insert into white_cards (id, text, watermark) values (125460, 'Eating an albino.', 'base');
insert into card_set_white_card (card_set_id, white_card_id) values (125000, 125460);
insert into white_cards (id, text, watermark) values (125461, 'Eating the last known bison.', 'base');
insert into card_set_white_card (card_set_id, white_card_id) values (125000, 125461);
insert into white_cards (id, text, watermark) values (125462, 'Eating too much of a lamp.', 'base');
insert into card_set_white_card (card_set_id, white_card_id) values (125000, 125462);
insert into white_cards (id, text, watermark) values (125463, 'Ecstasy.', 'base');
insert into card_set_white_card (card_set_id, white_card_id) values (125000, 125463);
insert into white_cards (id, text, watermark) values (125464, 'Ed Balls.', 'base');
insert into card_set_white_card (card_set_id, white_card_id) values (125000, 125464);
insert into white_cards (id, text, watermark) values (125465, 'Edible underpants.', 'base');
insert into card_set_white_card (card_set_id, white_card_id) values (125000, 125465);
insert into white_cards (id, text, watermark) values (125466, 'Edible underwear.', 'base');
insert into card_set_white_card (card_set_id, white_card_id) values (125000, 125466);
insert into white_cards (id, text, watermark) values (125467, 'Egging an MP.', 'base');
insert into card_set_white_card (card_set_id, white_card_id) values (125000, 125467);
insert into white_cards (id, text, watermark) values (125468, 'Elderly Japanese men.', 'base');
insert into card_set_white_card (card_set_id, white_card_id) values (125000, 125468);
insert into white_cards (id, text, watermark) values (125469, 'Electricity.', 'base');
insert into card_set_white_card (card_set_id, white_card_id) values (125000, 125469);
insert into white_cards (id, text, watermark) values (125470, 'Embryonic stem cells.', 'base');
insert into card_set_white_card (card_set_id, white_card_id) values (125000, 125470);
insert into white_cards (id, text, watermark) values (125471, 'Emerging from the sea and rampaging through Tokyo.', 'base');
insert into card_set_white_card (card_set_id, white_card_id) values (125000, 125471);
insert into white_cards (id, text, watermark) values (125472, 'Emma Watson.', 'base');
insert into card_set_white_card (card_set_id, white_card_id) values (125000, 125472);
insert into white_cards (id, text, watermark) values (125473, 'Emotions.', 'base');
insert into card_set_white_card (card_set_id, white_card_id) values (125000, 125473);
insert into white_cards (id, text, watermark) values (125474, 'England.', 'base');
insert into card_set_white_card (card_set_id, white_card_id) values (125000, 125474);
insert into white_cards (id, text, watermark) values (125475, 'Erectile dysfunction.', 'base');
insert into card_set_white_card (card_set_id, white_card_id) values (125000, 125475);
insert into white_cards (id, text, watermark) values (125476, 'Establishing dominance.', 'base');
insert into card_set_white_card (card_set_id, white_card_id) values (125000, 125476);
insert into white_cards (id, text, watermark) values (125477, 'Estrogen.', 'base');
insert into card_set_white_card (card_set_id, white_card_id) values (125000, 125477);
insert into white_cards (id, text, watermark) values (125478, 'Ethnic cleansing.', 'base');
insert into card_set_white_card (card_set_id, white_card_id) values (125000, 125478);
insert into white_cards (id, text, watermark) values (125479, 'Eugenics.', 'base');
insert into card_set_white_card (card_set_id, white_card_id) values (125000, 125479);
insert into white_cards (id, text, watermark) values (125480, 'Euphoria™ by Calvin Klein.', 'base');
insert into card_set_white_card (card_set_id, white_card_id) values (125000, 125480);
insert into white_cards (id, text, watermark) values (125481, 'Exactly what you''d expect.', 'base');
insert into card_set_white_card (card_set_id, white_card_id) values (125000, 125481);
insert into white_cards (id, text, watermark) values (125482, 'Excalibur.', 'base');
insert into card_set_white_card (card_set_id, white_card_id) values (125000, 125482);
insert into white_cards (id, text, watermark) values (125483, 'Exchanging pleasantries.', 'base');
insert into card_set_white_card (card_set_id, white_card_id) values (125000, 125483);
insert into white_cards (id, text, watermark) values (125484, 'Executing a hostage every hour.', 'base');
insert into card_set_white_card (card_set_id, white_card_id) values (125000, 125484);
insert into white_cards (id, text, watermark) values (125485, 'Existentialists.', 'base');
insert into card_set_white_card (card_set_id, white_card_id) values (125000, 125485);
insert into white_cards (id, text, watermark) values (125486, 'Existing.', 'base');
insert into card_set_white_card (card_set_id, white_card_id) values (125000, 125486);
insert into white_cards (id, text, watermark) values (125487, 'Expecting a burp and vomiting on the floor.', 'base');
insert into card_set_white_card (card_set_id, white_card_id) values (125000, 125487);
insert into white_cards (id, text, watermark) values (125488, 'Explaining how vaginas work.', 'base');
insert into card_set_white_card (card_set_id, white_card_id) values (125000, 125488);
insert into white_cards (id, text, watermark) values (125489, 'Explaining the difference between sex and gender.', 'base');
insert into card_set_white_card (card_set_id, white_card_id) values (125000, 125489);
insert into white_cards (id, text, watermark) values (125490, 'Explosions.', 'base');
insert into card_set_white_card (card_set_id, white_card_id) values (125000, 125490);
insert into white_cards (id, text, watermark) values (125491, 'Extremely tight jeans.', 'base');
insert into card_set_white_card (card_set_id, white_card_id) values (125000, 125491);
insert into white_cards (id, text, watermark) values (125492, 'Extremely tight pants.', 'base');
insert into card_set_white_card (card_set_id, white_card_id) values (125000, 125492);
insert into white_cards (id, text, watermark) values (125493, 'Extremely tight trousers.', 'base');
insert into card_set_white_card (card_set_id, white_card_id) values (125000, 125493);
insert into white_cards (id, text, watermark) values (125494, 'Facebook.', 'base');
insert into card_set_white_card (card_set_id, white_card_id) values (125000, 125494);
insert into white_cards (id, text, watermark) values (125495, 'Fading away into nothingness.', 'base');
insert into card_set_white_card (card_set_id, white_card_id) values (125000, 125495);
insert into white_cards (id, text, watermark) values (125496, 'Faffing about.', 'base');
insert into card_set_white_card (card_set_id, white_card_id) values (125000, 125496);
insert into white_cards (id, text, watermark) values (125497, 'Faith healing.', 'base');
insert into card_set_white_card (card_set_id, white_card_id) values (125000, 125497);
insert into white_cards (id, text, watermark) values (125498, 'Fake tits.', 'base');
insert into card_set_white_card (card_set_id, white_card_id) values (125000, 125498);
insert into white_cards (id, text, watermark) values (125499, 'FALCON PUNCH!!!', 'base');
insert into card_set_white_card (card_set_id, white_card_id) values (125000, 125499);
insert into white_cards (id, text, watermark) values (125500, 'Famine.', 'base');
insert into card_set_white_card (card_set_id, white_card_id) values (125000, 125500);
insert into white_cards (id, text, watermark) values (125501, 'Fancy Feast®.', 'base');
insert into card_set_white_card (card_set_id, white_card_id) values (125000, 125501);
insert into white_cards (id, text, watermark) values (125502, 'Farting and walking away.', 'base');
insert into card_set_white_card (card_set_id, white_card_id) values (125000, 125502);
insert into white_cards (id, text, watermark) values (125503, 'Farting into your petticoats and wafting it at Lord Gregory.', 'base');
insert into card_set_white_card (card_set_id, white_card_id) values (125000, 125503);
insert into white_cards (id, text, watermark) values (125504, 'Fear itself.', 'base');
insert into card_set_white_card (card_set_id, white_card_id) values (125000, 125504);
insert into white_cards (id, text, watermark) values (125505, 'Feeding Rosie O''Donnell.', 'base');
insert into card_set_white_card (card_set_id, white_card_id) values (125000, 125505);
insert into white_cards (id, text, watermark) values (125506, 'Feeding strawberries to my manslut.', 'base');
insert into card_set_white_card (card_set_id, white_card_id) values (125000, 125506);
insert into white_cards (id, text, watermark) values (125507, 'Fellowship in Christ.', 'base');
insert into card_set_white_card (card_set_id, white_card_id) values (125000, 125507);
insert into white_cards (id, text, watermark) values (125508, 'Fiery poops.', 'base');
insert into card_set_white_card (card_set_id, white_card_id) values (125000, 125508);
insert into white_cards (id, text, watermark) values (125509, 'Fiery poos.', 'base');
insert into card_set_white_card (card_set_id, white_card_id) values (125000, 125509);
insert into white_cards (id, text, watermark) values (125510, 'Figgy pudding.', 'base');
insert into card_set_white_card (card_set_id, white_card_id) values (125000, 125510);
insert into white_cards (id, text, watermark) values (125511, 'Filling my briefcase with business stuff.', 'base');
insert into card_set_white_card (card_set_id, white_card_id) values (125000, 125511);
insert into white_cards (id, text, watermark) values (125512, 'Filling my son with spaghetti.', 'base');
insert into card_set_white_card (card_set_id, white_card_id) values (125000, 125512);
insert into white_cards (id, text, watermark) values (125513, 'Filling Sean Hannity with helium and watching him float away.', 'base');
insert into card_set_white_card (card_set_id, white_card_id) values (125000, 125513);
insert into white_cards (id, text, watermark) values (125514, 'Finger painting.', 'base');
insert into card_set_white_card (card_set_id, white_card_id) values (125000, 125514);
insert into white_cards (id, text, watermark) values (125515, 'Fingering.', 'base');
insert into card_set_white_card (card_set_id, white_card_id) values (125000, 125515);
insert into white_cards (id, text, watermark) values (125516, 'Firing a rifle into the air while balls deep in a squealing hog.', 'base');
insert into card_set_white_card (card_set_id, white_card_id) values (125000, 125516);
insert into white_cards (id, text, watermark) values (125517, 'Fisting.', 'base');
insert into card_set_white_card (card_set_id, white_card_id) values (125000, 125517);
insert into white_cards (id, text, watermark) values (125518, 'Five litres of Special Brew.', 'base');
insert into card_set_white_card (card_set_id, white_card_id) values (125000, 125518);
insert into white_cards (id, text, watermark) values (125519, 'Five-Dollar Footlongs™.', 'base');
insert into card_set_white_card (card_set_id, white_card_id) values (125000, 125519);
insert into white_cards (id, text, watermark) values (125520, 'Flash flooding.', 'base');
insert into card_set_white_card (card_set_id, white_card_id) values (125000, 125520);
insert into white_cards (id, text, watermark) values (125521, 'Flat out not giving a shit.', 'base');
insert into card_set_white_card (card_set_id, white_card_id) values (125000, 125521);
insert into white_cards (id, text, watermark) values (125522, 'Flavored condoms.', 'base');
insert into card_set_white_card (card_set_id, white_card_id) values (125000, 125522);
insert into white_cards (id, text, watermark) values (125523, 'Flesh-eating bacteria.', 'base');
insert into card_set_white_card (card_set_id, white_card_id) values (125000, 125523);
insert into white_cards (id, text, watermark) values (125524, 'Flightless birds.', 'base');
insert into card_set_white_card (card_set_id, white_card_id) values (125000, 125524);
insert into white_cards (id, text, watermark) values (125525, 'Floating down the Hudson River with other garbage.', 'base');
insert into card_set_white_card (card_set_id, white_card_id) values (125000, 125525);
insert into white_cards (id, text, watermark) values (125526, 'Flying robots that kill people.', 'base');
insert into card_set_white_card (card_set_id, white_card_id) values (125000, 125526);
insert into white_cards (id, text, watermark) values (125527, 'Flying sex snakes.', 'base');
insert into card_set_white_card (card_set_id, white_card_id) values (125000, 125527);
insert into white_cards (id, text, watermark) values (125528, 'Forced sterilisation.', 'base');
insert into card_set_white_card (card_set_id, white_card_id) values (125000, 125528);
insert into white_cards (id, text, watermark) values (125529, 'Forced sterilization.', 'base');
insert into card_set_white_card (card_set_id, white_card_id) values (125000, 125529);
insert into white_cards (id, text, watermark) values (125530, 'Foreskin.', 'base');
insert into card_set_white_card (card_set_id, white_card_id) values (125000, 125530);
insert into white_cards (id, text, watermark) values (125531, 'Forgetting the Alamo.', 'base');
insert into card_set_white_card (card_set_id, white_card_id) values (125000, 125531);
insert into white_cards (id, text, watermark) values (125532, 'Former President George W. Bush.', 'base');
insert into card_set_white_card (card_set_id, white_card_id) values (125000, 125532);
insert into white_cards (id, text, watermark) values (125533, 'Four Loko.', 'base');
insert into card_set_white_card (card_set_id, white_card_id) values (125000, 125533);
insert into white_cards (id, text, watermark) values (125534, 'Fox News.', 'base');
insert into card_set_white_card (card_set_id, white_card_id) values (125000, 125534);
insert into white_cards (id, text, watermark) values (125535, 'Fragile masculinity.', 'base');
insert into card_set_white_card (card_set_id, white_card_id) values (125000, 125535);
insert into white_cards (id, text, watermark) values (125536, 'Free samples.', 'base');
insert into card_set_white_card (card_set_id, white_card_id) values (125000, 125536);
insert into white_cards (id, text, watermark) values (125537, 'Friction.', 'base');
insert into card_set_white_card (card_set_id, white_card_id) values (125000, 125537);
insert into white_cards (id, text, watermark) values (125538, 'Friendly fire.', 'base');
insert into card_set_white_card (card_set_id, white_card_id) values (125000, 125538);
insert into white_cards (id, text, watermark) values (125539, 'Friends who eat all the snacks.', 'base');
insert into card_set_white_card (card_set_id, white_card_id) values (125000, 125539);
insert into white_cards (id, text, watermark) values (125540, 'Friends who eat all your snacks.', 'base');
insert into card_set_white_card (card_set_id, white_card_id) values (125000, 125540);
insert into white_cards (id, text, watermark) values (125541, 'Friends with benefits.', 'base');
insert into card_set_white_card (card_set_id, white_card_id) values (125000, 125541);
insert into white_cards (id, text, watermark) values (125542, 'Frolicking.', 'base');
insert into card_set_white_card (card_set_id, white_card_id) values (125000, 125542);
insert into white_cards (id, text, watermark) values (125543, 'Front butt.', 'base');
insert into card_set_white_card (card_set_id, white_card_id) values (125000, 125543);
insert into white_cards (id, text, watermark) values (125544, 'Fucking all my dad''s friends.', 'base');
insert into card_set_white_card (card_set_id, white_card_id) values (125000, 125544);
insert into white_cards (id, text, watermark) values (125545, 'Fucking my sister.', 'base');
insert into card_set_white_card (card_set_id, white_card_id) values (125000, 125545);
insert into white_cards (id, text, watermark) values (125546, 'Fucking the weatherman on live television.', 'base');
insert into card_set_white_card (card_set_id, white_card_id) values (125000, 125546);
insert into white_cards (id, text, watermark) values (125547, 'Full frontal nudity.', 'base');
insert into card_set_white_card (card_set_id, white_card_id) values (125000, 125547);
insert into white_cards (id, text, watermark) values (125548, 'Funky fresh rhymes.', 'base');
insert into card_set_white_card (card_set_id, white_card_id) values (125000, 125548);
insert into white_cards (id, text, watermark) values (125549, 'Gandalf.', 'base');
insert into card_set_white_card (card_set_id, white_card_id) values (125000, 125549);
insert into white_cards (id, text, watermark) values (125550, 'Gandhi.', 'base');
insert into card_set_white_card (card_set_id, white_card_id) values (125000, 125550);
insert into white_cards (id, text, watermark) values (125551, 'Garth Brooks.', 'base');
insert into card_set_white_card (card_set_id, white_card_id) values (125000, 125551);
insert into white_cards (id, text, watermark) values (125552, 'Gary Coleman.', 'base');
insert into card_set_white_card (card_set_id, white_card_id) values (125000, 125552);
insert into white_cards (id, text, watermark) values (125553, 'Gary Glitter.', 'base');
insert into card_set_white_card (card_set_id, white_card_id) values (125000, 125553);
insert into white_cards (id, text, watermark) values (125554, 'Gay aliens.', 'base');
insert into card_set_white_card (card_set_id, white_card_id) values (125000, 125554);
insert into white_cards (id, text, watermark) values (125555, 'Gay conversion therapy.', 'base');
insert into card_set_white_card (card_set_id, white_card_id) values (125000, 125555);
insert into white_cards (id, text, watermark) values (125556, 'Geese.', 'base');
insert into card_set_white_card (card_set_id, white_card_id) values (125000, 125556);
insert into white_cards (id, text, watermark) values (125557, 'Genetically engineered super-soldiers.', 'base');
insert into card_set_white_card (card_set_id, white_card_id) values (125000, 125557);
insert into white_cards (id, text, watermark) values (125558, 'Genghis Khan.', 'base');
insert into card_set_white_card (card_set_id, white_card_id) values (125000, 125558);
insert into white_cards (id, text, watermark) values (125559, 'Genital piercings.', 'base');
insert into card_set_white_card (card_set_id, white_card_id) values (125000, 125559);
insert into white_cards (id, text, watermark) values (125560, 'Gentleman''s Relish®.', 'base');
insert into card_set_white_card (card_set_id, white_card_id) values (125000, 125560);
insert into white_cards (id, text, watermark) values (125561, 'Genuine human connection.', 'base');
insert into card_set_white_card (card_set_id, white_card_id) values (125000, 125561);
insert into white_cards (id, text, watermark) values (125562, 'German Chancellor Angela Merkel.', 'base');
insert into card_set_white_card (card_set_id, white_card_id) values (125000, 125562);
insert into white_cards (id, text, watermark) values (125563, 'German dungeon porn.', 'base');
insert into card_set_white_card (card_set_id, white_card_id) values (125000, 125563);
insert into white_cards (id, text, watermark) values (125564, 'Germans on holiday.', 'base');
insert into card_set_white_card (card_set_id, white_card_id) values (125000, 125564);
insert into white_cards (id, text, watermark) values (125565, 'Getting a DUI on a Zamboni.', 'base');
insert into card_set_white_card (card_set_id, white_card_id) values (125000, 125565);
insert into white_cards (id, text, watermark) values (125566, 'Getting crushed between Serena Williams'' thighs.', 'base');
insert into card_set_white_card (card_set_id, white_card_id) values (125000, 125566);
insert into white_cards (id, text, watermark) values (125567, 'Getting crushed by a vending machine.', 'base');
insert into card_set_white_card (card_set_id, white_card_id) values (125000, 125567);
insert into white_cards (id, text, watermark) values (125568, 'Getting cummed on.', 'base');
insert into card_set_white_card (card_set_id, white_card_id) values (125000, 125568);
insert into white_cards (id, text, watermark) values (125569, 'Getting decapitated by a helicopter.', 'base');
insert into card_set_white_card (card_set_id, white_card_id) values (125000, 125569);
insert into white_cards (id, text, watermark) values (125570, 'Getting drugs off the street and into my body.', 'base');
insert into card_set_white_card (card_set_id, white_card_id) values (125000, 125570);
insert into white_cards (id, text, watermark) values (125571, 'Getting drunk on mouthwash.', 'base');
insert into card_set_white_card (card_set_id, white_card_id) values (125000, 125571);
insert into white_cards (id, text, watermark) values (125572, 'Getting fingered.', 'base');
insert into card_set_white_card (card_set_id, white_card_id) values (125000, 125572);
insert into white_cards (id, text, watermark) values (125573, 'Getting into a pretty bad car accident.', 'base');
insert into card_set_white_card (card_set_id, white_card_id) values (125000, 125573);
insert into white_cards (id, text, watermark) values (125574, 'Getting married, having a few kids, buying some stuff, retiring to Florida, and dying.', 'base');
insert into card_set_white_card (card_set_id, white_card_id) values (125000, 125574);
insert into white_cards (id, text, watermark) values (125575, 'Getting married, having a few kids, buying some stuff, retiring to Queensland, and dying.', 'base');
insert into card_set_white_card (card_set_id, white_card_id) values (125000, 125575);
insert into white_cards (id, text, watermark) values (125576, 'Getting married, having a few kids, buying some stuff, retiring to the south of France, and dying.', 'base');
insert into card_set_white_card (card_set_id, white_card_id) values (125000, 125576);
insert into white_cards (id, text, watermark) values (125577, 'Getting naked and watching CBeebies.', 'base');
insert into card_set_white_card (card_set_id, white_card_id) values (125000, 125577);
insert into white_cards (id, text, watermark) values (125578, 'Getting naked and watching Nickelodeon.', 'base');
insert into card_set_white_card (card_set_id, white_card_id) values (125000, 125578);
insert into white_cards (id, text, watermark) values (125579, 'Getting naked and watching Play School.', 'base');
insert into card_set_white_card (card_set_id, white_card_id) values (125000, 125579);
insert into white_cards (id, text, watermark) values (125580, 'Getting pregnant again.', 'base');
insert into card_set_white_card (card_set_id, white_card_id) values (125000, 125580);
insert into white_cards (id, text, watermark) values (125581, 'Getting really high.', 'base');
insert into card_set_white_card (card_set_id, white_card_id) values (125000, 125581);
insert into white_cards (id, text, watermark) values (125582, 'Getting serial killed.', 'base');
insert into card_set_white_card (card_set_id, white_card_id) values (125000, 125582);
insert into white_cards (id, text, watermark) values (125583, 'Getting so angry that you pop a boner.', 'base');
insert into card_set_white_card (card_set_id, white_card_id) values (125000, 125583);
insert into white_cards (id, text, watermark) values (125584, 'Getting so angry that you pop a stiffy.', 'base');
insert into card_set_white_card (card_set_id, white_card_id) values (125000, 125584);
insert into white_cards (id, text, watermark) values (125585, 'Getting the same Boots Meal Deal every day for six years.', 'base');
insert into card_set_white_card (card_set_id, white_card_id) values (125000, 125585);
insert into white_cards (id, text, watermark) values (125586, 'Getting wed, having a few kids, taking some pictures, retiring to the south of France, and dying.', 'base');
insert into card_set_white_card (card_set_id, white_card_id) values (125000, 125586);
insert into white_cards (id, text, watermark) values (125587, 'Ghosts.', 'base');
insert into card_set_white_card (card_set_id, white_card_id) values (125000, 125587);
insert into white_cards (id, text, watermark) values (125588, 'Giggling like an anime girl.', 'base');
insert into card_set_white_card (card_set_id, white_card_id) values (125000, 125588);
insert into white_cards (id, text, watermark) values (125589, 'Girls who shouldn''t go wild.', 'base');
insert into card_set_white_card (card_set_id, white_card_id) values (125000, 125589);
insert into white_cards (id, text, watermark) values (125590, 'Girls.', 'base');
insert into card_set_white_card (card_set_id, white_card_id) values (125000, 125590);
insert into white_cards (id, text, watermark) values (125591, 'Giving 110%.', 'base');
insert into card_set_white_card (card_set_id, white_card_id) values (125000, 125591);
insert into white_cards (id, text, watermark) values (125592, 'Giving birth in prison.', 'base');
insert into card_set_white_card (card_set_id, white_card_id) values (125000, 125592);
insert into white_cards (id, text, watermark) values (125593, 'Giving birth to the Antichrist.', 'base');
insert into card_set_white_card (card_set_id, white_card_id) values (125000, 125593);
insert into white_cards (id, text, watermark) values (125594, 'Gladiatorial combat.', 'base');
insert into card_set_white_card (card_set_id, white_card_id) values (125000, 125594);
insert into white_cards (id, text, watermark) values (125595, 'Glassing a wanker.', 'base');
insert into card_set_white_card (card_set_id, white_card_id) values (125000, 125595);
insert into white_cards (id, text, watermark) values (125596, 'Glenn Beck being harried by a swarm of buzzards.', 'base');
insert into card_set_white_card (card_set_id, white_card_id) values (125000, 125596);
insert into white_cards (id, text, watermark) values (125597, 'Glenn Beck catching his scrotum on a curtain hook.', 'base');
insert into card_set_white_card (card_set_id, white_card_id) values (125000, 125597);
insert into white_cards (id, text, watermark) values (125598, 'Glenn Beck convulsively vomiting as a brood of crab spiders hatches in his brain and erupts from his tear ducts.', 'base');
insert into card_set_white_card (card_set_id, white_card_id) values (125000, 125598);
insert into white_cards (id, text, watermark) values (125599, 'Glenn Beck.', 'base');
insert into card_set_white_card (card_set_id, white_card_id) values (125000, 125599);
insert into white_cards (id, text, watermark) values (125600, 'Global warming.', 'base');
insert into card_set_white_card (card_set_id, white_card_id) values (125000, 125600);
insert into white_cards (id, text, watermark) values (125601, 'Gloryholes.', 'base');
insert into card_set_white_card (card_set_id, white_card_id) values (125000, 125601);
insert into white_cards (id, text, watermark) values (125602, 'Goat.', 'base');
insert into card_set_white_card (card_set_id, white_card_id) values (125000, 125602);
insert into white_cards (id, text, watermark) values (125603, 'Goats eating cans.', 'base');
insert into card_set_white_card (card_set_id, white_card_id) values (125000, 125603);
insert into white_cards (id, text, watermark) values (125604, 'Goblins.', 'base');
insert into card_set_white_card (card_set_id, white_card_id) values (125000, 125604);
insert into white_cards (id, text, watermark) values (125605, 'God.', 'base');
insert into card_set_white_card (card_set_id, white_card_id) values (125000, 125605);
insert into white_cards (id, text, watermark) values (125606, 'GoGurt®.', 'base');
insert into card_set_white_card (card_set_id, white_card_id) values (125000, 125606);
insert into white_cards (id, text, watermark) values (125607, 'Going an entire day without masturbating.', 'base');
insert into card_set_white_card (card_set_id, white_card_id) values (125000, 125607);
insert into white_cards (id, text, watermark) values (125608, 'Going around punching people.', 'base');
insert into card_set_white_card (card_set_id, white_card_id) values (125000, 125608);
insert into white_cards (id, text, watermark) values (125609, 'Golden showers.', 'base');
insert into card_set_white_card (card_set_id, white_card_id) values (125000, 125609);
insert into white_cards (id, text, watermark) values (125610, 'Good-natured, fun-loving Aussie racism.', 'base');
insert into card_set_white_card (card_set_id, white_card_id) values (125000, 125610);
insert into white_cards (id, text, watermark) values (125611, 'Grabbing my man by his love handles and fucking his big ass.', 'base');
insert into card_set_white_card (card_set_id, white_card_id) values (125000, 125611);
insert into white_cards (id, text, watermark) values (125612, 'Grandma.', 'base');
insert into card_set_white_card (card_set_id, white_card_id) values (125000, 125612);
insert into white_cards (id, text, watermark) values (125613, 'Grandpa''s ashes.', 'base');
insert into card_set_white_card (card_set_id, white_card_id) values (125000, 125613);
insert into white_cards (id, text, watermark) values (125614, 'Graphic violence, adult language, and some sexual content.', 'base');
insert into card_set_white_card (card_set_id, white_card_id) values (125000, 125614);
insert into white_cards (id, text, watermark) values (125615, 'Grave robbing.', 'base');
insert into card_set_white_card (card_set_id, white_card_id) values (125000, 125615);
insert into white_cards (id, text, watermark) values (125616, 'Growing a pair.', 'base');
insert into card_set_white_card (card_set_id, white_card_id) values (125000, 125616);
insert into white_cards (id, text, watermark) values (125617, 'Guys who don''t call.', 'base');
insert into card_set_white_card (card_set_id, white_card_id) values (125000, 125617);
insert into white_cards (id, text, watermark) values (125618, 'Haggis.', 'base');
insert into card_set_white_card (card_set_id, white_card_id) values (125000, 125618);
insert into white_cards (id, text, watermark) values (125619, 'Half a kilo of pure China White heroin.', 'base');
insert into card_set_white_card (card_set_id, white_card_id) values (125000, 125619);
insert into white_cards (id, text, watermark) values (125620, 'Half-assed foreplay.', 'base');
insert into card_set_white_card (card_set_id, white_card_id) values (125000, 125620);
insert into white_cards (id, text, watermark) values (125621, 'Erotica.', 'base');
insert into card_set_white_card (card_set_id, white_card_id) values (125000, 125621);
insert into white_cards (id, text, watermark) values (125622, 'Have some more kugel.', 'base');
insert into card_set_white_card (card_set_id, white_card_id) values (125000, 125622);
insert into white_cards (id, text, watermark) values (125623, 'Having a Golden Gaytime.', 'base');
insert into card_set_white_card (card_set_id, white_card_id) values (125000, 125623);
insert into white_cards (id, text, watermark) values (125624, 'Having a penis.', 'base');
insert into card_set_white_card (card_set_id, white_card_id) values (125000, 125624);
insert into white_cards (id, text, watermark) values (125625, 'Having a shag in the back of a ute.', 'base');
insert into card_set_white_card (card_set_id, white_card_id) values (125000, 125625);
insert into white_cards (id, text, watermark) values (125626, 'Having a stroke.', 'base');
insert into card_set_white_card (card_set_id, white_card_id) values (125000, 125626);
insert into white_cards (id, text, watermark) values (125627, 'Having anuses for eyes.', 'base');
insert into card_set_white_card (card_set_id, white_card_id) values (125000, 125627);
insert into white_cards (id, text, watermark) values (125628, 'Having big dreams but no realistic way to achieve them.', 'base');
insert into card_set_white_card (card_set_id, white_card_id) values (125000, 125628);
insert into white_cards (id, text, watermark) values (125629, 'Having sex for the first time.', 'base');
insert into card_set_white_card (card_set_id, white_card_id) values (125000, 125629);
insert into white_cards (id, text, watermark) values (125630, 'Having sex on top of a pizza.', 'base');
insert into card_set_white_card (card_set_id, white_card_id) values (125000, 125630);
insert into white_cards (id, text, watermark) values (125631, 'Having sex with every man in Winnipeg.', 'base');
insert into card_set_white_card (card_set_id, white_card_id) values (125000, 125631);
insert into white_cards (id, text, watermark) values (125632, 'Having shotguns for legs.', 'base');
insert into card_set_white_card (card_set_id, white_card_id) values (125000, 125632);
insert into white_cards (id, text, watermark) values (125633, 'Heartwarming orphans.', 'base');
insert into card_set_white_card (card_set_id, white_card_id) values (125000, 125633);
insert into white_cards (id, text, watermark) values (125634, 'Heath Ledger.', 'base');
insert into card_set_white_card (card_set_id, white_card_id) values (125000, 125634);
insert into white_cards (id, text, watermark) values (125635, 'Helplessly giggling at the mention of Hutus and Tutsis.', 'base');
insert into card_set_white_card (card_set_id, white_card_id) values (125000, 125635);
insert into white_cards (id, text, watermark) values (125636, 'Her Majesty, Queen Elizabeth II.', 'base');
insert into card_set_white_card (card_set_id, white_card_id) values (125000, 125636);
insert into white_cards (id, text, watermark) values (125637, 'Her Royal Highness, Queen Elizabeth II.', 'base');
insert into card_set_white_card (card_set_id, white_card_id) values (125000, 125637);
insert into white_cards (id, text, watermark) values (125638, 'Heritage minutes.', 'base');
insert into card_set_white_card (card_set_id, white_card_id) values (125000, 125638);
insert into white_cards (id, text, watermark) values (125639, 'Heritage minutes.', 'base');
insert into card_set_white_card (card_set_id, white_card_id) values (125000, 125639);
insert into white_cards (id, text, watermark) values (125640, 'Heroin.', 'base');
insert into card_set_white_card (card_set_id, white_card_id) values (125000, 125640);
insert into white_cards (id, text, watermark) values (125641, 'Heteronormativity.', 'base');
insert into card_set_white_card (card_set_id, white_card_id) values (125000, 125641);
insert into white_cards (id, text, watermark) values (125642, 'Hillary Clinton''s emails.', 'base');
insert into card_set_white_card (card_set_id, white_card_id) values (125000, 125642);
insert into white_cards (id, text, watermark) values (125643, 'Hip hop jewels.', 'base');
insert into card_set_white_card (card_set_id, white_card_id) values (125000, 125643);
insert into white_cards (id, text, watermark) values (125644, 'Hipsters.', 'base');
insert into card_set_white_card (card_set_id, white_card_id) values (125000, 125644);
insert into white_cards (id, text, watermark) values (125645, 'Historically black colleges.', 'base');
insert into card_set_white_card (card_set_id, white_card_id) values (125000, 125645);
insert into white_cards (id, text, watermark) values (125646, 'Hobos.', 'base');
insert into card_set_white_card (card_set_id, white_card_id) values (125000, 125646);
insert into white_cards (id, text, watermark) values (125647, 'Holding a pepper grinder for some reason.', 'base');
insert into card_set_white_card (card_set_id, white_card_id) values (125000, 125647);
insert into white_cards (id, text, watermark) values (125648, 'Holding down a child and farting all over him.', 'base');
insert into card_set_white_card (card_set_id, white_card_id) values (125000, 125648);
insert into white_cards (id, text, watermark) values (125649, 'Home video of Oprah sobbing into a Lean Cuisine®.', 'base');
insert into card_set_white_card (card_set_id, white_card_id) values (125000, 125649);
insert into white_cards (id, text, watermark) values (125650, 'Homeless people.', 'base');
insert into card_set_white_card (card_set_id, white_card_id) values (125000, 125650);
insert into white_cards (id, text, watermark) values (125651, 'Homo milk.', 'base');
insert into card_set_white_card (card_set_id, white_card_id) values (125000, 125651);
insert into white_cards (id, text, watermark) values (125652, 'Hooning.', 'base');
insert into card_set_white_card (card_set_id, white_card_id) values (125000, 125652);
insert into white_cards (id, text, watermark) values (125653, 'Hope.', 'base');
insert into card_set_white_card (card_set_id, white_card_id) values (125000, 125653);
insert into white_cards (id, text, watermark) values (125654, 'Hormone injections.', 'base');
insert into card_set_white_card (card_set_id, white_card_id) values (125000, 125654);
insert into white_cards (id, text, watermark) values (125655, 'Horrifying laser hair removal accidents.', 'base');
insert into card_set_white_card (card_set_id, white_card_id) values (125000, 125655);
insert into white_cards (id, text, watermark) values (125656, 'Horse meat.', 'base');
insert into card_set_white_card (card_set_id, white_card_id) values (125000, 125656);
insert into white_cards (id, text, watermark) values (125657, 'Hospice care.', 'base');
insert into card_set_white_card (card_set_id, white_card_id) values (125000, 125657);
insert into white_cards (id, text, watermark) values (125658, 'Hot Asian men.', 'base');
insert into card_set_white_card (card_set_id, white_card_id) values (125000, 125658);
insert into white_cards (id, text, watermark) values (125659, 'Hot cheese.', 'base');
insert into card_set_white_card (card_set_id, white_card_id) values (125000, 125659);
insert into white_cards (id, text, watermark) values (125660, 'Hot people.', 'base');
insert into card_set_white_card (card_set_id, white_card_id) values (125000, 125660);
insert into white_cards (id, text, watermark) values (125661, 'Hot Pockets®.', 'base');
insert into card_set_white_card (card_set_id, white_card_id) values (125000, 125661);
insert into white_cards (id, text, watermark) values (125662, 'How amazing it is to be on mushrooms.', 'base');
insert into card_set_white_card (card_set_id, white_card_id) values (125000, 125662);
insert into white_cards (id, text, watermark) values (125663, 'How awesome it is to be white.', 'base');
insert into card_set_white_card (card_set_id, white_card_id) values (125000, 125663);
insert into white_cards (id, text, watermark) values (125664, 'How bad my daughter fucked up her dance recital.', 'base');
insert into card_set_white_card (card_set_id, white_card_id) values (125000, 125664);
insert into white_cards (id, text, watermark) values (125665, 'How far I can get my own penis up my butt.', 'base');
insert into card_set_white_card (card_set_id, white_card_id) values (125000, 125665);
insert into white_cards (id, text, watermark) values (125666, 'How wet my pussy is.', 'base');
insert into card_set_white_card (card_set_id, white_card_id) values (125000, 125666);
insert into white_cards (id, text, watermark) values (125667, 'However much weed $20 can buy.', 'base');
insert into card_set_white_card (card_set_id, white_card_id) values (125000, 125667);
insert into white_cards (id, text, watermark) values (125668, 'However much weed £20 can buy.', 'base');
insert into card_set_white_card (card_set_id, white_card_id) values (125000, 125668);
insert into white_cards (id, text, watermark) values (125669, 'Huffing spray paint.', 'base');
insert into card_set_white_card (card_set_id, white_card_id) values (125000, 125669);
insert into white_cards (id, text, watermark) values (125670, 'Huge biceps.', 'base');
insert into card_set_white_card (card_set_id, white_card_id) values (125000, 125670);
insert into white_cards (id, text, watermark) values (125671, 'Hulk Hogan.', 'base');
insert into card_set_white_card (card_set_id, white_card_id) values (125000, 125671);
insert into white_cards (id, text, watermark) values (125672, 'Hunting "accidents".', 'base');
insert into card_set_white_card (card_set_id, white_card_id) values (125000, 125672);
insert into white_cards (id, text, watermark) values (125673, 'Hunting accidents.', 'base');
insert into card_set_white_card (card_set_id, white_card_id) values (125000, 125673);
insert into white_cards (id, text, watermark) values (125674, 'Hurling one''s body down a hill in pursuit of a wheel of cheese.', 'base');
insert into card_set_white_card (card_set_id, white_card_id) values (125000, 125674);
insert into white_cards (id, text, watermark) values (125675, 'Hurricane Katrina.', 'base');
insert into card_set_white_card (card_set_id, white_card_id) values (125000, 125675);
insert into white_cards (id, text, watermark) values (125676, 'Hurting those closest to me.', 'base');
insert into card_set_white_card (card_set_id, white_card_id) values (125000, 125676);
insert into white_cards (id, text, watermark) values (125677, 'I''m friends with your dad on Facebook.', 'base');
insert into card_set_white_card (card_set_id, white_card_id) values (125000, 125677);
insert into white_cards (id, text, watermark) values (125678, 'Ice.', 'base');
insert into card_set_white_card (card_set_id, white_card_id) values (125000, 125678);
insert into white_cards (id, text, watermark) values (125679, 'Illegal immigrants.', 'base');
insert into card_set_white_card (card_set_id, white_card_id) values (125000, 125679);
insert into white_cards (id, text, watermark) values (125680, 'Impotence.', 'base');
insert into card_set_white_card (card_set_id, white_card_id) values (125000, 125680);
insert into white_cards (id, text, watermark) values (125681, 'Improvised explosive devices.', 'base');
insert into card_set_white_card (card_set_id, white_card_id) values (125000, 125681);
insert into white_cards (id, text, watermark) values (125682, 'Inappropriate yodeling.', 'base');
insert into card_set_white_card (card_set_id, white_card_id) values (125000, 125682);
insert into white_cards (id, text, watermark) values (125683, 'Incest.', 'base');
insert into card_set_white_card (card_set_id, white_card_id) values (125000, 125683);
insert into white_cards (id, text, watermark) values (125684, 'Indescribable loneliness.', 'base');
insert into card_set_white_card (card_set_id, white_card_id) values (125000, 125684);
insert into white_cards (id, text, watermark) values (125685, 'Inserting a jam jar into my anus.', 'base');
insert into card_set_white_card (card_set_id, white_card_id) values (125000, 125685);
insert into white_cards (id, text, watermark) values (125686, 'Inserting a Mason jar into my anus.', 'base');
insert into card_set_white_card (card_set_id, white_card_id) values (125000, 125686);
insert into white_cards (id, text, watermark) values (125687, 'Intelligent design.', 'base');
insert into card_set_white_card (card_set_id, white_card_id) values (125000, 125687);
insert into white_cards (id, text, watermark) values (125688, 'Intimacy problems.', 'base');
insert into card_set_white_card (card_set_id, white_card_id) values (125000, 125688);
insert into white_cards (id, text, watermark) values (125689, 'Invading Poland.', 'base');
insert into card_set_white_card (card_set_id, white_card_id) values (125000, 125689);
insert into white_cards (id, text, watermark) values (125690, 'Irritable Bowel Syndrome.', 'base');
insert into card_set_white_card (card_set_id, white_card_id) values (125000, 125690);
insert into white_cards (id, text, watermark) values (125691, 'Irritable bowel syndrome.', 'base');
insert into card_set_white_card (card_set_id, white_card_id) values (125000, 125691);
insert into white_cards (id, text, watermark) values (125692, 'Italians.', 'base');
insert into card_set_white_card (card_set_id, white_card_id) values (125000, 125692);
insert into white_cards (id, text, watermark) values (125693, 'Itchy pussy.', 'base');
insert into card_set_white_card (card_set_id, white_card_id) values (125000, 125693);
insert into white_cards (id, text, watermark) values (125694, 'J.D. Power and his associates.', 'base');
insert into card_set_white_card (card_set_id, white_card_id) values (125000, 125694);
insert into white_cards (id, text, watermark) values (125695, 'Jade Goody''s cancerous remains.', 'base');
insert into card_set_white_card (card_set_id, white_card_id) values (125000, 125695);
insert into white_cards (id, text, watermark) values (125696, 'James fucking Cordon.', 'base');
insert into card_set_white_card (card_set_id, white_card_id) values (125000, 125696);
insert into white_cards (id, text, watermark) values (125697, 'Jedward.', 'base');
insert into card_set_white_card (card_set_id, white_card_id) values (125000, 125697);
insert into white_cards (id, text, watermark) values (125698, 'Jehovah''s Witnesses.', 'base');
insert into card_set_white_card (card_set_id, white_card_id) values (125000, 125698);
insert into white_cards (id, text, watermark) values (125699, 'Jennifer Lawrence.', 'base');
insert into card_set_white_card (card_set_id, white_card_id) values (125000, 125699);
insert into white_cards (id, text, watermark) values (125700, 'Jerking off into a pool of children''s tears.', 'base');
insert into card_set_white_card (card_set_id, white_card_id) values (125000, 125700);
insert into white_cards (id, text, watermark) values (125701, 'Jesus.', 'base');
insert into card_set_white_card (card_set_id, white_card_id) values (125000, 125701);
insert into white_cards (id, text, watermark) values (125702, 'Jew-fros.', 'base');
insert into card_set_white_card (card_set_id, white_card_id) values (125000, 125702);
insert into white_cards (id, text, watermark) values (125703, 'Jewish fraternities.', 'base');
insert into card_set_white_card (card_set_id, white_card_id) values (125000, 125703);
insert into white_cards (id, text, watermark) values (125704, 'Jews, gypsies, and homosexuals.', 'base');
insert into card_set_white_card (card_set_id, white_card_id) values (125000, 125704);
insert into white_cards (id, text, watermark) values (125705, 'Jibber-jabber.', 'base');
insert into card_set_white_card (card_set_id, white_card_id) values (125000, 125705);
insert into white_cards (id, text, watermark) values (125706, 'Jimmy Savile.', 'base');
insert into card_set_white_card (card_set_id, white_card_id) values (125000, 125706);
insert into white_cards (id, text, watermark) values (125707, 'Jobs.', 'base');
insert into card_set_white_card (card_set_id, white_card_id) values (125000, 125707);
insert into white_cards (id, text, watermark) values (125708, 'Joe Biden.', 'base');
insert into card_set_white_card (card_set_id, white_card_id) values (125000, 125708);
insert into white_cards (id, text, watermark) values (125709, 'John Howard''s eyebrows.', 'base');
insert into card_set_white_card (card_set_id, white_card_id) values (125000, 125709);
insert into white_cards (id, text, watermark) values (125710, 'John Wilkes Booth.', 'base');
insert into card_set_white_card (card_set_id, white_card_id) values (125000, 125710);
insert into white_cards (id, text, watermark) values (125711, 'Judge Judy.', 'base');
insert into card_set_white_card (card_set_id, white_card_id) values (125000, 125711);
insert into white_cards (id, text, watermark) values (125712, 'Judging everyone.', 'base');
insert into card_set_white_card (card_set_id, white_card_id) values (125000, 125712);
insert into white_cards (id, text, watermark) values (125713, 'Just touching David Beckham''s hair.', 'base');
insert into card_set_white_card (card_set_id, white_card_id) values (125000, 125713);
insert into white_cards (id, text, watermark) values (125714, 'Justin Bieber.', 'base');
insert into card_set_white_card (card_set_id, white_card_id) values (125000, 125714);
insert into white_cards (id, text, watermark) values (125715, 'Justin Trudeau.', 'base');
insert into card_set_white_card (card_set_id, white_card_id) values (125000, 125715);
insert into white_cards (id, text, watermark) values (125716, 'Juuling.', 'base');
insert into card_set_white_card (card_set_id, white_card_id) values (125000, 125716);
insert into white_cards (id, text, watermark) values (125717, 'Kamala Harris.', 'base');
insert into card_set_white_card (card_set_id, white_card_id) values (125000, 125717);
insert into white_cards (id, text, watermark) values (125718, 'Kamikaze pilots.', 'base');
insert into card_set_white_card (card_set_id, white_card_id) values (125000, 125718);
insert into white_cards (id, text, watermark) values (125719, 'Kanye West.', 'base');
insert into card_set_white_card (card_set_id, white_card_id) values (125000, 125719);
insert into white_cards (id, text, watermark) values (125720, 'Karen.', 'base');
insert into card_set_white_card (card_set_id, white_card_id) values (125000, 125720);
insert into white_cards (id, text, watermark) values (125721, 'Kayaking with my sluts.', 'base');
insert into card_set_white_card (card_set_id, white_card_id) values (125000, 125721);
insert into white_cards (id, text, watermark) values (125722, 'Keanu Reeves.', 'base');
insert into card_set_white_card (card_set_id, white_card_id) values (125000, 125722);
insert into white_cards (id, text, watermark) values (125723, 'Keeping Christ in Christmas.', 'base');
insert into card_set_white_card (card_set_id, white_card_id) values (125000, 125723);
insert into white_cards (id, text, watermark) values (125724, 'Keg stands.', 'base');
insert into card_set_white_card (card_set_id, white_card_id) values (125000, 125724);
insert into white_cards (id, text, watermark) values (125725, 'Kibbles ''n Bits™.', 'base');
insert into card_set_white_card (card_set_id, white_card_id) values (125000, 125725);
insert into white_cards (id, text, watermark) values (125726, 'Kibbles n'' Bits.', 'base');
insert into card_set_white_card (card_set_id, white_card_id) values (125000, 125726);
insert into white_cards (id, text, watermark) values (125727, 'Kids with ass cancer.', 'base');
insert into card_set_white_card (card_set_id, white_card_id) values (125000, 125727);
insert into white_cards (id, text, watermark) values (125728, 'Kids with bum cancer.', 'base');
insert into card_set_white_card (card_set_id, white_card_id) values (125000, 125728);
insert into white_cards (id, text, watermark) values (125729, 'Kim Jong-il.', 'base');
insert into card_set_white_card (card_set_id, white_card_id) values (125000, 125729);
insert into white_cards (id, text, watermark) values (125730, 'Kim Jong-un.', 'base');
insert into card_set_white_card (card_set_id, white_card_id) values (125000, 125730);
insert into white_cards (id, text, watermark) values (125731, 'Kissing grandma on the forehead and turning off her life support.', 'base');
insert into card_set_white_card (card_set_id, white_card_id) values (125000, 125731);
insert into white_cards (id, text, watermark) values (125732, 'Kissing nan on the forehead and turning off her life support.', 'base');
insert into card_set_white_card (card_set_id, white_card_id) values (125000, 125732);
insert into white_cards (id, text, watermark) values (125733, 'Knife crime.', 'base');
insert into card_set_white_card (card_set_id, white_card_id) values (125000, 125733);
insert into white_cards (id, text, watermark) values (125734, 'Kourtney, Kim, Khloe, Kendall, and Kylie.', 'base');
insert into card_set_white_card (card_set_id, white_card_id) values (125000, 125734);
insert into white_cards (id, text, watermark) values (125735, 'Lactation.', 'base');
insert into card_set_white_card (card_set_id, white_card_id) values (125000, 125735);
insert into white_cards (id, text, watermark) values (125736, 'Lads.', 'base');
insert into card_set_white_card (card_set_id, white_card_id) values (125000, 125736);
insert into white_cards (id, text, watermark) values (125737, 'Lady Gaga.', 'base');
insert into card_set_white_card (card_set_id, white_card_id) values (125000, 125737);
insert into white_cards (id, text, watermark) values (125738, 'Lance Armstrong''s missing testicle.', 'base');
insert into card_set_white_card (card_set_id, white_card_id) values (125000, 125738);
insert into white_cards (id, text, watermark) values (125739, 'Land mines.', 'base');
insert into card_set_white_card (card_set_id, white_card_id) values (125000, 125739);
insert into white_cards (id, text, watermark) values (125740, 'Laughing over champagne flutes while the poor freeze to death outside.', 'base');
insert into card_set_white_card (card_set_id, white_card_id) values (125000, 125740);
insert into white_cards (id, text, watermark) values (125741, 'Laying an egg.', 'base');
insert into card_set_white_card (card_set_id, white_card_id) values (125000, 125741);
insert into white_cards (id, text, watermark) values (125742, 'Leaked footage of Kate Middleton''s colonoscopy.', 'base');
insert into card_set_white_card (card_set_id, white_card_id) values (125000, 125742);
insert into white_cards (id, text, watermark) values (125743, 'Leaving an awkward voicemail.', 'base');
insert into card_set_white_card (card_set_id, white_card_id) values (125000, 125743);
insert into white_cards (id, text, watermark) values (125744, 'Lena Dunham.', 'base');
insert into card_set_white_card (card_set_id, white_card_id) values (125000, 125744);
insert into white_cards (id, text, watermark) values (125745, 'Leprosy.', 'base');
insert into card_set_white_card (card_set_id, white_card_id) values (125000, 125745);
insert into white_cards (id, text, watermark) values (125746, 'Letting everyone down.', 'base');
insert into card_set_white_card (card_set_id, white_card_id) values (125000, 125746);
insert into white_cards (id, text, watermark) values (125747, 'Letting yourself go.', 'base');
insert into card_set_white_card (card_set_id, white_card_id) values (125000, 125747);
insert into white_cards (id, text, watermark) values (125748, 'Leveling up.', 'base');
insert into card_set_white_card (card_set_id, white_card_id) values (125000, 125748);
insert into white_cards (id, text, watermark) values (125749, 'Liberals.', 'base');
insert into card_set_white_card (card_set_id, white_card_id) values (125000, 125749);
insert into white_cards (id, text, watermark) values (125750, 'Licking the Queen.', 'base');
insert into card_set_white_card (card_set_id, white_card_id) values (125000, 125750);
insert into white_cards (id, text, watermark) values (125751, 'Licking things to claim them as your own.', 'base');
insert into card_set_white_card (card_set_id, white_card_id) values (125000, 125751);
insert into white_cards (id, text, watermark) values (125752, 'Like, whatever.', 'base');
insert into card_set_white_card (card_set_id, white_card_id) values (125000, 125752);
insert into white_cards (id, text, watermark) values (125753, 'Lips that could suck the chrome off of a doorknob.', 'base');
insert into card_set_white_card (card_set_id, white_card_id) values (125000, 125753);
insert into white_cards (id, text, watermark) values (125754, 'Listening to her problems without trying to solve them.', 'base');
insert into card_set_white_card (card_set_id, white_card_id) values (125000, 125754);
insert into white_cards (id, text, watermark) values (125755, 'Literally begging to die.', 'base');
insert into card_set_white_card (card_set_id, white_card_id) values (125000, 125755);
insert into white_cards (id, text, watermark) values (125756, 'Literally eating shit.', 'base');
insert into card_set_white_card (card_set_id, white_card_id) values (125000, 125756);
insert into white_cards (id, text, watermark) values (125757, 'Little boy penises.', 'base');
insert into card_set_white_card (card_set_id, white_card_id) values (125000, 125757);
insert into white_cards (id, text, watermark) values (125758, 'Living in a trash can.', 'base');
insert into card_set_white_card (card_set_id, white_card_id) values (125000, 125758);
insert into white_cards (id, text, watermark) values (125759, 'Living in Yellowknife.', 'base');
insert into card_set_white_card (card_set_id, white_card_id) values (125000, 125759);
insert into white_cards (id, text, watermark) values (125760, 'Lockjaw.', 'base');
insert into card_set_white_card (card_set_id, white_card_id) values (125000, 125760);
insert into white_cards (id, text, watermark) values (125761, 'Loki, the trickster god.', 'base');
insert into card_set_white_card (card_set_id, white_card_id) values (125000, 125761);
insert into white_cards (id, text, watermark) values (125762, 'Looking in the mirror, applying lipstick, and whispering "tonight, you will have sex with Tom Cruise."', 'base');
insert into card_set_white_card (card_set_id, white_card_id) values (125000, 125762);
insert into white_cards (id, text, watermark) values (125763, 'Loose lips.', 'base');
insert into card_set_white_card (card_set_id, white_card_id) values (125000, 125763);
insert into white_cards (id, text, watermark) values (125764, 'Lumberjack fantasies.', 'base');
insert into card_set_white_card (card_set_id, white_card_id) values (125000, 125764);
insert into white_cards (id, text, watermark) values (125765, 'Lunchables™.', 'base');
insert into card_set_white_card (card_set_id, white_card_id) values (125000, 125765);
insert into white_cards (id, text, watermark) values (125766, 'LYNX® Body Spray.', 'base');
insert into card_set_white_card (card_set_id, white_card_id) values (125000, 125766);
insert into white_cards (id, text, watermark) values (125767, 'Mad cow disease.', 'base');
insert into card_set_white_card (card_set_id, white_card_id) values (125000, 125767);
insert into white_cards (id, text, watermark) values (125768, 'Madeleine McCann.', 'base');
insert into card_set_white_card (card_set_id, white_card_id) values (125000, 125768);
insert into white_cards (id, text, watermark) values (125769, 'Magnets.', 'base');
insert into card_set_white_card (card_set_id, white_card_id) values (125000, 125769);
insert into white_cards (id, text, watermark) values (125770, 'Making a friend.', 'base');
insert into card_set_white_card (card_set_id, white_card_id) values (125000, 125770);
insert into white_cards (id, text, watermark) values (125771, 'Making a pouty face.', 'base');
insert into card_set_white_card (card_set_id, white_card_id) values (125000, 125771);
insert into white_cards (id, text, watermark) values (125772, 'Making sex at her.', 'base');
insert into card_set_white_card (card_set_id, white_card_id) values (125000, 125772);
insert into white_cards (id, text, watermark) values (125773, 'Making the penises kiss.', 'base');
insert into card_set_white_card (card_set_id, white_card_id) values (125000, 125773);
insert into white_cards (id, text, watermark) values (125774, 'Making up for centuries of oppression with one day of apologising.', 'base');
insert into card_set_white_card (card_set_id, white_card_id) values (125000, 125774);
insert into white_cards (id, text, watermark) values (125775, 'Man meat.', 'base');
insert into card_set_white_card (card_set_id, white_card_id) values (125000, 125775);
insert into white_cards (id, text, watermark) values (125776, 'Mansplaining.', 'base');
insert into card_set_white_card (card_set_id, white_card_id) values (125000, 125776);
insert into white_cards (id, text, watermark) values (125777, 'Many bats.', 'base');
insert into card_set_white_card (card_set_id, white_card_id) values (125000, 125777);
insert into white_cards (id, text, watermark) values (125778, 'Marky Mark and the Funky Bunch.', 'base');
insert into card_set_white_card (card_set_id, white_card_id) values (125000, 125778);
insert into white_cards (id, text, watermark) values (125779, 'Martha Stewart.', 'base');
insert into card_set_white_card (card_set_id, white_card_id) values (125000, 125779);
insert into white_cards (id, text, watermark) values (125780, 'Martin Lewis, Money Saving Expert.', 'base');
insert into card_set_white_card (card_set_id, white_card_id) values (125000, 125780);
insert into white_cards (id, text, watermark) values (125781, 'Massive, widespread drought.', 'base');
insert into card_set_white_card (card_set_id, white_card_id) values (125000, 125781);
insert into white_cards (id, text, watermark) values (125782, 'Masturbating.', 'base');
insert into card_set_white_card (card_set_id, white_card_id) values (125000, 125782);
insert into white_cards (id, text, watermark) values (125783, 'Masturbation.', 'base');
insert into card_set_white_card (card_set_id, white_card_id) values (125000, 125783);
insert into white_cards (id, text, watermark) values (125784, 'Mathletes.', 'base');
insert into card_set_white_card (card_set_id, white_card_id) values (125000, 125784);
insert into white_cards (id, text, watermark) values (125785, 'Maureen of Blackpool, Reader''s Wife of the Year 1988.', 'base');
insert into card_set_white_card (card_set_id, white_card_id) values (125000, 125785);
insert into white_cards (id, text, watermark) values (125786, 'Me jubbly bubblies.', 'base');
insert into card_set_white_card (card_set_id, white_card_id) values (125000, 125786);
insert into white_cards (id, text, watermark) values (125787, 'Me time.', 'base');
insert into card_set_white_card (card_set_id, white_card_id) values (125000, 125787);
insert into white_cards (id, text, watermark) values (125788, 'Me.', 'base');
insert into card_set_white_card (card_set_id, white_card_id) values (125000, 125788);
insert into white_cards (id, text, watermark) values (125789, 'MechaHitler.', 'base');
insert into card_set_white_card (card_set_id, white_card_id) values (125000, 125789);
insert into white_cards (id, text, watermark) values (125790, 'Memes.', 'base');
insert into card_set_white_card (card_set_id, white_card_id) values (125000, 125790);
insert into white_cards (id, text, watermark) values (125791, 'Men discussing their feelings in an emotionally healthy way.', 'base');
insert into card_set_white_card (card_set_id, white_card_id) values (125000, 125791);
insert into white_cards (id, text, watermark) values (125792, 'Men.', 'base');
insert into card_set_white_card (card_set_id, white_card_id) values (125000, 125792);
insert into white_cards (id, text, watermark) values (125793, 'Menstrual rage.', 'base');
insert into card_set_white_card (card_set_id, white_card_id) values (125000, 125793);
insert into white_cards (id, text, watermark) values (125794, 'Menstruation.', 'base');
insert into card_set_white_card (card_set_id, white_card_id) values (125000, 125794);
insert into white_cards (id, text, watermark) values (125795, 'Meth.', 'base');
insert into card_set_white_card (card_set_id, white_card_id) values (125000, 125795);
insert into white_cards (id, text, watermark) values (125796, 'Michael Jackson.', 'base');
insert into card_set_white_card (card_set_id, white_card_id) values (125000, 125796);
insert into white_cards (id, text, watermark) values (125797, 'Michelle Obama''s arms.', 'base');
insert into card_set_white_card (card_set_id, white_card_id) values (125000, 125797);
insert into white_cards (id, text, watermark) values (125798, 'Mike Pence.', 'base');
insert into card_set_white_card (card_set_id, white_card_id) values (125000, 125798);
insert into white_cards (id, text, watermark) values (125799, 'Mild autism.', 'base');
insert into card_set_white_card (card_set_id, white_card_id) values (125000, 125799);
insert into white_cards (id, text, watermark) values (125800, 'Miley Cyrus at 55.', 'base');
insert into card_set_white_card (card_set_id, white_card_id) values (125000, 125800);
insert into white_cards (id, text, watermark) values (125801, 'Miley Cyrus.', 'base');
insert into card_set_white_card (card_set_id, white_card_id) values (125000, 125801);
insert into white_cards (id, text, watermark) values (125802, 'Millions of cane toads.', 'base');
insert into card_set_white_card (card_set_id, white_card_id) values (125000, 125802);
insert into white_cards (id, text, watermark) values (125803, 'Millwall fans.', 'base');
insert into card_set_white_card (card_set_id, white_card_id) values (125000, 125803);
insert into white_cards (id, text, watermark) values (125804, 'Mining accidents.', 'base');
insert into card_set_white_card (card_set_id, white_card_id) values (125000, 125804);
insert into white_cards (id, text, watermark) values (125805, 'Mistaking a retarded person for someone who''s merely deaf.', 'base');
insert into card_set_white_card (card_set_id, white_card_id) values (125000, 125805);
insert into white_cards (id, text, watermark) values (125806, 'Mom.', 'base');
insert into card_set_white_card (card_set_id, white_card_id) values (125000, 125806);
insert into white_cards (id, text, watermark) values (125807, 'Mooing.', 'base');
insert into card_set_white_card (card_set_id, white_card_id) values (125000, 125807);
insert into white_cards (id, text, watermark) values (125808, 'Moral ambiguity.', 'base');
insert into card_set_white_card (card_set_id, white_card_id) values (125000, 125808);
insert into white_cards (id, text, watermark) values (125809, 'More elephant cock than I bargained for.', 'base');
insert into card_set_white_card (card_set_id, white_card_id) values (125000, 125809);
insert into white_cards (id, text, watermark) values (125810, 'Morgan Freeman''s voice.', 'base');
insert into card_set_white_card (card_set_id, white_card_id) values (125000, 125810);
insert into white_cards (id, text, watermark) values (125811, 'Mountain Dew Code Red.', 'base');
insert into card_set_white_card (card_set_id, white_card_id) values (125000, 125811);
insert into white_cards (id, text, watermark) values (125812, 'Mouth herpes.', 'base');
insert into card_set_white_card (card_set_id, white_card_id) values (125000, 125812);
insert into white_cards (id, text, watermark) values (125813, 'Mr. Clean, right behind you.', 'base');
insert into card_set_white_card (card_set_id, white_card_id) values (125000, 125813);
insert into white_cards (id, text, watermark) values (125814, 'Mr. Dressup.', 'base');
insert into card_set_white_card (card_set_id, white_card_id) values (125000, 125814);
insert into white_cards (id, text, watermark) values (125815, 'Mr. Dressup.', 'base');
insert into card_set_white_card (card_set_id, white_card_id) values (125000, 125815);
insert into white_cards (id, text, watermark) values (125816, 'Mr. Snuffleupagus.', 'base');
insert into card_set_white_card (card_set_id, white_card_id) values (125000, 125816);
insert into white_cards (id, text, watermark) values (125817, 'Mr. Squiggle, the Man from the Moon.', 'base');
insert into card_set_white_card (card_set_id, white_card_id) values (125000, 125817);
insert into white_cards (id, text, watermark) values (125818, 'Muhammad (Peace Be Upon Him).', 'base');
insert into card_set_white_card (card_set_id, white_card_id) values (125000, 125818);
insert into white_cards (id, text, watermark) values (125819, 'Muhammad (Praise Be Unto Him).', 'base');
insert into card_set_white_card (card_set_id, white_card_id) values (125000, 125819);
insert into white_cards (id, text, watermark) values (125820, 'Multiple orgasms.', 'base');
insert into card_set_white_card (card_set_id, white_card_id) values (125000, 125820);
insert into white_cards (id, text, watermark) values (125821, 'Multiple stab wounds.', 'base');
insert into card_set_white_card (card_set_id, white_card_id) values (125000, 125821);
insert into white_cards (id, text, watermark) values (125822, 'Murder.', 'base');
insert into card_set_white_card (card_set_id, white_card_id) values (125000, 125822);
insert into white_cards (id, text, watermark) values (125823, 'Mutually assured destruction.', 'base');
insert into card_set_white_card (card_set_id, white_card_id) values (125000, 125823);
insert into white_cards (id, text, watermark) values (125824, 'Mutually-assured destruction.', 'base');
insert into card_set_white_card (card_set_id, white_card_id) values (125000, 125824);
insert into white_cards (id, text, watermark) values (125825, 'Muzzy.', 'base');
insert into card_set_white_card (card_set_id, white_card_id) values (125000, 125825);
insert into white_cards (id, text, watermark) values (125826, 'My abusive boyfriend who really isn''t so bad once you get to know him.', 'base');
insert into card_set_white_card (card_set_id, white_card_id) values (125000, 125826);
insert into white_cards (id, text, watermark) values (125827, 'My balls on your face.', 'base');
insert into card_set_white_card (card_set_id, white_card_id) values (125000, 125827);
insert into white_cards (id, text, watermark) values (125828, 'My black ass.', 'base');
insert into card_set_white_card (card_set_id, white_card_id) values (125000, 125828);
insert into white_cards (id, text, watermark) values (125829, 'My Black ass.', 'base');
insert into card_set_white_card (card_set_id, white_card_id) values (125000, 125829);
insert into white_cards (id, text, watermark) values (125830, 'My boss.', 'base');
insert into card_set_white_card (card_set_id, white_card_id) values (125000, 125830);
insert into white_cards (id, text, watermark) values (125831, 'My bright pink fuckhole.', 'base');
insert into card_set_white_card (card_set_id, white_card_id) values (125000, 125831);
insert into white_cards (id, text, watermark) values (125832, 'My cheating prick of a husband.', 'base');
insert into card_set_white_card (card_set_id, white_card_id) values (125000, 125832);
insert into white_cards (id, text, watermark) values (125833, 'My cheating son-of-a-bitch husband.', 'base');
insert into card_set_white_card (card_set_id, white_card_id) values (125000, 125833);
insert into white_cards (id, text, watermark) values (125834, 'My collection of high-tech sex toys.', 'base');
insert into card_set_white_card (card_set_id, white_card_id) values (125000, 125834);
insert into white_cards (id, text, watermark) values (125835, 'My collection of Japanese sex toys.', 'base');
insert into card_set_white_card (card_set_id, white_card_id) values (125000, 125835);
insert into white_cards (id, text, watermark) values (125836, 'My ex-wife.', 'base');
insert into card_set_white_card (card_set_id, white_card_id) values (125000, 125836);
insert into white_cards (id, text, watermark) values (125837, 'My fat daughter.', 'base');
insert into card_set_white_card (card_set_id, white_card_id) values (125000, 125837);
insert into white_cards (id, text, watermark) values (125838, 'My father, who died when I was seven.', 'base');
insert into card_set_white_card (card_set_id, white_card_id) values (125000, 125838);
insert into white_cards (id, text, watermark) values (125839, 'My first kill.', 'base');
insert into card_set_white_card (card_set_id, white_card_id) values (125000, 125839);
insert into white_cards (id, text, watermark) values (125840, 'My fuckslave, Reginald.', 'base');
insert into card_set_white_card (card_set_id, white_card_id) values (125000, 125840);
insert into white_cards (id, text, watermark) values (125841, 'My gay best friend.', 'base');
insert into card_set_white_card (card_set_id, white_card_id) values (125000, 125841);
insert into white_cards (id, text, watermark) values (125842, 'My genitals.', 'base');
insert into card_set_white_card (card_set_id, white_card_id) values (125000, 125842);
insert into white_cards (id, text, watermark) values (125843, 'My good bra.', 'base');
insert into card_set_white_card (card_set_id, white_card_id) values (125000, 125843);
insert into white_cards (id, text, watermark) values (125844, 'My horny, horny son.', 'base');
insert into card_set_white_card (card_set_id, white_card_id) values (125000, 125844);
insert into white_cards (id, text, watermark) values (125845, 'My humps.', 'base');
insert into card_set_white_card (card_set_id, white_card_id) values (125000, 125845);
insert into white_cards (id, text, watermark) values (125846, 'My inner demons.', 'base');
insert into card_set_white_card (card_set_id, white_card_id) values (125000, 125846);
insert into white_cards (id, text, watermark) values (125847, 'My little boner.', 'base');
insert into card_set_white_card (card_set_id, white_card_id) values (125000, 125847);
insert into white_cards (id, text, watermark) values (125848, 'My machete.', 'base');
insert into card_set_white_card (card_set_id, white_card_id) values (125000, 125848);
insert into white_cards (id, text, watermark) values (125849, 'My mate Dave.', 'base');
insert into card_set_white_card (card_set_id, white_card_id) values (125000, 125849);
insert into white_cards (id, text, watermark) values (125850, 'My neck, my back, my pussy, and my crack.', 'base');
insert into card_set_white_card (card_set_id, white_card_id) values (125000, 125850);
insert into white_cards (id, text, watermark) values (125851, 'My pet scorpion, Tina.', 'base');
insert into card_set_white_card (card_set_id, white_card_id) values (125000, 125851);
insert into white_cards (id, text, watermark) values (125852, 'My relationship status.', 'base');
insert into card_set_white_card (card_set_id, white_card_id) values (125000, 125852);
insert into white_cards (id, text, watermark) values (125853, 'My sex life.', 'base');
insert into card_set_white_card (card_set_id, white_card_id) values (125000, 125853);
insert into white_cards (id, text, watermark) values (125854, 'My soul.', 'base');
insert into card_set_white_card (card_set_id, white_card_id) values (125000, 125854);
insert into white_cards (id, text, watermark) values (125855, 'My Uber driver, Ajay.', 'base');
insert into card_set_white_card (card_set_id, white_card_id) values (125000, 125855);
insert into white_cards (id, text, watermark) values (125856, 'My Uber driver, Pavel.', 'base');
insert into card_set_white_card (card_set_id, white_card_id) values (125000, 125856);
insert into white_cards (id, text, watermark) values (125857, 'My ugly face and bad personality.', 'base');
insert into card_set_white_card (card_set_id, white_card_id) values (125000, 125857);
insert into white_cards (id, text, watermark) values (125858, 'My vagina.', 'base');
insert into card_set_white_card (card_set_id, white_card_id) values (125000, 125858);
insert into white_cards (id, text, watermark) values (125859, 'My wife having sex with your wife.', 'base');
insert into card_set_white_card (card_set_id, white_card_id) values (125000, 125859);
insert into white_cards (id, text, watermark) values (125860, 'Nachos for the table.', 'base');
insert into card_set_white_card (card_set_id, white_card_id) values (125000, 125860);
insert into white_cards (id, text, watermark) values (125861, 'Naked News.', 'base');
insert into card_set_white_card (card_set_id, white_card_id) values (125000, 125861);
insert into white_cards (id, text, watermark) values (125862, 'Nasty shit, like real sick stuff.', 'base');
insert into card_set_white_card (card_set_id, white_card_id) values (125000, 125862);
insert into white_cards (id, text, watermark) values (125863, 'Natalie Portman.', 'base');
insert into card_set_white_card (card_set_id, white_card_id) values (125000, 125863);
insert into white_cards (id, text, watermark) values (125864, 'Natural gas.', 'base');
insert into card_set_white_card (card_set_id, white_card_id) values (125000, 125864);
insert into white_cards (id, text, watermark) values (125865, 'Natural male enhancement.', 'base');
insert into card_set_white_card (card_set_id, white_card_id) values (125000, 125865);
insert into white_cards (id, text, watermark) values (125866, 'Natural selection.', 'base');
insert into card_set_white_card (card_set_id, white_card_id) values (125000, 125866);
insert into white_cards (id, text, watermark) values (125867, 'Nazis.', 'base');
insert into card_set_white_card (card_set_id, white_card_id) values (125000, 125867);
insert into white_cards (id, text, watermark) values (125868, 'NBA superstar LeBron James.', 'base');
insert into card_set_white_card (card_set_id, white_card_id) values (125000, 125868);
insert into white_cards (id, text, watermark) values (125869, 'Necrophilia.', 'base');
insert into card_set_white_card (card_set_id, white_card_id) values (125000, 125869);
insert into white_cards (id, text, watermark) values (125870, 'New Age music.', 'base');
insert into card_set_white_card (card_set_id, white_card_id) values (125000, 125870);
insert into white_cards (id, text, watermark) values (125871, 'Newfies.', 'base');
insert into card_set_white_card (card_set_id, white_card_id) values (125000, 125871);
insert into white_cards (id, text, watermark) values (125872, 'Newfies.', 'base');
insert into card_set_white_card (card_set_id, white_card_id) values (125000, 125872);
insert into white_cards (id, text, watermark) values (125873, 'NFTs.', 'base');
insert into card_set_white_card (card_set_id, white_card_id) values (125000, 125873);
insert into white_cards (id, text, watermark) values (125874, 'Nickelback.', 'base');
insert into card_set_white_card (card_set_id, white_card_id) values (125000, 125874);
insert into white_cards (id, text, watermark) values (125875, 'Nicki Minaj.', 'base');
insert into card_set_white_card (card_set_id, white_card_id) values (125000, 125875);
insert into white_cards (id, text, watermark) values (125876, 'Nicolas Cage.', 'base');
insert into card_set_white_card (card_set_id, white_card_id) values (125000, 125876);
insert into white_cards (id, text, watermark) values (125877, 'Nip slips.', 'base');
insert into card_set_white_card (card_set_id, white_card_id) values (125000, 125877);
insert into white_cards (id, text, watermark) values (125878, 'Nippers.', 'base');
insert into card_set_white_card (card_set_id, white_card_id) values (125000, 125878);
insert into white_cards (id, text, watermark) values (125879, 'Nipple blades.', 'base');
insert into card_set_white_card (card_set_id, white_card_id) values (125000, 125879);
insert into white_cards (id, text, watermark) values (125880, 'Nobody giving a shit about anything anymore.', 'base');
insert into card_set_white_card (card_set_id, white_card_id) values (125000, 125880);
insert into white_cards (id, text, watermark) values (125881, 'Nocturnal emissions.', 'base');
insert into card_set_white_card (card_set_id, white_card_id) values (125000, 125881);
insert into white_cards (id, text, watermark) values (125882, 'Not contributing to society in any meaningful way.', 'base');
insert into card_set_white_card (card_set_id, white_card_id) values (125000, 125882);
insert into white_cards (id, text, watermark) values (125883, 'Not giving a shit about the Third World.', 'base');
insert into card_set_white_card (card_set_id, white_card_id) values (125000, 125883);
insert into white_cards (id, text, watermark) values (125884, 'Not having sex.', 'base');
insert into card_set_white_card (card_set_id, white_card_id) values (125000, 125884);
insert into white_cards (id, text, watermark) values (125885, 'Not reciprocating oral sex.', 'base');
insert into card_set_white_card (card_set_id, white_card_id) values (125000, 125885);
insert into white_cards (id, text, watermark) values (125886, 'Not vaccinating my children because I am stupid.', 'base');
insert into card_set_white_card (card_set_id, white_card_id) values (125000, 125886);
insert into white_cards (id, text, watermark) values (125887, 'Not wearing pants.', 'base');
insert into card_set_white_card (card_set_id, white_card_id) values (125000, 125887);
insert into white_cards (id, text, watermark) values (125888, 'Not wearing trousers.', 'base');
insert into card_set_white_card (card_set_id, white_card_id) values (125000, 125888);
insert into white_cards (id, text, watermark) values (125889, 'Nothing but sand.', 'base');
insert into card_set_white_card (card_set_id, white_card_id) values (125000, 125889);
insert into white_cards (id, text, watermark) values (125890, 'Nothing.', 'base');
insert into card_set_white_card (card_set_id, white_card_id) values (125000, 125890);
insert into white_cards (id, text, watermark) values (125891, 'Nunchuck moves.', 'base');
insert into card_set_white_card (card_set_id, white_card_id) values (125000, 125891);
insert into white_cards (id, text, watermark) values (125892, 'Obesity.', 'base');
insert into card_set_white_card (card_set_id, white_card_id) values (125000, 125892);
insert into white_cards (id, text, watermark) values (125893, 'Object permanence.', 'base');
insert into card_set_white_card (card_set_id, white_card_id) values (125000, 125893);
insert into white_cards (id, text, watermark) values (125894, 'Oestrogen.', 'base');
insert into card_set_white_card (card_set_id, white_card_id) values (125000, 125894);
insert into white_cards (id, text, watermark) values (125895, 'Old-people smell.', 'base');
insert into card_set_white_card (card_set_id, white_card_id) values (125000, 125895);
insert into white_cards (id, text, watermark) values (125896, 'Ominous background music.', 'base');
insert into card_set_white_card (card_set_id, white_card_id) values (125000, 125896);
insert into white_cards (id, text, watermark) values (125897, 'One Direction''s supple, hairless bodies.', 'base');
insert into card_set_white_card (card_set_id, white_card_id) values (125000, 125897);
insert into white_cards (id, text, watermark) values (125898, 'One Ring to rule them all.', 'base');
insert into card_set_white_card (card_set_id, white_card_id) values (125000, 125898);
insert into white_cards (id, text, watermark) values (125899, 'One titty hanging out.', 'base');
insert into card_set_white_card (card_set_id, white_card_id) values (125000, 125899);
insert into white_cards (id, text, watermark) values (125900, 'One trillion dollars.', 'base');
insert into card_set_white_card (card_set_id, white_card_id) values (125000, 125900);
insert into white_cards (id, text, watermark) values (125901, 'Only dating Asian women.', 'base');
insert into card_set_white_card (card_set_id, white_card_id) values (125000, 125901);
insert into white_cards (id, text, watermark) values (125902, 'Oompa-Loompas.', 'base');
insert into card_set_white_card (card_set_id, white_card_id) values (125000, 125902);
insert into white_cards (id, text, watermark) values (125903, 'Opposable thumbs.', 'base');
insert into card_set_white_card (card_set_id, white_card_id) values (125000, 125903);
insert into white_cards (id, text, watermark) values (125904, 'Oprah.', 'base');
insert into card_set_white_card (card_set_id, white_card_id) values (125000, 125904);
insert into white_cards (id, text, watermark) values (125905, 'Our dildo.', 'base');
insert into card_set_white_card (card_set_id, white_card_id) values (125000, 125905);
insert into white_cards (id, text, watermark) values (125906, 'Our first chimpanzee President.', 'base');
insert into card_set_white_card (card_set_id, white_card_id) values (125000, 125906);
insert into white_cards (id, text, watermark) values (125907, 'Our first chimpanzee Prime Minister.', 'base');
insert into card_set_white_card (card_set_id, white_card_id) values (125000, 125907);
insert into white_cards (id, text, watermark) values (125908, 'Over 10,000 Guatamalan migrants.', 'base');
insert into card_set_white_card (card_set_id, white_card_id) values (125000, 125908);
insert into white_cards (id, text, watermark) values (125909, 'Overcompensation.', 'base');
insert into card_set_white_card (card_set_id, white_card_id) values (125000, 125909);
insert into white_cards (id, text, watermark) values (125910, 'Overpowering your father.', 'base');
insert into card_set_white_card (card_set_id, white_card_id) values (125000, 125910);
insert into white_cards (id, text, watermark) values (125911, 'Oversized lollipops.', 'base');
insert into card_set_white_card (card_set_id, white_card_id) values (125000, 125911);
insert into white_cards (id, text, watermark) values (125912, 'Owning and operating a Chili''s franchise.', 'base');
insert into card_set_white_card (card_set_id, white_card_id) values (125000, 125912);
insert into white_cards (id, text, watermark) values (125913, 'Pabst Blue Ribbon.', 'base');
insert into card_set_white_card (card_set_id, white_card_id) values (125000, 125913);
insert into white_cards (id, text, watermark) values (125914, 'Pac-Man uncontrollably guzzling cum.', 'base');
insert into card_set_white_card (card_set_id, white_card_id) values (125000, 125914);
insert into white_cards (id, text, watermark) values (125915, 'Paedophiles.', 'base');
insert into card_set_white_card (card_set_id, white_card_id) values (125000, 125915);
insert into white_cards (id, text, watermark) values (125916, 'Panda sex.', 'base');
insert into card_set_white_card (card_set_id, white_card_id) values (125000, 125916);
insert into white_cards (id, text, watermark) values (125917, 'Paris Hilton.', 'base');
insert into card_set_white_card (card_set_id, white_card_id) values (125000, 125917);
insert into white_cards (id, text, watermark) values (125918, 'Parting the Red Sea.', 'base');
insert into card_set_white_card (card_set_id, white_card_id) values (125000, 125918);
insert into white_cards (id, text, watermark) values (125919, 'Party poopers.', 'base');
insert into card_set_white_card (card_set_id, white_card_id) values (125000, 125919);
insert into white_cards (id, text, watermark) values (125920, 'Passable transvestites.', 'base');
insert into card_set_white_card (card_set_id, white_card_id) values (125000, 125920);
insert into white_cards (id, text, watermark) values (125921, 'Passing a kidney stone.', 'base');
insert into card_set_white_card (card_set_id, white_card_id) values (125000, 125921);
insert into white_cards (id, text, watermark) values (125922, 'Passive-aggression.', 'base');
insert into card_set_white_card (card_set_id, white_card_id) values (125000, 125922);
insert into white_cards (id, text, watermark) values (125923, 'Passive-aggressive Post-it notes.', 'base');
insert into card_set_white_card (card_set_id, white_card_id) values (125000, 125923);
insert into white_cards (id, text, watermark) values (125924, 'Pauline Hanson.', 'base');
insert into card_set_white_card (card_set_id, white_card_id) values (125000, 125924);
insert into white_cards (id, text, watermark) values (125925, 'PCP.', 'base');
insert into card_set_white_card (card_set_id, white_card_id) values (125000, 125925);
insert into white_cards (id, text, watermark) values (125926, 'Peanut Butter Jelly Time.', 'base');
insert into card_set_white_card (card_set_id, white_card_id) values (125000, 125926);
insert into white_cards (id, text, watermark) values (125927, 'Pedophiles.', 'base');
insert into card_set_white_card (card_set_id, white_card_id) values (125000, 125927);
insert into white_cards (id, text, watermark) values (125928, 'Peeing a little bit.', 'base');
insert into card_set_white_card (card_set_id, white_card_id) values (125000, 125928);
insert into white_cards (id, text, watermark) values (125929, 'Penis breath.', 'base');
insert into card_set_white_card (card_set_id, white_card_id) values (125000, 125929);
insert into white_cards (id, text, watermark) values (125930, 'Penis envy.', 'base');
insert into card_set_white_card (card_set_id, white_card_id) values (125000, 125930);
insert into white_cards (id, text, watermark) values (125931, 'People who smell their own socks.', 'base');
insert into card_set_white_card (card_set_id, white_card_id) values (125000, 125931);
insert into white_cards (id, text, watermark) values (125932, 'Perfunctory foreplay.', 'base');
insert into card_set_white_card (card_set_id, white_card_id) values (125000, 125932);
insert into white_cards (id, text, watermark) values (125933, 'Permanent Orgasm-Face Disorder.', 'base');
insert into card_set_white_card (card_set_id, white_card_id) values (125000, 125933);
insert into white_cards (id, text, watermark) values (125934, 'Picking up girls at the abortion clinic.', 'base');
insert into card_set_white_card (card_set_id, white_card_id) values (125000, 125934);
insert into white_cards (id, text, watermark) values (125935, 'Pictures of boobs.', 'base');
insert into card_set_white_card (card_set_id, white_card_id) values (125000, 125935);
insert into white_cards (id, text, watermark) values (125936, 'Pikies.', 'base');
insert into card_set_white_card (card_set_id, white_card_id) values (125000, 125936);
insert into white_cards (id, text, watermark) values (125937, 'Pingers.', 'base');
insert into card_set_white_card (card_set_id, white_card_id) values (125000, 125937);
insert into white_cards (id, text, watermark) values (125938, 'Pissing in my thirsty mouth.', 'base');
insert into card_set_white_card (card_set_id, white_card_id) values (125000, 125938);
insert into white_cards (id, text, watermark) values (125939, 'Pixelated bukkake.', 'base');
insert into card_set_white_card (card_set_id, white_card_id) values (125000, 125939);
insert into white_cards (id, text, watermark) values (125940, 'Playing silly buggers.', 'base');
insert into card_set_white_card (card_set_id, white_card_id) values (125000, 125940);
insert into white_cards (id, text, watermark) values (125941, 'Police brutality.', 'base');
insert into card_set_white_card (card_set_id, white_card_id) values (125000, 125941);
insert into white_cards (id, text, watermark) values (125942, 'Polish People.', 'base');
insert into card_set_white_card (card_set_id, white_card_id) values (125000, 125942);
insert into white_cards (id, text, watermark) values (125943, 'Pooping back and forth. Forever.', 'base');
insert into card_set_white_card (card_set_id, white_card_id) values (125000, 125943);
insert into white_cards (id, text, watermark) values (125944, 'Pooping in a laptop and closing it.', 'base');
insert into card_set_white_card (card_set_id, white_card_id) values (125000, 125944);
insert into white_cards (id, text, watermark) values (125945, 'Pooping in the soup.', 'base');
insert into card_set_white_card (card_set_id, white_card_id) values (125000, 125945);
insert into white_cards (id, text, watermark) values (125946, 'Poopy diapers.', 'base');
insert into card_set_white_card (card_set_id, white_card_id) values (125000, 125946);
insert into white_cards (id, text, watermark) values (125947, 'Poor life choices.', 'base');
insert into card_set_white_card (card_set_id, white_card_id) values (125000, 125947);
insert into white_cards (id, text, watermark) values (125948, 'Poor people.', 'base');
insert into card_set_white_card (card_set_id, white_card_id) values (125000, 125948);
insert into white_cards (id, text, watermark) values (125949, 'Poorly-timed Holocaust jokes.', 'base');
insert into card_set_white_card (card_set_id, white_card_id) values (125000, 125949);
insert into white_cards (id, text, watermark) values (125950, 'Popped collars.', 'base');
insert into card_set_white_card (card_set_id, white_card_id) values (125000, 125950);
insert into white_cards (id, text, watermark) values (125951, 'Porn stars.', 'base');
insert into card_set_white_card (card_set_id, white_card_id) values (125000, 125951);
insert into white_cards (id, text, watermark) values (125952, 'Poutine.', 'base');
insert into card_set_white_card (card_set_id, white_card_id) values (125000, 125952);
insert into white_cards (id, text, watermark) values (125953, 'Poverty.', 'base');
insert into card_set_white_card (card_set_id, white_card_id) values (125000, 125953);
insert into white_cards (id, text, watermark) values (125954, 'Power.', 'base');
insert into card_set_white_card (card_set_id, white_card_id) values (125000, 125954);
insert into white_cards (id, text, watermark) values (125955, 'Powerful thighs.', 'base');
insert into card_set_white_card (card_set_id, white_card_id) values (125000, 125955);
insert into white_cards (id, text, watermark) values (125956, 'Prancing.', 'base');
insert into card_set_white_card (card_set_id, white_card_id) values (125000, 125956);
insert into white_cards (id, text, watermark) values (125957, 'Praying the gay away.', 'base');
insert into card_set_white_card (card_set_id, white_card_id) values (125000, 125957);
insert into white_cards (id, text, watermark) values (125958, 'Prescription pain killers.', 'base');
insert into card_set_white_card (card_set_id, white_card_id) values (125000, 125958);
insert into white_cards (id, text, watermark) values (125959, 'Preteens.', 'base');
insert into card_set_white_card (card_set_id, white_card_id) values (125000, 125959);
insert into white_cards (id, text, watermark) values (125960, 'Pretending to be a dentist.', 'base');
insert into card_set_white_card (card_set_id, white_card_id) values (125000, 125960);
insert into white_cards (id, text, watermark) values (125961, 'Pretending to care.', 'base');
insert into card_set_white_card (card_set_id, white_card_id) values (125000, 125961);
insert into white_cards (id, text, watermark) values (125962, 'Pro-life protesters.', 'base');
insert into card_set_white_card (card_set_id, white_card_id) values (125000, 125962);
insert into white_cards (id, text, watermark) values (125963, 'Profound respect and appreciation for indigenous culture.', 'base');
insert into card_set_white_card (card_set_id, white_card_id) values (125000, 125963);
insert into white_cards (id, text, watermark) values (125964, 'Pronouncing the names of northern Welsh towns.', 'base');
insert into card_set_white_card (card_set_id, white_card_id) values (125000, 125964);
insert into white_cards (id, text, watermark) values (125965, 'Prostate stimulation.', 'base');
insert into card_set_white_card (card_set_id, white_card_id) values (125000, 125965);
insert into white_cards (id, text, watermark) values (125966, 'Prosti-tots.', 'base');
insert into card_set_white_card (card_set_id, white_card_id) values (125000, 125966);
insert into white_cards (id, text, watermark) values (125967, 'Pterodactyl eggs.', 'base');
insert into card_set_white_card (card_set_id, white_card_id) values (125000, 125967);
insert into white_cards (id, text, watermark) values (125968, 'PTSD.', 'base');
insert into card_set_white_card (card_set_id, white_card_id) values (125000, 125968);
insert into white_cards (id, text, watermark) values (125969, 'Puberty.', 'base');
insert into card_set_white_card (card_set_id, white_card_id) values (125000, 125969);
insert into white_cards (id, text, watermark) values (125970, 'Public ridicule.', 'base');
insert into card_set_white_card (card_set_id, white_card_id) values (125000, 125970);
insert into white_cards (id, text, watermark) values (125971, 'Pulling out.', 'base');
insert into card_set_white_card (card_set_id, white_card_id) values (125000, 125971);
insert into white_cards (id, text, watermark) values (125972, 'Pumping out a baby every nine months.', 'base');
insert into card_set_white_card (card_set_id, white_card_id) values (125000, 125972);
insert into white_cards (id, text, watermark) values (125973, 'Punching a congressman in the face.', 'base');
insert into card_set_white_card (card_set_id, white_card_id) values (125000, 125973);
insert into white_cards (id, text, watermark) values (125974, 'Punching an MP in the face.', 'base');
insert into card_set_white_card (card_set_id, white_card_id) values (125000, 125974);
insert into white_cards (id, text, watermark) values (125975, 'Puppies!', 'base');
insert into card_set_white_card (card_set_id, white_card_id) values (125000, 125975);
insert into white_cards (id, text, watermark) values (125976, 'Pussy Galore.', 'base');
insert into card_set_white_card (card_set_id, white_card_id) values (125000, 125976);
insert into white_cards (id, text, watermark) values (125977, 'Putting children in cages.', 'base');
insert into card_set_white_card (card_set_id, white_card_id) values (125000, 125977);
insert into white_cards (id, text, watermark) values (125978, 'Putting things where they go.', 'base');
insert into card_set_white_card (card_set_id, white_card_id) values (125000, 125978);
insert into white_cards (id, text, watermark) values (125979, 'Queefing.', 'base');
insert into card_set_white_card (card_set_id, white_card_id) values (125000, 125979);
insert into white_cards (id, text, watermark) values (125980, 'Queen Elizabeth''s immaculate anus.', 'base');
insert into card_set_white_card (card_set_id, white_card_id) values (125000, 125980);
insert into white_cards (id, text, watermark) values (125981, 'Queuing.', 'base');
insert into card_set_white_card (card_set_id, white_card_id) values (125000, 125981);
insert into white_cards (id, text, watermark) values (125982, 'Racially-biased SAT questions.', 'base');
insert into card_set_white_card (card_set_id, white_card_id) values (125000, 125982);
insert into white_cards (id, text, watermark) values (125983, 'Racism.', 'base');
insert into card_set_white_card (card_set_id, white_card_id) values (125000, 125983);
insert into white_cards (id, text, watermark) values (125984, 'Radical Islamic terrorism.', 'base');
insert into card_set_white_card (card_set_id, white_card_id) values (125000, 125984);
insert into white_cards (id, text, watermark) values (125985, 'Rap music.', 'base');
insert into card_set_white_card (card_set_id, white_card_id) values (125000, 125985);
insert into white_cards (id, text, watermark) values (125986, 'Raping and pillaging.', 'base');
insert into card_set_white_card (card_set_id, white_card_id) values (125000, 125986);
insert into white_cards (id, text, watermark) values (125987, 'Raptor attacks.', 'base');
insert into card_set_white_card (card_set_id, white_card_id) values (125000, 125987);
insert into white_cards (id, text, watermark) values (125988, 'Re-gifting.', 'base');
insert into card_set_white_card (card_set_id, white_card_id) values (125000, 125988);
insert into white_cards (id, text, watermark) values (125989, 'Rectangles.', 'base');
insert into card_set_white_card (card_set_id, white_card_id) values (125000, 125989);
insert into white_cards (id, text, watermark) values (125990, 'Rehab.', 'base');
insert into card_set_white_card (card_set_id, white_card_id) values (125000, 125990);
insert into white_cards (id, text, watermark) values (125991, 'Repression.', 'base');
insert into card_set_white_card (card_set_id, white_card_id) values (125000, 125991);
insert into white_cards (id, text, watermark) values (125992, 'Republicans.', 'base');
insert into card_set_white_card (card_set_id, white_card_id) values (125000, 125992);
insert into white_cards (id, text, watermark) values (125993, 'Reverse cowgirl.', 'base');
insert into card_set_white_card (card_set_id, white_card_id) values (125000, 125993);
insert into white_cards (id, text, watermark) values (125994, 'Rich people.', 'base');
insert into card_set_white_card (card_set_id, white_card_id) values (125000, 125994);
insert into white_cards (id, text, watermark) values (125995, 'Riding off into the sunset.', 'base');
insert into card_set_white_card (card_set_id, white_card_id) values (125000, 125995);
insert into white_cards (id, text, watermark) values (125996, 'Ring Pops.', 'base');
insert into card_set_white_card (card_set_id, white_card_id) values (125000, 125996);
insert into white_cards (id, text, watermark) values (125997, 'Ring Pops™.', 'base');
insert into card_set_white_card (card_set_id, white_card_id) values (125000, 125997);
insert into white_cards (id, text, watermark) values (125998, 'Rip Torn dropkicking anti-Semitic lesbians.', 'base');
insert into card_set_white_card (card_set_id, white_card_id) values (125000, 125998);
insert into white_cards (id, text, watermark) values (125999, 'Ripping off the Beatles.', 'base');
insert into card_set_white_card (card_set_id, white_card_id) values (125000, 125999);
insert into white_cards (id, text, watermark) values (126000, 'Ripping open a man’s chest and pulling out his still-beating heart.', 'base');
insert into card_set_white_card (card_set_id, white_card_id) values (125000, 126000);
insert into white_cards (id, text, watermark) values (126001, 'Rising from the grave.', 'base');
insert into card_set_white_card (card_set_id, white_card_id) values (125000, 126001);
insert into white_cards (id, text, watermark) values (126002, 'Road head.', 'base');
insert into card_set_white_card (card_set_id, white_card_id) values (125000, 126002);
insert into white_cards (id, text, watermark) values (126003, 'Rob Ford.', 'base');
insert into card_set_white_card (card_set_id, white_card_id) values (125000, 126003);
insert into white_cards (id, text, watermark) values (126004, 'Robbing a sperm bank.', 'base');
insert into card_set_white_card (card_set_id, white_card_id) values (125000, 126004);
insert into white_cards (id, text, watermark) values (126005, 'Robert Downey Jr.', 'base');
insert into card_set_white_card (card_set_id, white_card_id) values (125000, 126005);
insert into white_cards (id, text, watermark) values (126006, 'Robert Downey, Jr.', 'base');
insert into card_set_white_card (card_set_id, white_card_id) values (125000, 126006);
insert into white_cards (id, text, watermark) values (126007, 'RoboCop.', 'base');
insert into card_set_white_card (card_set_id, white_card_id) values (125000, 126007);
insert into white_cards (id, text, watermark) values (126008, 'Rohypnol.', 'base');
insert into card_set_white_card (card_set_id, white_card_id) values (125000, 126008);
insert into white_cards (id, text, watermark) values (126009, 'Ronald Reagan.', 'base');
insert into card_set_white_card (card_set_id, white_card_id) values (125000, 126009);
insert into white_cards (id, text, watermark) values (126010, 'Roofies.', 'base');
insert into card_set_white_card (card_set_id, white_card_id) values (125000, 126010);
insert into white_cards (id, text, watermark) values (126011, 'Rubbing Boris Johnson''s belly until he falls asleep.', 'base');
insert into card_set_white_card (card_set_id, white_card_id) values (125000, 126011);
insert into white_cards (id, text, watermark) values (126012, 'Running naked through a mall, pissing and shitting everywhere.', 'base');
insert into card_set_white_card (card_set_id, white_card_id) values (125000, 126012);
insert into white_cards (id, text, watermark) values (126013, 'Running out of semen.', 'base');
insert into card_set_white_card (card_set_id, white_card_id) values (125000, 126013);
insert into white_cards (id, text, watermark) values (126014, 'Rupert Murdoch.', 'base');
insert into card_set_white_card (card_set_id, white_card_id) values (125000, 126014);
insert into white_cards (id, text, watermark) values (126015, 'Rush Limbaugh''s soft, shitty body.', 'base');
insert into card_set_white_card (card_set_id, white_card_id) values (125000, 126015);
insert into white_cards (id, text, watermark) values (126016, 'Ruth Bader Ginsburg brutally gaveling your penis.', 'base');
insert into card_set_white_card (card_set_id, white_card_id) values (125000, 126016);
insert into white_cards (id, text, watermark) values (126017, 'Ryan Gosling riding in on a white horse.', 'base');
insert into card_set_white_card (card_set_id, white_card_id) values (125000, 126017);
insert into white_cards (id, text, watermark) values (126018, 'Ryanair.', 'base');
insert into card_set_white_card (card_set_id, white_card_id) values (125000, 126018);
insert into white_cards (id, text, watermark) values (126019, 'Salvation.', 'base');
insert into card_set_white_card (card_set_id, white_card_id) values (125000, 126019);
insert into white_cards (id, text, watermark) values (126020, 'Same-sex ice dancing.', 'base');
insert into card_set_white_card (card_set_id, white_card_id) values (125000, 126020);
insert into white_cards (id, text, watermark) values (126021, 'Samuel L. Jackson.', 'base');
insert into card_set_white_card (card_set_id, white_card_id) values (125000, 126021);
insert into white_cards (id, text, watermark) values (126022, 'Santa Claus.', 'base');
insert into card_set_white_card (card_set_id, white_card_id) values (125000, 126022);
insert into white_cards (id, text, watermark) values (126023, 'Sarah Palin.', 'base');
insert into card_set_white_card (card_set_id, white_card_id) values (125000, 126023);
insert into white_cards (id, text, watermark) values (126024, 'Saudi oil money.', 'base');
insert into card_set_white_card (card_set_id, white_card_id) values (125000, 126024);
insert into white_cards (id, text, watermark) values (126025, 'Saxophone solos.', 'base');
insert into card_set_white_card (card_set_id, white_card_id) values (125000, 126025);
insert into white_cards (id, text, watermark) values (126026, 'Saying "I love you."', 'base');
insert into card_set_white_card (card_set_id, white_card_id) values (125000, 126026);
insert into white_cards (id, text, watermark) values (126027, 'Saying everything is ok when everything is clearly not okay.', 'base');
insert into card_set_white_card (card_set_id, white_card_id) values (125000, 126027);
insert into white_cards (id, text, watermark) values (126028, 'Scalping the Milkybar Kid.', 'base');
insert into card_set_white_card (card_set_id, white_card_id) values (125000, 126028);
insert into white_cards (id, text, watermark) values (126029, 'Scalping.', 'base');
insert into card_set_white_card (card_set_id, white_card_id) values (125000, 126029);
insert into white_cards (id, text, watermark) values (126030, 'Schmirler the Curler.', 'base');
insert into card_set_white_card (card_set_id, white_card_id) values (125000, 126030);
insert into white_cards (id, text, watermark) values (126031, 'Science.', 'base');
insert into card_set_white_card (card_set_id, white_card_id) values (125000, 126031);
insert into white_cards (id, text, watermark) values (126032, 'Scientology.', 'base');
insert into card_set_white_card (card_set_id, white_card_id) values (125000, 126032);
insert into white_cards (id, text, watermark) values (126033, 'Scottish independence.', 'base');
insert into card_set_white_card (card_set_id, white_card_id) values (125000, 126033);
insert into white_cards (id, text, watermark) values (126034, 'Scousers.', 'base');
insert into card_set_white_card (card_set_id, white_card_id) values (125000, 126034);
insert into white_cards (id, text, watermark) values (126035, 'Screaming like a maniac.', 'base');
insert into card_set_white_card (card_set_id, white_card_id) values (125000, 126035);
insert into white_cards (id, text, watermark) values (126036, 'Scrotum tickling.', 'base');
insert into card_set_white_card (card_set_id, white_card_id) values (125000, 126036);
insert into white_cards (id, text, watermark) values (126037, 'Scrubbing under the folds.', 'base');
insert into card_set_white_card (card_set_id, white_card_id) values (125000, 126037);
insert into white_cards (id, text, watermark) values (126038, 'Sean Connery.', 'base');
insert into card_set_white_card (card_set_id, white_card_id) values (125000, 126038);
insert into white_cards (id, text, watermark) values (126039, 'Sean Penn.', 'base');
insert into card_set_white_card (card_set_id, white_card_id) values (125000, 126039);
insert into white_cards (id, text, watermark) values (126040, 'Seduction.', 'base');
insert into card_set_white_card (card_set_id, white_card_id) values (125000, 126040);
insert into white_cards (id, text, watermark) values (126041, 'Seeing Grandma naked.', 'base');
insert into card_set_white_card (card_set_id, white_card_id) values (125000, 126041);
insert into white_cards (id, text, watermark) values (126042, 'Seeing Granny naked.', 'base');
insert into card_set_white_card (card_set_id, white_card_id) values (125000, 126042);
insert into white_cards (id, text, watermark) values (126043, 'Seeing my father cry.', 'base');
insert into card_set_white_card (card_set_id, white_card_id) values (125000, 126043);
insert into white_cards (id, text, watermark) values (126044, 'Seeing what happens when you lock people in a room with hungry seagulls.', 'base');
insert into card_set_white_card (card_set_id, white_card_id) values (125000, 126044);
insert into white_cards (id, text, watermark) values (126045, 'Seething with quiet resentment.', 'base');
insert into card_set_white_card (card_set_id, white_card_id) values (125000, 126045);
insert into white_cards (id, text, watermark) values (126046, 'Self-flagellation.', 'base');
insert into card_set_white_card (card_set_id, white_card_id) values (125000, 126046);
insert into white_cards (id, text, watermark) values (126047, 'Self-loathing.', 'base');
insert into card_set_white_card (card_set_id, white_card_id) values (125000, 126047);
insert into white_cards (id, text, watermark) values (126048, 'Selling crack to children.', 'base');
insert into card_set_white_card (card_set_id, white_card_id) values (125000, 126048);
insert into white_cards (id, text, watermark) values (126049, 'Selling ice to children.', 'base');
insert into card_set_white_card (card_set_id, white_card_id) values (125000, 126049);
insert into white_cards (id, text, watermark) values (126050, 'Seppuku.', 'base');
insert into card_set_white_card (card_set_id, white_card_id) values (125000, 126050);
insert into white_cards (id, text, watermark) values (126051, 'Serfdom.', 'base');
insert into card_set_white_card (card_set_id, white_card_id) values (125000, 126051);
insert into white_cards (id, text, watermark) values (126052, 'Seven dead and three in critical condition.', 'base');
insert into card_set_white_card (card_set_id, white_card_id) values (125000, 126052);
insert into white_cards (id, text, watermark) values (126053, 'Sex with animals.', 'base');
insert into card_set_white_card (card_set_id, white_card_id) values (125000, 126053);
insert into white_cards (id, text, watermark) values (126054, 'Sex with Patrick Stewart.', 'base');
insert into card_set_white_card (card_set_id, white_card_id) values (125000, 126054);
insert into white_cards (id, text, watermark) values (126055, 'Sexting.', 'base');
insert into card_set_white_card (card_set_id, white_card_id) values (125000, 126055);
insert into white_cards (id, text, watermark) values (126056, 'Sexual humiliation.', 'base');
insert into card_set_white_card (card_set_id, white_card_id) values (125000, 126056);
insert into white_cards (id, text, watermark) values (126057, 'Sexual peeing.', 'base');
insert into card_set_white_card (card_set_id, white_card_id) values (125000, 126057);
insert into white_cards (id, text, watermark) values (126058, 'Sexual tension.', 'base');
insert into card_set_white_card (card_set_id, white_card_id) values (125000, 126058);
insert into white_cards (id, text, watermark) values (126059, 'Sexually active band geeks.', 'base');
insert into card_set_white_card (card_set_id, white_card_id) values (125000, 126059);
insert into white_cards (id, text, watermark) values (126060, 'Sexy pillow fights.', 'base');
insert into card_set_white_card (card_set_id, white_card_id) values (125000, 126060);
insert into white_cards (id, text, watermark) values (126061, 'Shaking a baby until it stops crying.', 'base');
insert into card_set_white_card (card_set_id, white_card_id) values (125000, 126061);
insert into white_cards (id, text, watermark) values (126062, 'Shame.', 'base');
insert into card_set_white_card (card_set_id, white_card_id) values (125000, 126062);
insert into white_cards (id, text, watermark) values (126063, 'Shapeshifters.', 'base');
insert into card_set_white_card (card_set_id, white_card_id) values (125000, 126063);
insert into white_cards (id, text, watermark) values (126064, 'Shaquille O''Neal''s acting career.', 'base');
insert into card_set_white_card (card_set_id, white_card_id) values (125000, 126064);
insert into white_cards (id, text, watermark) values (126065, 'Sharing needles.', 'base');
insert into card_set_white_card (card_set_id, white_card_id) values (125000, 126065);
insert into white_cards (id, text, watermark) values (126066, 'Shiny objects.', 'base');
insert into card_set_white_card (card_set_id, white_card_id) values (125000, 126066);
insert into white_cards (id, text, watermark) values (126067, 'Shipping convicts to Australia.', 'base');
insert into card_set_white_card (card_set_id, white_card_id) values (125000, 126067);
insert into white_cards (id, text, watermark) values (126068, 'Shitting out a perfect Cumberland sausage.', 'base');
insert into card_set_white_card (card_set_id, white_card_id) values (125000, 126068);
insert into white_cards (id, text, watermark) values (126069, 'Shitting out a screaming face.', 'base');
insert into card_set_white_card (card_set_id, white_card_id) values (125000, 126069);
insert into white_cards (id, text, watermark) values (126070, 'Shorties and blunts.', 'base');
insert into card_set_white_card (card_set_id, white_card_id) values (125000, 126070);
insert into white_cards (id, text, watermark) values (126071, 'Showing up to an orgy for the food.', 'base');
insert into card_set_white_card (card_set_id, white_card_id) values (125000, 126071);
insert into white_cards (id, text, watermark) values (126072, 'Shutting the fuck up.', 'base');
insert into card_set_white_card (card_set_id, white_card_id) values (125000, 126072);
insert into white_cards (id, text, watermark) values (126073, 'Shutting up so I can watch the game.', 'base');
insert into card_set_white_card (card_set_id, white_card_id) values (125000, 126073);
insert into white_cards (id, text, watermark) values (126074, 'Shutting up so I can watch the match.', 'base');
insert into card_set_white_card (card_set_id, white_card_id) values (125000, 126074);
insert into white_cards (id, text, watermark) values (126075, 'Sideboob.', 'base');
insert into card_set_white_card (card_set_id, white_card_id) values (125000, 126075);
insert into white_cards (id, text, watermark) values (126076, 'Silence.', 'base');
insert into card_set_white_card (card_set_id, white_card_id) values (125000, 126076);
insert into white_cards (id, text, watermark) values (126077, 'Sipping artificial popcorn butter.', 'base');
insert into card_set_white_card (card_set_id, white_card_id) values (125000, 126077);
insert into white_cards (id, text, watermark) values (126078, 'Sipping kombucha like a smug piece of shit.', 'base');
insert into card_set_white_card (card_set_id, white_card_id) values (125000, 126078);
insert into white_cards (id, text, watermark) values (126079, 'Sitting in a jar of vinegar all night because I am gherkin.', 'base');
insert into card_set_white_card (card_set_id, white_card_id) values (125000, 126079);
insert into white_cards (id, text, watermark) values (126080, 'Sitting on my face and telling me I''m garbage.', 'base');
insert into card_set_white_card (card_set_id, white_card_id) values (125000, 126080);
insert into white_cards (id, text, watermark) values (126081, 'Sitting on my face.', 'base');
insert into card_set_white_card (card_set_id, white_card_id) values (125000, 126081);
insert into white_cards (id, text, watermark) values (126082, 'Sitting on my face.', 'base');
insert into card_set_white_card (card_set_id, white_card_id) values (125000, 126082);
insert into white_cards (id, text, watermark) values (126083, 'Skeletor.', 'base');
insert into card_set_white_card (card_set_id, white_card_id) values (125000, 126083);
insert into white_cards (id, text, watermark) values (126084, 'Skippy the Bush Kangaroo.', 'base');
insert into card_set_white_card (card_set_id, white_card_id) values (125000, 126084);
insert into white_cards (id, text, watermark) values (126085, 'Slapping a biscuit out of an orphan''s mouth.', 'base');
insert into card_set_white_card (card_set_id, white_card_id) values (125000, 126085);
insert into white_cards (id, text, watermark) values (126086, 'Slapping a racist old lady.', 'base');
insert into card_set_white_card (card_set_id, white_card_id) values (125000, 126086);
insert into white_cards (id, text, watermark) values (126087, 'Slapping Nigel Farage over and over.', 'base');
insert into card_set_white_card (card_set_id, white_card_id) values (125000, 126087);
insert into white_cards (id, text, watermark) values (126088, 'Slapping your knees to signal your imminent departure.', 'base');
insert into card_set_white_card (card_set_id, white_card_id) values (125000, 126088);
insert into white_cards (id, text, watermark) values (126089, 'Slaughtering innocent civilians.', 'base');
insert into card_set_white_card (card_set_id, white_card_id) values (125000, 126089);
insert into white_cards (id, text, watermark) values (126090, 'Slavs.', 'base');
insert into card_set_white_card (card_set_id, white_card_id) values (125000, 126090);
insert into white_cards (id, text, watermark) values (126091, 'Smallpox blankets.', 'base');
insert into card_set_white_card (card_set_id, white_card_id) values (125000, 126091);
insert into white_cards (id, text, watermark) values (126092, 'Smegma.', 'base');
insert into card_set_white_card (card_set_id, white_card_id) values (125000, 126092);
insert into white_cards (id, text, watermark) values (126093, 'Smelling of cum.', 'base');
insert into card_set_white_card (card_set_id, white_card_id) values (125000, 126093);
insert into white_cards (id, text, watermark) values (126094, 'Sneezing, farting, and cumming at the same time.', 'base');
insert into card_set_white_card (card_set_id, white_card_id) values (125000, 126094);
insert into white_cards (id, text, watermark) values (126095, 'Sniffing and kissing my feet.', 'base');
insert into card_set_white_card (card_set_id, white_card_id) values (125000, 126095);
insert into white_cards (id, text, watermark) values (126096, 'Sniffing glue.', 'base');
insert into card_set_white_card (card_set_id, white_card_id) values (125000, 126096);
insert into white_cards (id, text, watermark) values (126097, 'Snotsicles.', 'base');
insert into card_set_white_card (card_set_id, white_card_id) values (125000, 126097);
insert into white_cards (id, text, watermark) values (126098, 'Sobbing into a Hungry-Man™ Frozen Dinner.', 'base');
insert into card_set_white_card (card_set_id, white_card_id) values (125000, 126098);
insert into white_cards (id, text, watermark) values (126099, 'Soft, kissy missionary sex.', 'base');
insert into card_set_white_card (card_set_id, white_card_id) values (125000, 126099);
insert into white_cards (id, text, watermark) values (126100, 'Soiling oneself.', 'base');
insert into card_set_white_card (card_set_id, white_card_id) values (125000, 126100);
insert into white_cards (id, text, watermark) values (126101, 'Solving problems with violence.', 'base');
insert into card_set_white_card (card_set_id, white_card_id) values (125000, 126101);
insert into white_cards (id, text, watermark) values (126102, 'Somali pirates.', 'base');
insert into card_set_white_card (card_set_id, white_card_id) values (125000, 126102);
insert into white_cards (id, text, watermark) values (126103, 'Some bitch who loves pineapple.', 'base');
insert into card_set_white_card (card_set_id, white_card_id) values (125000, 126103);
insert into white_cards (id, text, watermark) values (126104, 'Some bloody peace and quiet.', 'base');
insert into card_set_white_card (card_set_id, white_card_id) values (125000, 126104);
insert into white_cards (id, text, watermark) values (126105, 'Some douche with an acoustic guitar.', 'base');
insert into card_set_white_card (card_set_id, white_card_id) values (125000, 126105);
insert into white_cards (id, text, watermark) values (126106, 'Some foundation, mascara, and a touch of blush.', 'base');
insert into card_set_white_card (card_set_id, white_card_id) values (125000, 126106);
insert into white_cards (id, text, watermark) values (126107, 'Some god damn peace and quiet.', 'base');
insert into card_set_white_card (card_set_id, white_card_id) values (125000, 126107);
insert into white_cards (id, text, watermark) values (126108, 'Some guy.', 'base');
insert into card_set_white_card (card_set_id, white_card_id) values (125000, 126108);
insert into white_cards (id, text, watermark) values (126109, 'Some kind of bird man.', 'base');
insert into card_set_white_card (card_set_id, white_card_id) values (125000, 126109);
insert into white_cards (id, text, watermark) values (126110, 'Some of the best rappers in the game.', 'base');
insert into card_set_white_card (card_set_id, white_card_id) values (125000, 126110);
insert into white_cards (id, text, watermark) values (126111, 'Some punk kid who stole my turkey sandwich.', 'base');
insert into card_set_white_card (card_set_id, white_card_id) values (125000, 126111);
insert into white_cards (id, text, watermark) values (126112, 'Some really fucked-up shit.', 'base');
insert into card_set_white_card (card_set_id, white_card_id) values (125000, 126112);
insert into white_cards (id, text, watermark) values (126113, 'Sorry, this content cannot be viewed in your region.', 'base');
insert into card_set_white_card (card_set_id, white_card_id) values (125000, 126113);
insert into white_cards (id, text, watermark) values (126114, 'Soup that is too hot.', 'base');
insert into card_set_white_card (card_set_id, white_card_id) values (125000, 126114);
insert into white_cards (id, text, watermark) values (126115, 'Spaghetti? Again?', 'base');
insert into card_set_white_card (card_set_id, white_card_id) values (125000, 126115);
insert into white_cards (id, text, watermark) values (126116, 'Spaniards.', 'base');
insert into card_set_white_card (card_set_id, white_card_id) values (125000, 126116);
insert into white_cards (id, text, watermark) values (126117, 'Spectacular abs.', 'base');
insert into card_set_white_card (card_set_id, white_card_id) values (125000, 126117);
insert into white_cards (id, text, watermark) values (126118, 'Spending lots of money.', 'base');
insert into card_set_white_card (card_set_id, white_card_id) values (125000, 126118);
insert into white_cards (id, text, watermark) values (126119, 'Sperm whales.', 'base');
insert into card_set_white_card (card_set_id, white_card_id) values (125000, 126119);
insert into white_cards (id, text, watermark) values (126120, 'Spirit Airlines.', 'base');
insert into card_set_white_card (card_set_id, white_card_id) values (125000, 126120);
insert into white_cards (id, text, watermark) values (126121, 'Spontaneous human combustion.', 'base');
insert into card_set_white_card (card_set_id, white_card_id) values (125000, 126121);
insert into white_cards (id, text, watermark) values (126122, 'Squirting.', 'base');
insert into card_set_white_card (card_set_id, white_card_id) values (125000, 126122);
insert into white_cards (id, text, watermark) values (126123, 'Stalin.', 'base');
insert into card_set_white_card (card_set_id, white_card_id) values (125000, 126123);
insert into white_cards (id, text, watermark) values (126124, 'Staring at a painting and going "hmmmmmmm..."', 'base');
insert into card_set_white_card (card_set_id, white_card_id) values (125000, 126124);
insert into white_cards (id, text, watermark) values (126125, 'Stephen Harper.', 'base');
insert into card_set_white_card (card_set_id, white_card_id) values (125000, 126125);
insert into white_cards (id, text, watermark) values (126126, 'Stephen Harper.', 'base');
insert into card_set_white_card (card_set_id, white_card_id) values (125000, 126126);
insert into white_cards (id, text, watermark) values (126127, 'Stephen Hawking talking dirty.', 'base');
insert into card_set_white_card (card_set_id, white_card_id) values (125000, 126127);
insert into white_cards (id, text, watermark) values (126128, 'Steve Bannon.', 'base');
insert into card_set_white_card (card_set_id, white_card_id) values (125000, 126128);
insert into white_cards (id, text, watermark) values (126129, 'Steve Irwin.', 'base');
insert into card_set_white_card (card_set_id, white_card_id) values (125000, 126129);
insert into white_cards (id, text, watermark) values (126130, 'Stifling a giggle at the mention of Hutus and Tutsis.', 'base');
insert into card_set_white_card (card_set_id, white_card_id) values (125000, 126130);
insert into white_cards (id, text, watermark) values (126131, 'Still being a virgin.', 'base');
insert into card_set_white_card (card_set_id, white_card_id) values (125000, 126131);
insert into white_cards (id, text, watermark) values (126132, 'Stockholm Syndrome.', 'base');
insert into card_set_white_card (card_set_id, white_card_id) values (125000, 126132);
insert into white_cards (id, text, watermark) values (126133, 'Stormtroopers.', 'base');
insert into card_set_white_card (card_set_id, white_card_id) values (125000, 126133);
insert into white_cards (id, text, watermark) values (126134, 'Stranger danger.', 'base');
insert into card_set_white_card (card_set_id, white_card_id) values (125000, 126134);
insert into white_cards (id, text, watermark) values (126135, 'Strong female characters.', 'base');
insert into card_set_white_card (card_set_id, white_card_id) values (125000, 126135);
insert into white_cards (id, text, watermark) values (126136, 'Stuffing my peehole with Tic-Tacs,', 'base');
insert into card_set_white_card (card_set_id, white_card_id) values (125000, 126136);
insert into white_cards (id, text, watermark) values (126137, 'Stunt doubles.', 'base');
insert into card_set_white_card (card_set_id, white_card_id) values (125000, 126137);
insert into white_cards (id, text, watermark) values (126138, 'Substitute teachers.', 'base');
insert into card_set_white_card (card_set_id, white_card_id) values (125000, 126138);
insert into white_cards (id, text, watermark) values (126139, 'Sucking some dicks to not get drafted.', 'base');
insert into card_set_white_card (card_set_id, white_card_id) values (125000, 126139);
insert into white_cards (id, text, watermark) values (126140, 'Sudden Poop Explosion Disease.', 'base');
insert into card_set_white_card (card_set_id, white_card_id) values (125000, 126140);
insert into white_cards (id, text, watermark) values (126141, 'Suicidal thoughts.', 'base');
insert into card_set_white_card (card_set_id, white_card_id) values (125000, 126141);
insert into white_cards (id, text, watermark) values (126142, 'Summoning Harold Holt from the sea in a time of great need.', 'base');
insert into card_set_white_card (card_set_id, white_card_id) values (125000, 126142);
insert into white_cards (id, text, watermark) values (126143, 'Sunshine and rainbows.', 'base');
insert into card_set_white_card (card_set_id, white_card_id) values (125000, 126143);
insert into white_cards (id, text, watermark) values (126144, 'Surprise sex!', 'base');
insert into card_set_white_card (card_set_id, white_card_id) values (125000, 126144);
insert into white_cards (id, text, watermark) values (126145, 'Swag.', 'base');
insert into card_set_white_card (card_set_id, white_card_id) values (125000, 126145);
insert into white_cards (id, text, watermark) values (126146, 'Swamp ass.', 'base');
insert into card_set_white_card (card_set_id, white_card_id) values (125000, 126146);
insert into white_cards (id, text, watermark) values (126147, 'Sweet, sweet vengeance.', 'base');
insert into card_set_white_card (card_set_id, white_card_id) values (125000, 126147);
insert into white_cards (id, text, watermark) values (126148, 'Switching to Geico®.', 'base');
insert into card_set_white_card (card_set_id, white_card_id) values (125000, 126148);
insert into white_cards (id, text, watermark) values (126149, 'Swooping.', 'base');
insert into card_set_white_card (card_set_id, white_card_id) values (125000, 126149);
insert into white_cards (id, text, watermark) values (126150, 'Synergistic management solutions.', 'base');
insert into card_set_white_card (card_set_id, white_card_id) values (125000, 126150);
insert into white_cards (id, text, watermark) values (126151, 'Syrupy sex with a maple tree.', 'base');
insert into card_set_white_card (card_set_id, white_card_id) values (125000, 126151);
insert into white_cards (id, text, watermark) values (126152, 'Take-backsies.', 'base');
insert into card_set_white_card (card_set_id, white_card_id) values (125000, 126152);
insert into white_cards (id, text, watermark) values (126153, 'Taking a man''s eyes and balls out and putting his eyes where his balls go and then his balls in the eye holes.', 'base');
insert into card_set_white_card (card_set_id, white_card_id) values (125000, 126153);
insert into white_cards (id, text, watermark) values (126154, 'Taking a sheep-wife.', 'base');
insert into card_set_white_card (card_set_id, white_card_id) values (125000, 126154);
insert into white_cards (id, text, watermark) values (126155, 'Taking off your shirt.', 'base');
insert into card_set_white_card (card_set_id, white_card_id) values (125000, 126155);
insert into white_cards (id, text, watermark) values (126156, 'Tangled Slinkys.', 'base');
insert into card_set_white_card (card_set_id, white_card_id) values (125000, 126156);
insert into white_cards (id, text, watermark) values (126157, 'Tap dancing like there''s no tomorrow.', 'base');
insert into card_set_white_card (card_set_id, white_card_id) values (125000, 126157);
insert into white_cards (id, text, watermark) values (126158, 'Tasteful sideboob.', 'base');
insert into card_set_white_card (card_set_id, white_card_id) values (125000, 126158);
insert into white_cards (id, text, watermark) values (126159, 'Teaching a robot to love.', 'base');
insert into card_set_white_card (card_set_id, white_card_id) values (125000, 126159);
insert into white_cards (id, text, watermark) values (126160, 'Team building exercises.', 'base');
insert into card_set_white_card (card_set_id, white_card_id) values (125000, 126160);
insert into white_cards (id, text, watermark) values (126161, 'Team-building exercises.', 'base');
insert into card_set_white_card (card_set_id, white_card_id) values (125000, 126161);
insert into white_cards (id, text, watermark) values (126162, 'Tearing that ass up like wrapping paper on Christmas morning.', 'base');
insert into card_set_white_card (card_set_id, white_card_id) values (125000, 126162);
insert into white_cards (id, text, watermark) values (126163, 'Teenage pregnancy.', 'base');
insert into card_set_white_card (card_set_id, white_card_id) values (125000, 126163);
insert into white_cards (id, text, watermark) values (126164, 'Telling a shitty story that goes nowhere.', 'base');
insert into card_set_white_card (card_set_id, white_card_id) values (125000, 126164);
insert into white_cards (id, text, watermark) values (126165, 'Tentacle porn.', 'base');
insert into card_set_white_card (card_set_id, white_card_id) values (125000, 126165);
insert into white_cards (id, text, watermark) values (126166, 'Terrorists.', 'base');
insert into card_set_white_card (card_set_id, white_card_id) values (125000, 126166);
insert into white_cards (id, text, watermark) values (126167, 'Terry Fox''s prosthetic leg.', 'base');
insert into card_set_white_card (card_set_id, white_card_id) values (125000, 126167);
insert into white_cards (id, text, watermark) values (126168, 'Testicular torsion.', 'base');
insert into card_set_white_card (card_set_id, white_card_id) values (125000, 126168);
insert into white_cards (id, text, watermark) values (126169, 'That ass.', 'base');
insert into card_set_white_card (card_set_id, white_card_id) values (125000, 126169);
insert into white_cards (id, text, watermark) values (126170, 'That one gay Teletubby.', 'base');
insert into card_set_white_card (card_set_id, white_card_id) values (125000, 126170);
insert into white_cards (id, text, watermark) values (126171, 'That thing that electrocutes your abs.', 'base');
insert into card_set_white_card (card_set_id, white_card_id) values (125000, 126171);
insert into white_cards (id, text, watermark) values (126172, 'The American Dream.', 'base');
insert into card_set_white_card (card_set_id, white_card_id) values (125000, 126172);
insert into white_cards (id, text, watermark) values (126173, 'The Amish.', 'base');
insert into card_set_white_card (card_set_id, white_card_id) values (125000, 126173);
insert into white_cards (id, text, watermark) values (126174, 'The arrival of the pizza.', 'base');
insert into card_set_white_card (card_set_id, white_card_id) values (125000, 126174);
insert into white_cards (id, text, watermark) values (126175, 'The art of seduction.', 'base');
insert into card_set_white_card (card_set_id, white_card_id) values (125000, 126175);
insert into white_cards (id, text, watermark) values (126176, 'The baby that ruined my pussy.', 'base');
insert into card_set_white_card (card_set_id, white_card_id) values (125000, 126176);
insert into white_cards (id, text, watermark) values (126177, 'The Bachelorette season finale.', 'base');
insert into card_set_white_card (card_set_id, white_card_id) values (125000, 126177);
insert into white_cards (id, text, watermark) values (126178, 'The bastard seagull who stole my chips.', 'base');
insert into card_set_white_card (card_set_id, white_card_id) values (125000, 126178);
insert into white_cards (id, text, watermark) values (126179, 'The Big Bang.', 'base');
insert into card_set_white_card (card_set_id, white_card_id) values (125000, 126179);
insert into white_cards (id, text, watermark) values (126180, 'The big fucking hole in the ozone layer.', 'base');
insert into card_set_white_card (card_set_id, white_card_id) values (125000, 126180);
insert into white_cards (id, text, watermark) values (126181, 'The Black Death.', 'base');
insert into card_set_white_card (card_set_id, white_card_id) values (125000, 126181);
insert into white_cards (id, text, watermark) values (126182, 'The Blood of Christ.', 'base');
insert into card_set_white_card (card_set_id, white_card_id) values (125000, 126182);
insert into white_cards (id, text, watermark) values (126183, 'The bloody Welsh.', 'base');
insert into card_set_white_card (card_set_id, white_card_id) values (125000, 126183);
insert into white_cards (id, text, watermark) values (126184, 'The BNP.', 'base');
insert into card_set_white_card (card_set_id, white_card_id) values (125000, 126184);
insert into white_cards (id, text, watermark) values (126185, 'The bombing of Nagasaki.', 'base');
insert into card_set_white_card (card_set_id, white_card_id) values (125000, 126185);
insert into white_cards (id, text, watermark) values (126186, 'The boners of the elderly.', 'base');
insert into card_set_white_card (card_set_id, white_card_id) values (125000, 126186);
insert into white_cards (id, text, watermark) values (126187, 'The Boy Scouts of America.', 'base');
insert into card_set_white_card (card_set_id, white_card_id) values (125000, 126187);
insert into white_cards (id, text, watermark) values (126188, 'The bush.', 'base');
insert into card_set_white_card (card_set_id, white_card_id) values (125000, 126188);
insert into white_cards (id, text, watermark) values (126189, 'The Care Bear Stare.', 'base');
insert into card_set_white_card (card_set_id, white_card_id) values (125000, 126189);
insert into white_cards (id, text, watermark) values (126190, 'The Chinese gymnastics team.', 'base');
insert into card_set_white_card (card_set_id, white_card_id) values (125000, 126190);
insert into white_cards (id, text, watermark) values (126191, 'The chronic.', 'base');
insert into card_set_white_card (card_set_id, white_card_id) values (125000, 126191);
insert into white_cards (id, text, watermark) values (126192, 'The clitoris.', 'base');
insert into card_set_white_card (card_set_id, white_card_id) values (125000, 126192);
insert into white_cards (id, text, watermark) values (126193, 'The Confederate flag.', 'base');
insert into card_set_white_card (card_set_id, white_card_id) values (125000, 126193);
insert into white_cards (id, text, watermark) values (126194, 'The cool, refreshing taste of Coca-Cola®.', 'base');
insert into card_set_white_card (card_set_id, white_card_id) values (125000, 126194);
insert into white_cards (id, text, watermark) values (126195, 'The cool, refreshing taste of Pepsi.', 'base');
insert into card_set_white_card (card_set_id, white_card_id) values (125000, 126195);
insert into white_cards (id, text, watermark) values (126196, 'The cool, refreshing taste of Pepsi®.', 'base');
insert into card_set_white_card (card_set_id, white_card_id) values (125000, 126196);
insert into white_cards (id, text, watermark) values (126197, 'The crazy, ball-slapping sex your parents are having right now.', 'base');
insert into card_set_white_card (card_set_id, white_card_id) values (125000, 126197);
insert into white_cards (id, text, watermark) values (126198, 'The Daily Mail.', 'base');
insert into card_set_white_card (card_set_id, white_card_id) values (125000, 126198);
insert into white_cards (id, text, watermark) values (126199, 'The Dalai Lama.', 'base');
insert into card_set_white_card (card_set_id, white_card_id) values (125000, 126199);
insert into white_cards (id, text, watermark) values (126200, 'The Dance of the Sugar Plum Fairy.', 'base');
insert into card_set_white_card (card_set_id, white_card_id) values (125000, 126200);
insert into white_cards (id, text, watermark) values (126201, 'The death penalty.', 'base');
insert into card_set_white_card (card_set_id, white_card_id) values (125000, 126201);
insert into white_cards (id, text, watermark) values (126202, 'The deformed.', 'base');
insert into card_set_white_card (card_set_id, white_card_id) values (125000, 126202);
insert into white_cards (id, text, watermark) values (126203, 'The Devil Himself.', 'base');
insert into card_set_white_card (card_set_id, white_card_id) values (125000, 126203);
insert into white_cards (id, text, watermark) values (126204, 'The Donald Trump Seal of Approval.™', 'base');
insert into card_set_white_card (card_set_id, white_card_id) values (125000, 126204);
insert into white_cards (id, text, watermark) values (126205, 'The drama club.', 'base');
insert into card_set_white_card (card_set_id, white_card_id) values (125000, 126205);
insert into white_cards (id, text, watermark) values (126206, 'The economy.', 'base');
insert into card_set_white_card (card_set_id, white_card_id) values (125000, 126206);
insert into white_cards (id, text, watermark) values (126207, 'The EDL.', 'base');
insert into card_set_white_card (card_set_id, white_card_id) values (125000, 126207);
insert into white_cards (id, text, watermark) values (126208, 'The end of days.', 'base');
insert into card_set_white_card (card_set_id, white_card_id) values (125000, 126208);
insert into white_cards (id, text, watermark) values (126209, 'The entire cast of Downton Abbey.', 'base');
insert into card_set_white_card (card_set_id, white_card_id) values (125000, 126209);
insert into white_cards (id, text, watermark) values (126210, 'The entire Internet.', 'base');
insert into card_set_white_card (card_set_id, white_card_id) values (125000, 126210);
insert into white_cards (id, text, watermark) values (126211, 'The entire Mormon Tabernacle Choir.', 'base');
insert into card_set_white_card (card_set_id, white_card_id) values (125000, 126211);
insert into white_cards (id, text, watermark) values (126212, 'The female orgasm.', 'base');
insert into card_set_white_card (card_set_id, white_card_id) values (125000, 126212);
insert into white_cards (id, text, watermark) values (126213, 'The FLQ.', 'base');
insert into card_set_white_card (card_set_id, white_card_id) values (125000, 126213);
insert into white_cards (id, text, watermark) values (126214, 'The flute.', 'base');
insert into card_set_white_card (card_set_id, white_card_id) values (125000, 126214);
insert into white_cards (id, text, watermark) values (126215, 'The folly of man.', 'base');
insert into card_set_white_card (card_set_id, white_card_id) values (125000, 126215);
insert into white_cards (id, text, watermark) values (126216, 'The forbidden fruit.', 'base');
insert into card_set_white_card (card_set_id, white_card_id) values (125000, 126216);
insert into white_cards (id, text, watermark) values (126217, 'The Force.', 'base');
insert into card_set_white_card (card_set_id, white_card_id) values (125000, 126217);
insert into white_cards (id, text, watermark) values (126218, 'The French.', 'base');
insert into card_set_white_card (card_set_id, white_card_id) values (125000, 126218);
insert into white_cards (id, text, watermark) values (126219, 'The gays.', 'base');
insert into card_set_white_card (card_set_id, white_card_id) values (125000, 126219);
insert into white_cards (id, text, watermark) values (126220, 'The glass ceiling.', 'base');
insert into card_set_white_card (card_set_id, white_card_id) values (125000, 126220);
insert into white_cards (id, text, watermark) values (126221, 'The Great Depression.', 'base');
insert into card_set_white_card (card_set_id, white_card_id) values (125000, 126221);
insert into white_cards (id, text, watermark) values (126222, 'The Great Emu War.', 'base');
insert into card_set_white_card (card_set_id, white_card_id) values (125000, 126222);
insert into white_cards (id, text, watermark) values (126223, 'The Gulags.', 'base');
insert into card_set_white_card (card_set_id, white_card_id) values (125000, 126223);
insert into white_cards (id, text, watermark) values (126224, 'The guys from Queer Eye.', 'base');
insert into card_set_white_card (card_set_id, white_card_id) values (125000, 126224);
insert into white_cards (id, text, watermark) values (126225, 'The guys from Queer Eye.', 'base');
insert into card_set_white_card (card_set_id, white_card_id) values (125000, 126225);
insert into white_cards (id, text, watermark) values (126226, 'The Hamburglar.', 'base');
insert into card_set_white_card (card_set_id, white_card_id) values (125000, 126226);
insert into white_cards (id, text, watermark) values (126227, 'The hardworking Mexican.', 'base');
insert into card_set_white_card (card_set_id, white_card_id) values (125000, 126227);
insert into white_cards (id, text, watermark) values (126228, 'The heart of a child.', 'base');
insert into card_set_white_card (card_set_id, white_card_id) values (125000, 126228);
insert into white_cards (id, text, watermark) values (126229, 'The Hemsworth brothers.', 'base');
insert into card_set_white_card (card_set_id, white_card_id) values (125000, 126229);
insert into white_cards (id, text, watermark) values (126230, 'The hiccups.', 'base');
insert into card_set_white_card (card_set_id, white_card_id) values (125000, 126230);
insert into white_cards (id, text, watermark) values (126231, 'The Hillsborough Disaster.', 'base');
insert into card_set_white_card (card_set_id, white_card_id) values (125000, 126231);
insert into white_cards (id, text, watermark) values (126232, 'The Holy Bible.', 'base');
insert into card_set_white_card (card_set_id, white_card_id) values (125000, 126232);
insert into white_cards (id, text, watermark) values (126233, 'The homosexual agenda.', 'base');
insert into card_set_white_card (card_set_id, white_card_id) values (125000, 126233);
insert into white_cards (id, text, watermark) values (126234, 'The homosexual lifestyle.', 'base');
insert into card_set_white_card (card_set_id, white_card_id) values (125000, 126234);
insert into white_cards (id, text, watermark) values (126235, 'The Honey Monster.', 'base');
insert into card_set_white_card (card_set_id, white_card_id) values (125000, 126235);
insert into white_cards (id, text, watermark) values (126236, 'The human body.', 'base');
insert into card_set_white_card (card_set_id, white_card_id) values (125000, 126236);
insert into white_cards (id, text, watermark) values (126237, 'The Hustle.', 'base');
insert into card_set_white_card (card_set_id, white_card_id) values (125000, 126237);
insert into white_cards (id, text, watermark) values (126238, 'The illusion of choice in a late-stage capitalist society.', 'base');
insert into card_set_white_card (card_set_id, white_card_id) values (125000, 126238);
insert into white_cards (id, text, watermark) values (126239, 'The inevitable heat death of the universe.', 'base');
insert into card_set_white_card (card_set_id, white_card_id) values (125000, 126239);
insert into white_cards (id, text, watermark) values (126240, 'The invisible hand.', 'base');
insert into card_set_white_card (card_set_id, white_card_id) values (125000, 126240);
insert into white_cards (id, text, watermark) values (126241, 'The Jews.', 'base');
insert into card_set_white_card (card_set_id, white_card_id) values (125000, 126241);
insert into white_cards (id, text, watermark) values (126242, 'The KKK.', 'base');
insert into card_set_white_card (card_set_id, white_card_id) values (125000, 126242);
insert into white_cards (id, text, watermark) values (126243, 'The Kool-Aid Man.', 'base');
insert into card_set_white_card (card_set_id, white_card_id) values (125000, 126243);
insert into white_cards (id, text, watermark) values (126244, 'The land of chocolate.', 'base');
insert into card_set_white_card (card_set_id, white_card_id) values (125000, 126244);
insert into white_cards (id, text, watermark) values (126245, 'The light of a billion suns.', 'base');
insert into card_set_white_card (card_set_id, white_card_id) values (125000, 126245);
insert into white_cards (id, text, watermark) values (126246, 'The Little Engine That Could.', 'base');
insert into card_set_white_card (card_set_id, white_card_id) values (125000, 126246);
insert into white_cards (id, text, watermark) values (126247, 'The magic of live theatre.', 'base');
insert into card_set_white_card (card_set_id, white_card_id) values (125000, 126247);
insert into white_cards (id, text, watermark) values (126248, 'The Make-A-Wish Foundation.', 'base');
insert into card_set_white_card (card_set_id, white_card_id) values (125000, 126248);
insert into white_cards (id, text, watermark) values (126249, 'The Make-A-Wish® Foundation.', 'base');
insert into card_set_white_card (card_set_id, white_card_id) values (125000, 126249);
insert into white_cards (id, text, watermark) values (126250, 'The milk man.', 'base');
insert into card_set_white_card (card_set_id, white_card_id) values (125000, 126250);
insert into white_cards (id, text, watermark) values (126251, 'The milkman.', 'base');
insert into card_set_white_card (card_set_id, white_card_id) values (125000, 126251);
insert into white_cards (id, text, watermark) values (126252, 'The miracle of childbirth.', 'base');
insert into card_set_white_card (card_set_id, white_card_id) values (125000, 126252);
insert into white_cards (id, text, watermark) values (126253, 'The morbidly obese.', 'base');
insert into card_set_white_card (card_set_id, white_card_id) values (125000, 126253);
insert into white_cards (id, text, watermark) values (126254, 'The North.', 'base');
insert into card_set_white_card (card_set_id, white_card_id) values (125000, 126254);
insert into white_cards (id, text, watermark) values (126255, 'The Official Languages Act. La Loi sur les langues officielles.', 'base');
insert into card_set_white_card (card_set_id, white_card_id) values (125000, 126255);
insert into white_cards (id, text, watermark) values (126256, 'The only gay person in a hundred kilometers.', 'base');
insert into card_set_white_card (card_set_id, white_card_id) values (125000, 126256);
insert into white_cards (id, text, watermark) values (126257, 'The only gay person in a hundred miles.', 'base');
insert into card_set_white_card (card_set_id, white_card_id) values (125000, 126257);
insert into white_cards (id, text, watermark) values (126258, 'The opioid epidemic.', 'base');
insert into card_set_white_card (card_set_id, white_card_id) values (125000, 126258);
insert into white_cards (id, text, watermark) values (126259, 'The past.', 'base');
insert into card_set_white_card (card_set_id, white_card_id) values (125000, 126259);
insert into white_cards (id, text, watermark) values (126260, 'The Patriarchy.', 'base');
insert into card_set_white_card (card_set_id, white_card_id) values (125000, 126260);
insert into white_cards (id, text, watermark) values (126261, 'The penny whistle solo from "My Heart Will Go On."', 'base');
insert into card_set_white_card (card_set_id, white_card_id) values (125000, 126261);
insert into white_cards (id, text, watermark) values (126262, 'The People''s Elbow.', 'base');
insert into card_set_white_card (card_set_id, white_card_id) values (125000, 126262);
insert into white_cards (id, text, watermark) values (126263, 'The petty troubles of the aristrocracy.', 'base');
insert into card_set_white_card (card_set_id, white_card_id) values (125000, 126263);
insert into white_cards (id, text, watermark) values (126264, 'The petty troubles of the landed gentry.', 'base');
insert into card_set_white_card (card_set_id, white_card_id) values (125000, 126264);
insert into white_cards (id, text, watermark) values (126265, 'The pirate''s life.', 'base');
insert into card_set_white_card (card_set_id, white_card_id) values (125000, 126265);
insert into white_cards (id, text, watermark) values (126266, 'The placenta.', 'base');
insert into card_set_white_card (card_set_id, white_card_id) values (125000, 126266);
insert into white_cards (id, text, watermark) values (126267, 'The plot of a Michael Bay movie.', 'base');
insert into card_set_white_card (card_set_id, white_card_id) values (125000, 126267);
insert into white_cards (id, text, watermark) values (126268, 'The Pope.', 'base');
insert into card_set_white_card (card_set_id, white_card_id) values (125000, 126268);
insert into white_cards (id, text, watermark) values (126269, 'The profoundly handicapped.', 'base');
insert into card_set_white_card (card_set_id, white_card_id) values (125000, 126269);
insert into white_cards (id, text, watermark) values (126270, 'The prostate.', 'base');
insert into card_set_white_card (card_set_id, white_card_id) values (125000, 126270);
insert into white_cards (id, text, watermark) values (126271, 'The prunes I''ve been saving for you in my armpits.', 'base');
insert into card_set_white_card (card_set_id, white_card_id) values (125000, 126271);
insert into white_cards (id, text, watermark) values (126272, 'The Rapture.', 'base');
insert into card_set_white_card (card_set_id, white_card_id) values (125000, 126272);
insert into white_cards (id, text, watermark) values (126273, 'The Red Hot Chili Peppers.', 'base');
insert into card_set_white_card (card_set_id, white_card_id) values (125000, 126273);
insert into white_cards (id, text, watermark) values (126274, 'The Red Menace.', 'base');
insert into card_set_white_card (card_set_id, white_card_id) values (125000, 126274);
insert into white_cards (id, text, watermark) values (126275, 'The Rev. Dr. Martin Luther King, Jr.', 'base');
insert into card_set_white_card (card_set_id, white_card_id) values (125000, 126275);
insert into white_cards (id, text, watermark) values (126276, 'The rhythms of Africa.', 'base');
insert into card_set_white_card (card_set_id, white_card_id) values (125000, 126276);
insert into white_cards (id, text, watermark) values (126277, 'The Royal Canadian Mounted Police.', 'base');
insert into card_set_white_card (card_set_id, white_card_id) values (125000, 126277);
insert into white_cards (id, text, watermark) values (126278, 'The Russians.', 'base');
insert into card_set_white_card (card_set_id, white_card_id) values (125000, 126278);
insert into white_cards (id, text, watermark) values (126279, 'The Scouts.', 'base');
insert into card_set_white_card (card_set_id, white_card_id) values (125000, 126279);
insert into white_cards (id, text, watermark) values (126280, 'The screams...the terrible screams.', 'base');
insert into card_set_white_card (card_set_id, white_card_id) values (125000, 126280);
insert into white_cards (id, text, watermark) values (126281, 'The Smell of a Primark.', 'base');
insert into card_set_white_card (card_set_id, white_card_id) values (125000, 126281);
insert into white_cards (id, text, watermark) values (126282, 'The Smell of Primark.', 'base');
insert into card_set_white_card (card_set_id, white_card_id) values (125000, 126282);
insert into white_cards (id, text, watermark) values (126283, 'The South.', 'base');
insert into card_set_white_card (card_set_id, white_card_id) values (125000, 126283);
insert into white_cards (id, text, watermark) values (126284, 'The Stig.', 'base');
insert into card_set_white_card (card_set_id, white_card_id) values (125000, 126284);
insert into white_cards (id, text, watermark) values (126285, 'The Strictly Come Dancing final.', 'base');
insert into card_set_white_card (card_set_id, white_card_id) values (125000, 126285);
insert into white_cards (id, text, watermark) values (126286, 'The Strictly Come Dancing season finale.', 'base');
insert into card_set_white_card (card_set_id, white_card_id) values (125000, 126286);
insert into white_cards (id, text, watermark) values (126287, 'The sudden appearance of the Go Compare man.', 'base');
insert into card_set_white_card (card_set_id, white_card_id) values (125000, 126287);
insert into white_cards (id, text, watermark) values (126288, 'The Superdome.', 'base');
insert into card_set_white_card (card_set_id, white_card_id) values (125000, 126288);
insert into white_cards (id, text, watermark) values (126289, 'The taint; the grundle; the fleshy fun-bridge.', 'base');
insert into card_set_white_card (card_set_id, white_card_id) values (125000, 126289);
insert into white_cards (id, text, watermark) values (126290, 'The tampon from my vagina.', 'base');
insert into card_set_white_card (card_set_id, white_card_id) values (125000, 126290);
insert into white_cards (id, text, watermark) values (126291, 'The Tempur-Pedic® Swedish Sleep System™.', 'base');
insert into card_set_white_card (card_set_id, white_card_id) values (125000, 126291);
insert into white_cards (id, text, watermark) values (126292, 'The terrorists.', 'base');
insert into card_set_white_card (card_set_id, white_card_id) values (125000, 126292);
insert into white_cards (id, text, watermark) values (126293, 'The Thong Song.', 'base');
insert into card_set_white_card (card_set_id, white_card_id) values (125000, 126293);
insert into white_cards (id, text, watermark) values (126294, 'The Three-Fifths compromise.', 'base');
insert into card_set_white_card (card_set_id, white_card_id) values (125000, 126294);
insert into white_cards (id, text, watermark) values (126295, 'The Three-Fifths Compromise.', 'base');
insert into card_set_white_card (card_set_id, white_card_id) values (125000, 126295);
insert into white_cards (id, text, watermark) values (126296, 'The token minority.', 'base');
insert into card_set_white_card (card_set_id, white_card_id) values (125000, 126296);
insert into white_cards (id, text, watermark) values (126297, 'The total collapse of the global financial system.', 'base');
insert into card_set_white_card (card_set_id, white_card_id) values (125000, 126297);
insert into white_cards (id, text, watermark) values (126298, 'The Trail of Tears.', 'base');
insert into card_set_white_card (card_set_id, white_card_id) values (125000, 126298);
insert into white_cards (id, text, watermark) values (126299, 'The true meaning of Christmas.', 'base');
insert into card_set_white_card (card_set_id, white_card_id) values (125000, 126299);
insert into white_cards (id, text, watermark) values (126300, 'The Übermensch.', 'base');
insert into card_set_white_card (card_set_id, white_card_id) values (125000, 126300);
insert into white_cards (id, text, watermark) values (126301, 'The ugliest boy in town,', 'base');
insert into card_set_white_card (card_set_id, white_card_id) values (125000, 126301);
insert into white_cards (id, text, watermark) values (126302, 'The Underground Railroad.', 'base');
insert into card_set_white_card (card_set_id, white_card_id) values (125000, 126302);
insert into white_cards (id, text, watermark) values (126303, 'The unstoppable tide of Islam.', 'base');
insert into card_set_white_card (card_set_id, white_card_id) values (125000, 126303);
insert into white_cards (id, text, watermark) values (126304, 'The violation of our most basic human rights.', 'base');
insert into card_set_white_card (card_set_id, white_card_id) values (125000, 126304);
insert into white_cards (id, text, watermark) values (126305, 'The Virginia Tech Massacre.', 'base');
insert into card_set_white_card (card_set_id, white_card_id) values (125000, 126305);
insert into white_cards (id, text, watermark) values (126306, 'The way James Bond treats women.', 'base');
insert into card_set_white_card (card_set_id, white_card_id) values (125000, 126306);
insert into white_cards (id, text, watermark) values (126307, 'The Welsh.', 'base');
insert into card_set_white_card (card_set_id, white_card_id) values (125000, 126307);
insert into white_cards (id, text, watermark) values (126308, 'The Wendy''s Spicy Chicken Sandwich.', 'base');
insert into card_set_white_card (card_set_id, white_card_id) values (125000, 126308);
insert into white_cards (id, text, watermark) values (126309, 'The White Australia Policy.', 'base');
insert into card_set_white_card (card_set_id, white_card_id) values (125000, 126309);
insert into white_cards (id, text, watermark) values (126310, 'The whole enchilada.', 'base');
insert into card_set_white_card (card_set_id, white_card_id) values (125000, 126310);
insert into white_cards (id, text, watermark) values (126311, 'The wifi password.', 'base');
insert into card_set_white_card (card_set_id, white_card_id) values (125000, 126311);
insert into white_cards (id, text, watermark) values (126312, 'The wonders of the Orient.', 'base');
insert into card_set_white_card (card_set_id, white_card_id) values (125000, 126312);
insert into white_cards (id, text, watermark) values (126313, 'The World of Warcraft.', 'base');
insert into card_set_white_card (card_set_id, white_card_id) values (125000, 126313);
insert into white_cards (id, text, watermark) values (126314, 'The wrath of Vladimir Putin.', 'base');
insert into card_set_white_card (card_set_id, white_card_id) values (125000, 126314);
insert into white_cards (id, text, watermark) values (126315, 'Therapy.', 'base');
insert into card_set_white_card (card_set_id, white_card_id) values (125000, 126315);
insert into white_cards (id, text, watermark) values (126316, 'Theresa May.', 'base');
insert into card_set_white_card (card_set_id, white_card_id) values (125000, 126316);
insert into white_cards (id, text, watermark) values (126317, 'These hoes.', 'base');
insert into card_set_white_card (card_set_id, white_card_id) values (125000, 126317);
insert into white_cards (id, text, watermark) values (126318, 'Third base.', 'base');
insert into card_set_white_card (card_set_id, white_card_id) values (125000, 126318);
insert into white_cards (id, text, watermark) values (126319, 'This answer is postmodern.', 'base');
insert into card_set_white_card (card_set_id, white_card_id) values (125000, 126319);
insert into white_cards (id, text, watermark) values (126320, 'This month''s mass shooting.', 'base');
insert into card_set_white_card (card_set_id, white_card_id) values (125000, 126320);
insert into white_cards (id, text, watermark) values (126321, 'This year''s mass shooting.', 'base');
insert into card_set_white_card (card_set_id, white_card_id) values (125000, 126321);
insert into white_cards (id, text, watermark) values (126322, 'Those times when you get sand in your vagina.', 'base');
insert into card_set_white_card (card_set_id, white_card_id) values (125000, 126322);
insert into white_cards (id, text, watermark) values (126323, 'Three dicks at the same time.', 'base');
insert into card_set_white_card (card_set_id, white_card_id) values (125000, 126323);
insert into white_cards (id, text, watermark) values (126324, 'Three ounces of clean urine.', 'base');
insert into card_set_white_card (card_set_id, white_card_id) values (125000, 126324);
insert into white_cards (id, text, watermark) values (126325, 'Throwing a virgin into a volcano.', 'base');
insert into card_set_white_card (card_set_id, white_card_id) values (125000, 126325);
insert into white_cards (id, text, watermark) values (126326, 'Throwing grapes at a man until he loses touch with reality.', 'base');
insert into card_set_white_card (card_set_id, white_card_id) values (125000, 126326);
insert into white_cards (id, text, watermark) values (126327, 'Tickle Me Elmo.', 'base');
insert into card_set_white_card (card_set_id, white_card_id) values (125000, 126327);
insert into white_cards (id, text, watermark) values (126328, 'Tickle Me Elmo™.', 'base');
insert into card_set_white_card (card_set_id, white_card_id) values (125000, 126328);
insert into white_cards (id, text, watermark) values (126329, 'Tickling Sean Hannity, even after he tells you to stop.', 'base');
insert into card_set_white_card (card_set_id, white_card_id) values (125000, 126329);
insert into white_cards (id, text, watermark) values (126330, 'Tiger Woods.', 'base');
insert into card_set_white_card (card_set_id, white_card_id) values (125000, 126330);
insert into white_cards (id, text, watermark) values (126331, 'Tiny nipples.', 'base');
insert into card_set_white_card (card_set_id, white_card_id) values (125000, 126331);
insert into white_cards (id, text, watermark) values (126332, 'Tiny tits that say "Yippee!" when you touch them.', 'base');
insert into card_set_white_card (card_set_id, white_card_id) values (125000, 126332);
insert into white_cards (id, text, watermark) values (126333, 'Tom Cruise.', 'base');
insert into card_set_white_card (card_set_id, white_card_id) values (125000, 126333);
insert into white_cards (id, text, watermark) values (126334, 'Tongue.', 'base');
insert into card_set_white_card (card_set_id, white_card_id) values (125000, 126334);
insert into white_cards (id, text, watermark) values (126335, 'Toni Morrison''s vagina.', 'base');
insert into card_set_white_card (card_set_id, white_card_id) values (125000, 126335);
insert into white_cards (id, text, watermark) values (126336, 'Tony Abbott in budgie smugglers.', 'base');
insert into card_set_white_card (card_set_id, white_card_id) values (125000, 126336);
insert into white_cards (id, text, watermark) values (126337, 'Too much hair gel.', 'base');
insert into card_set_white_card (card_set_id, white_card_id) values (125000, 126337);
insert into white_cards (id, text, watermark) values (126338, 'Tories.', 'base');
insert into card_set_white_card (card_set_id, white_card_id) values (125000, 126338);
insert into white_cards (id, text, watermark) values (126339, 'Total control of the media.', 'base');
insert into card_set_white_card (card_set_id, white_card_id) values (125000, 126339);
insert into white_cards (id, text, watermark) values (126340, 'Touching a pug right on his penis.', 'base');
insert into card_set_white_card (card_set_id, white_card_id) values (125000, 126340);
insert into white_cards (id, text, watermark) values (126341, 'Toxic masculinity', 'base');
insert into card_set_white_card (card_set_id, white_card_id) values (125000, 126341);
insert into white_cards (id, text, watermark) values (126342, 'Trench foot.', 'base');
insert into card_set_white_card (card_set_id, white_card_id) values (125000, 126342);
insert into white_cards (id, text, watermark) values (126343, 'Tripping balls.', 'base');
insert into card_set_white_card (card_set_id, white_card_id) values (125000, 126343);
insert into white_cards (id, text, watermark) values (126344, 'Tweeting.', 'base');
insert into card_set_white_card (card_set_id, white_card_id) values (125000, 126344);
insert into white_cards (id, text, watermark) values (126345, 'Twenty tonnes of bat shit.', 'base');
insert into card_set_white_card (card_set_id, white_card_id) values (125000, 126345);
insert into white_cards (id, text, watermark) values (126346, 'Twinkies®.', 'base');
insert into card_set_white_card (card_set_id, white_card_id) values (125000, 126346);
insert into white_cards (id, text, watermark) values (126347, 'Two midgets shitting into a bucket.', 'base');
insert into card_set_white_card (card_set_id, white_card_id) values (125000, 126347);
insert into white_cards (id, text, watermark) values (126348, 'Two Xanax and a bottle of wine.', 'base');
insert into card_set_white_card (card_set_id, white_card_id) values (125000, 126348);
insert into white_cards (id, text, watermark) values (126349, 'Unfathomable stupidity.', 'base');
insert into card_set_white_card (card_set_id, white_card_id) values (125000, 126349);
insert into white_cards (id, text, watermark) values (126350, 'Uppercuts.', 'base');
insert into card_set_white_card (card_set_id, white_card_id) values (125000, 126350);
insert into white_cards (id, text, watermark) values (126351, 'Used knickers.', 'base');
insert into card_set_white_card (card_set_id, white_card_id) values (125000, 126351);
insert into white_cards (id, text, watermark) values (126352, 'Used panties.', 'base');
insert into card_set_white_card (card_set_id, white_card_id) values (125000, 126352);
insert into white_cards (id, text, watermark) values (126353, 'Using a condom.', 'base');
insert into card_set_white_card (card_set_id, white_card_id) values (125000, 126353);
insert into white_cards (id, text, watermark) values (126354, 'Using comedy as a coping mechanism.', 'base');
insert into card_set_white_card (card_set_id, white_card_id) values (125000, 126354);
insert into white_cards (id, text, watermark) values (126355, 'Vegemite™.', 'base');
insert into card_set_white_card (card_set_id, white_card_id) values (125000, 126355);
insert into white_cards (id, text, watermark) values (126356, 'Vehicular homicide.', 'base');
insert into card_set_white_card (card_set_id, white_card_id) values (125000, 126356);
insert into white_cards (id, text, watermark) values (126357, 'Vehicular manslaughter.', 'base');
insert into card_set_white_card (card_set_id, white_card_id) values (125000, 126357);
insert into white_cards (id, text, watermark) values (126358, 'Viagra®.', 'base');
insert into card_set_white_card (card_set_id, white_card_id) values (125000, 126358);
insert into white_cards (id, text, watermark) values (126359, 'Vigilante justice.', 'base');
insert into card_set_white_card (card_set_id, white_card_id) values (125000, 126359);
insert into white_cards (id, text, watermark) values (126360, 'Vigorous jazz hands.', 'base');
insert into card_set_white_card (card_set_id, white_card_id) values (125000, 126360);
insert into white_cards (id, text, watermark) values (126361, 'Vikings.', 'base');
insert into card_set_white_card (card_set_id, white_card_id) values (125000, 126361);
insert into white_cards (id, text, watermark) values (126362, 'Vladimir Putin.', 'base');
insert into card_set_white_card (card_set_id, white_card_id) values (125000, 126362);
insert into white_cards (id, text, watermark) values (126363, 'Vomiting into a kangaroo''s pouch.', 'base');
insert into card_set_white_card (card_set_id, white_card_id) values (125000, 126363);
insert into white_cards (id, text, watermark) values (126364, 'Vomiting mid-blowjob.', 'base');
insert into card_set_white_card (card_set_id, white_card_id) values (125000, 126364);
insert into white_cards (id, text, watermark) values (126365, 'Vomiting seafood and bleeding anally.', 'base');
insert into card_set_white_card (card_set_id, white_card_id) values (125000, 126365);
insert into white_cards (id, text, watermark) values (126366, 'Waiting ''til marriage.', 'base');
insert into card_set_white_card (card_set_id, white_card_id) values (125000, 126366);
insert into white_cards (id, text, watermark) values (126367, 'Waiting till marriage.', 'base');
insert into card_set_white_card (card_set_id, white_card_id) values (125000, 126367);
insert into white_cards (id, text, watermark) values (126368, 'Waking up half-naked in a Denny''s parking lot.', 'base');
insert into card_set_white_card (card_set_id, white_card_id) values (125000, 126368);
insert into white_cards (id, text, watermark) values (126369, 'Waking up half-naked in a Little Chef car park.', 'base');
insert into card_set_white_card (card_set_id, white_card_id) values (125000, 126369);
insert into white_cards (id, text, watermark) values (126370, 'Waking up half-naked in a Macca''s car park.', 'base');
insert into card_set_white_card (card_set_id, white_card_id) values (125000, 126370);
insert into white_cards (id, text, watermark) values (126371, 'Waking up half-naked in a Wetherspoons car park.', 'base');
insert into card_set_white_card (card_set_id, white_card_id) values (125000, 126371);
insert into white_cards (id, text, watermark) values (126372, 'Waking up in Idris Elba''s arms.', 'base');
insert into card_set_white_card (card_set_id, white_card_id) values (125000, 126372);
insert into white_cards (id, text, watermark) values (126373, 'Walking in on Dad peeing into Mom''s mouth.', 'base');
insert into card_set_white_card (card_set_id, white_card_id) values (125000, 126373);
insert into white_cards (id, text, watermark) values (126374, 'Wanking into a pool of children''s tears.', 'base');
insert into card_set_white_card (card_set_id, white_card_id) values (125000, 126374);
insert into white_cards (id, text, watermark) values (126375, 'Waterboarding.', 'base');
insert into card_set_white_card (card_set_id, white_card_id) values (125000, 126375);
insert into white_cards (id, text, watermark) values (126376, 'Weapons-grade plutonium.', 'base');
insert into card_set_white_card (card_set_id, white_card_id) values (125000, 126376);
insert into white_cards (id, text, watermark) values (126377, 'Wearing an octopus for a hat.', 'base');
insert into card_set_white_card (card_set_id, white_card_id) values (125000, 126377);
insert into white_cards (id, text, watermark) values (126378, 'Wearing underwear inside out to avoid doing laundry.', 'base');
insert into card_set_white_card (card_set_id, white_card_id) values (125000, 126378);
insert into white_cards (id, text, watermark) values (126379, 'Wearing underwear inside-out to avoid doing laundry.', 'base');
insert into card_set_white_card (card_set_id, white_card_id) values (125000, 126379);
insert into white_cards (id, text, watermark) values (126380, 'Website.', 'base');
insert into card_set_white_card (card_set_id, white_card_id) values (125000, 126380);
insert into white_cards (id, text, watermark) values (126381, 'Wet dreams.', 'base');
insert into card_set_white_card (card_set_id, white_card_id) values (125000, 126381);
insert into white_cards (id, text, watermark) values (126382, 'What that mouth do.', 'base');
insert into card_set_white_card (card_set_id, white_card_id) values (125000, 126382);
insert into white_cards (id, text, watermark) values (126383, 'What''s left of the Great Barrier Reef.', 'base');
insert into card_set_white_card (card_set_id, white_card_id) values (125000, 126383);
insert into white_cards (id, text, watermark) values (126384, 'Whatever''s in the fridge.', 'base');
insert into card_set_white_card (card_set_id, white_card_id) values (125000, 126384);
insert into white_cards (id, text, watermark) values (126385, 'When you fart and a little bit comes out.', 'base');
insert into card_set_white_card (card_set_id, white_card_id) values (125000, 126385);
insert into white_cards (id, text, watermark) values (126386, 'Whining like a little bitch.', 'base');
insert into card_set_white_card (card_set_id, white_card_id) values (125000, 126386);
insert into white_cards (id, text, watermark) values (126387, 'Whipping it out.', 'base');
insert into card_set_white_card (card_set_id, white_card_id) values (125000, 126387);
insert into white_cards (id, text, watermark) values (126388, 'Whiskas® Catmilk.', 'base');
insert into card_set_white_card (card_set_id, white_card_id) values (125000, 126388);
insert into white_cards (id, text, watermark) values (126389, 'White people.', 'base');
insert into card_set_white_card (card_set_id, white_card_id) values (125000, 126389);
insert into white_cards (id, text, watermark) values (126390, 'White power.', 'base');
insert into card_set_white_card (card_set_id, white_card_id) values (125000, 126390);
insert into white_cards (id, text, watermark) values (126391, 'White power.', 'base');
insert into card_set_white_card (card_set_id, white_card_id) values (125000, 126391);
insert into white_cards (id, text, watermark) values (126392, 'White privilege.', 'base');
insert into card_set_white_card (card_set_id, white_card_id) values (125000, 126392);
insert into white_cards (id, text, watermark) values (126393, 'White-man scalps.', 'base');
insert into card_set_white_card (card_set_id, white_card_id) values (125000, 126393);
insert into white_cards (id, text, watermark) values (126394, 'Whoever the Prime Minister is these days.', 'base');
insert into card_set_white_card (card_set_id, white_card_id) values (125000, 126394);
insert into white_cards (id, text, watermark) values (126395, 'Wifely duties.', 'base');
insert into card_set_white_card (card_set_id, white_card_id) values (125000, 126395);
insert into white_cards (id, text, watermark) values (126396, 'Will Smith.', 'base');
insert into card_set_white_card (card_set_id, white_card_id) values (125000, 126396);
insert into white_cards (id, text, watermark) values (126397, 'William Shatner.', 'base');
insert into card_set_white_card (card_set_id, white_card_id) values (125000, 126397);
insert into white_cards (id, text, watermark) values (126398, 'Winking at old people.', 'base');
insert into card_set_white_card (card_set_id, white_card_id) values (125000, 126398);
insert into white_cards (id, text, watermark) values (126399, 'Wiping her bum.', 'base');
insert into card_set_white_card (card_set_id, white_card_id) values (125000, 126399);
insert into white_cards (id, text, watermark) values (126400, 'Wiping her butt.', 'base');
insert into card_set_white_card (card_set_id, white_card_id) values (125000, 126400);
insert into white_cards (id, text, watermark) values (126401, 'Wizard music.', 'base');
insert into card_set_white_card (card_set_id, white_card_id) values (125000, 126401);
insert into white_cards (id, text, watermark) values (126402, 'Women in yoghurt adverts.', 'base');
insert into card_set_white_card (card_set_id, white_card_id) values (125000, 126402);
insert into white_cards (id, text, watermark) values (126403, 'Women in yoghurt commercials.', 'base');
insert into card_set_white_card (card_set_id, white_card_id) values (125000, 126403);
insert into white_cards (id, text, watermark) values (126404, 'Women in yogurt commercials.', 'base');
insert into card_set_white_card (card_set_id, white_card_id) values (125000, 126404);
insert into white_cards (id, text, watermark) values (126405, 'Women of color.', 'base');
insert into card_set_white_card (card_set_id, white_card_id) values (125000, 126405);
insert into white_cards (id, text, watermark) values (126406, 'Women of colour.', 'base');
insert into card_set_white_card (card_set_id, white_card_id) values (125000, 126406);
insert into white_cards (id, text, watermark) values (126407, 'Women voting.', 'base');
insert into card_set_white_card (card_set_id, white_card_id) values (125000, 126407);
insert into white_cards (id, text, watermark) values (126408, 'Women''s suffrage.', 'base');
insert into card_set_white_card (card_set_id, white_card_id) values (125000, 126408);
insert into white_cards (id, text, watermark) values (126409, 'Women''s undies.', 'base');
insert into card_set_white_card (card_set_id, white_card_id) values (125000, 126409);
insert into white_cards (id, text, watermark) values (126410, 'Wondering if it''s possible to get some of that salsa to go.', 'base');
insert into card_set_white_card (card_set_id, white_card_id) values (125000, 126410);
insert into white_cards (id, text, watermark) values (126411, 'Words.', 'base');
insert into card_set_white_card (card_set_id, white_card_id) values (125000, 126411);
insert into white_cards (id, text, watermark) values (126412, 'Working in an Amazon warehouse.', 'base');
insert into card_set_white_card (card_set_id, white_card_id) values (125000, 126412);
insert into white_cards (id, text, watermark) values (126413, 'World peace.', 'base');
insert into card_set_white_card (card_set_id, white_card_id) values (125000, 126413);
insert into white_cards (id, text, watermark) values (126414, 'Worshipping that pussy.', 'base');
insert into card_set_white_card (card_set_id, white_card_id) values (125000, 126414);
insert into white_cards (id, text, watermark) values (126415, 'Xenophobia.', 'base');
insert into card_set_white_card (card_set_id, white_card_id) values (125000, 126415);
insert into white_cards (id, text, watermark) values (126416, 'Yeast.', 'base');
insert into card_set_white_card (card_set_id, white_card_id) values (125000, 126416);
insert into white_cards (id, text, watermark) values (126417, 'YOU MUST CONSTRUCT ADDITIONAL PYLONS.', 'base');
insert into card_set_white_card (card_set_id, white_card_id) values (125000, 126417);
insert into white_cards (id, text, watermark) values (126418, 'Your mom.', 'base');
insert into card_set_white_card (card_set_id, white_card_id) values (125000, 126418);
insert into white_cards (id, text, watermark) values (126419, 'Your mum.', 'base');
insert into card_set_white_card (card_set_id, white_card_id) values (125000, 126419);
insert into white_cards (id, text, watermark) values (126420, 'Your weird brother.', 'base');
insert into card_set_white_card (card_set_id, white_card_id) values (125000, 126420);

insert into black_cards (id, text, draw, pick, watermark) values (125000, '____ + ____ = ____.', '2', '3', 'base');
insert into card_set_black_card (card_set_id, black_card_id) values (125000, 125000);
insert into black_cards (id, text, draw, pick, watermark) values (125001, '____ is a slippery slope that leads to ____.', '1', '2', 'base');
insert into card_set_black_card (card_set_id, black_card_id) values (125000, 125001);
insert into black_cards (id, text, draw, pick, watermark) values (125002, '____ would be woefully incomplete without ____.', '1', '2', 'base');
insert into card_set_black_card (card_set_id, black_card_id) values (125000, 125002);
insert into black_cards (id, text, draw, pick, watermark) values (125003, '____: good to the last drop.', '0', '1', 'base');
insert into card_set_black_card (card_set_id, black_card_id) values (125000, 125003);
insert into black_cards (id, text, draw, pick, watermark) values (125004, '____: kid tested, mother approved.', '0', '1', 'base');
insert into card_set_black_card (card_set_id, black_card_id) values (125000, 125004);
insert into black_cards (id, text, draw, pick, watermark) values (125005, '____: kid-tested, mother-approved.', '0', '1', 'base');
insert into card_set_black_card (card_set_id, black_card_id) values (125000, 125005);
insert into black_cards (id, text, draw, pick, watermark) values (125006, '____: Mwah. [A render of a chef doing a chef''s kiss]', '0', '1', 'base');
insert into card_set_black_card (card_set_id, black_card_id) values (125000, 125006);
insert into black_cards (id, text, draw, pick, watermark) values (125007, '____: Once you pop, the fun don''t stop!', '0', '1', 'base');
insert into card_set_black_card (card_set_id, black_card_id) values (125000, 125007);
insert into black_cards (id, text, draw, pick, watermark) values (125008, '____? Jim''ll fix it!', '0', '1', 'base');
insert into card_set_black_card (card_set_id, black_card_id) values (125000, 125008);
insert into black_cards (id, text, draw, pick, watermark) values (125009, '____? There''s an app for that.', '0', '1', 'base');
insert into card_set_black_card (card_set_id, black_card_id) values (125000, 125009);
insert into black_cards (id, text, draw, pick, watermark) values (125010, '____? Yeah, nah.', '0', '1', 'base');
insert into card_set_black_card (card_set_id, black_card_id) values (125000, 125010);
insert into black_cards (id, text, draw, pick, watermark) values (125011, '____. Awesome in theory, kind of a mess in practice.', '0', '1', 'base');
insert into card_set_black_card (card_set_id, black_card_id) values (125000, 125011);
insert into black_cards (id, text, draw, pick, watermark) values (125012, '____. Betcha can''t have just one!', '0', '1', 'base');
insert into card_set_black_card (card_set_id, black_card_id) values (125000, 125012);
insert into black_cards (id, text, draw, pick, watermark) values (125013, '____. High five, bro.', '0', '1', 'base');
insert into card_set_black_card (card_set_id, black_card_id) values (125000, 125013);
insert into black_cards (id, text, draw, pick, watermark) values (125014, '____. It''s a trap!', '0', '1', 'base');
insert into card_set_black_card (card_set_id, black_card_id) values (125000, 125014);
insert into black_cards (id, text, draw, pick, watermark) values (125015, '____. That was so metal.', '0', '1', 'base');
insert into card_set_black_card (card_set_id, black_card_id) values (125000, 125015);
insert into black_cards (id, text, draw, pick, watermark) values (125016, '____. That''s how I want to die.', '0', '1', 'base');
insert into card_set_black_card (card_set_id, black_card_id) values (125000, 125016);
insert into black_cards (id, text, draw, pick, watermark) values (125017, '____. That''s why mums go to Iceland.', '0', '1', 'base');
insert into card_set_black_card (card_set_id, black_card_id) values (125000, 125017);
insert into black_cards (id, text, draw, pick, watermark) values (125018, '★✰✰✰✰ Do NOT go here! Found ____ in my fettuccine alfredo!', '0', '1', 'base');
insert into card_set_black_card (card_set_id, black_card_id) values (125000, 125018);
insert into black_cards (id, text, draw, pick, watermark) values (125019, '★✰✰✰✰ Do NOT go here! Found ____ in my Kung Pao chicken! ', '0', '1', 'base');
insert into card_set_black_card (card_set_id, black_card_id) values (125000, 125019);
insert into black_cards (id, text, draw, pick, watermark) values (125020, '50% of all marriages end in ____.', '0', '1', 'base');
insert into card_set_black_card (card_set_id, black_card_id) values (125000, 125020);
insert into black_cards (id, text, draw, pick, watermark) values (125021, 'A recent laboratory study shows that undergraduates have 50% less sex after being exposed to ____.', '0', '1', 'base');
insert into card_set_black_card (card_set_id, black_card_id) values (125000, 125021);
insert into black_cards (id, text, draw, pick, watermark) values (125022, 'A remarkable new study has shown that chimps have evolved their own primitive version of ____.', '0', '1', 'base');
insert into card_set_black_card (card_set_id, black_card_id) values (125000, 125022);
insert into black_cards (id, text, draw, pick, watermark) values (125023, 'A romantic candlelit dinner would be incomplete without ____.', '0', '1', 'base');
insert into card_set_black_card (card_set_id, black_card_id) values (125000, 125023);
insert into black_cards (id, text, draw, pick, watermark) values (125024, 'A romantic, candlelit dinner would be incomplete without ____.', '0', '1', 'base');
insert into card_set_black_card (card_set_id, black_card_id) values (125000, 125024);
insert into black_cards (id, text, draw, pick, watermark) values (125025, 'A successful job interview begins with a firm handshake and ends with ____.', '0', '1', 'base');
insert into card_set_black_card (card_set_id, black_card_id) values (125000, 125025);
insert into black_cards (id, text, draw, pick, watermark) values (125026, 'ABC presents: "____: The Story of ____."', '1', '2', 'base');
insert into card_set_black_card (card_set_id, black_card_id) values (125000, 125026);
insert into black_cards (id, text, draw, pick, watermark) values (125027, 'After eight years in the White House, how is Obama finally letting loose?', '0', '1', 'base');
insert into card_set_black_card (card_set_id, black_card_id) values (125000, 125027);
insert into black_cards (id, text, draw, pick, watermark) values (125028, 'After four platinum albums and three Grammys, it''s time to get back to my roots, to what inspired me to make music in the first place: ____.', '0', '1', 'base');
insert into card_set_black_card (card_set_id, black_card_id) values (125000, 125028);
insert into black_cards (id, text, draw, pick, watermark) values (125029, 'After Hurricane Katrina, Sean Penn brought ____ to all the people of New Orleans.', '0', '1', 'base');
insert into card_set_black_card (card_set_id, black_card_id) values (125000, 125029);
insert into black_cards (id, text, draw, pick, watermark) values (125030, 'After Hurricane Katrina, Sean Penn brought ____ to the people of New Orleans.', '0', '1', 'base');
insert into card_set_black_card (card_set_id, black_card_id) values (125000, 125030);
insert into black_cards (id, text, draw, pick, watermark) values (125031, 'After months of practice with ____, I think I’m finally ready for ____.', '1', '2', 'base');
insert into card_set_black_card (card_set_id, black_card_id) values (125000, 125031);
insert into black_cards (id, text, draw, pick, watermark) values (125032, 'After the earthquake, Sean Penn brought ____ to the people of Haiti.', '0', '1', 'base');
insert into card_set_black_card (card_set_id, black_card_id) values (125000, 125032);
insert into black_cards (id, text, draw, pick, watermark) values (125033, 'Air Canada guidelines now prohibit ____ on airplanes.', '0', '1', 'base');
insert into card_set_black_card (card_set_id, black_card_id) values (125000, 125033);
insert into black_cards (id, text, draw, pick, watermark) values (125034, 'Airport security guidelines now prohibit ____ on airplanes.', '0', '1', 'base');
insert into card_set_black_card (card_set_id, black_card_id) values (125000, 125034);
insert into black_cards (id, text, draw, pick, watermark) values (125035, 'Alternative medicine is now embracing the curative powers of ____.', '0', '1', 'base');
insert into card_set_black_card (card_set_id, black_card_id) values (125000, 125035);
insert into black_cards (id, text, draw, pick, watermark) values (125036, 'And the Academy Award for ____ goes to ____.', '1', '2', 'base');
insert into card_set_black_card (card_set_id, black_card_id) values (125000, 125036);
insert into black_cards (id, text, draw, pick, watermark) values (125037, 'And the BAFTA for ____ goes to ____. ', '1', '2', 'base');
insert into card_set_black_card (card_set_id, black_card_id) values (125000, 125037);
insert into black_cards (id, text, draw, pick, watermark) values (125038, 'And what did you bring for show and tell?', '0', '1', 'base');
insert into card_set_black_card (card_set_id, black_card_id) values (125000, 125038);
insert into black_cards (id, text, draw, pick, watermark) values (125039, 'Anthropologists have recently discovered a primitive tribe that worships ____.', '0', '1', 'base');
insert into card_set_black_card (card_set_id, black_card_id) values (125000, 125039);
insert into black_cards (id, text, draw, pick, watermark) values (125040, 'Arby''s: We Have ____.', '0', '1', 'base');
insert into card_set_black_card (card_set_id, black_card_id) values (125000, 125040);
insert into black_cards (id, text, draw, pick, watermark) values (125041, '"Are you thinking what I''m thinking, B1?" "I think I am, B2: It''s ____ time!"', '0', '1', 'base');
insert into card_set_black_card (card_set_id, black_card_id) values (125000, 125041);
insert into black_cards (id, text, draw, pick, watermark) values (125042, '"Are you pondering what I''m pondering, Pinky?" "Well I think so Brain, but where are we gonna find ____?"', '0', '1', 'base');
insert into card_set_black_card (card_set_id, black_card_id) values (125000, 125042);
insert into black_cards (id, text, draw, pick, watermark) values (125043, 'As my New Year''s resolution, I vow to give up ____.', '0', '1', 'base');
insert into card_set_black_card (card_set_id, black_card_id) values (125000, 125043);
insert into black_cards (id, text, draw, pick, watermark) values (125044, 'As the mom of five rambunctious boys, I''m no stranger to ____.', '0', '1', 'base');
insert into card_set_black_card (card_set_id, black_card_id) values (125000, 125044);
insert into black_cards (id, text, draw, pick, watermark) values (125045, 'As the mum of five rambunctious boys, I''m no stranger to ____.', '0', '1', 'base');
insert into card_set_black_card (card_set_id, black_card_id) values (125000, 125045);
insert into black_cards (id, text, draw, pick, watermark) values (125046, '____? Betcha can''t have just one!', '0', '1', 'base');
insert into card_set_black_card (card_set_id, black_card_id) values (125000, 125046);
insert into black_cards (id, text, draw, pick, watermark) values (125047, 'BILLY MAYS HERE FOR ____.', '0', '1', 'base');
insert into card_set_black_card (card_set_id, black_card_id) values (125000, 125047);
insert into black_cards (id, text, draw, pick, watermark) values (125048, 'Bravo''s new reality show features eight washed-up celebrities living with ____.', '0', '1', 'base');
insert into card_set_black_card (card_set_id, black_card_id) values (125000, 125048);
insert into black_cards (id, text, draw, pick, watermark) values (125049, 'Brought to you by Bud Light®, the Official Beer of ____.', '0', '1', 'base');
insert into card_set_black_card (card_set_id, black_card_id) values (125000, 125049);
insert into black_cards (id, text, draw, pick, watermark) values (125050, 'Brought to you by Molson Canadian, the Official Beer of ____.', '0', '1', 'base');
insert into card_set_black_card (card_set_id, black_card_id) values (125000, 125050);
insert into black_cards (id, text, draw, pick, watermark) values (125051, 'Brought to you by XXXX Gold, the Official Beer of ____.', '0', '1', 'base');
insert into card_set_black_card (card_set_id, black_card_id) values (125000, 125051);
insert into black_cards (id, text, draw, pick, watermark) values (125052, 'But before I kill you, Mr. Bond, I must show you ____.', '0', '1', 'base');
insert into card_set_black_card (card_set_id, black_card_id) values (125000, 125052);
insert into black_cards (id, text, draw, pick, watermark) values (125053, 'CBC presents "___: the Story of ___."', '1', '2', 'base');
insert into card_set_black_card (card_set_id, black_card_id) values (125000, 125053);
insert into black_cards (id, text, draw, pick, watermark) values (125054, 'Channel 4 presents ____, the story of ____.', '1', '2', 'base');
insert into card_set_black_card (card_set_id, black_card_id) values (125000, 125054);
insert into black_cards (id, text, draw, pick, watermark) values (125055, 'Channel 4 presents "____: the Story of ____."', '1', '2', 'base');
insert into card_set_black_card (card_set_id, black_card_id) values (125000, 125055);
insert into black_cards (id, text, draw, pick, watermark) values (125056, 'Channel 5''s new reality show features eight washed-up celebrities living with ____.', '0', '1', 'base');
insert into card_set_black_card (card_set_id, black_card_id) values (125000, 125056);
insert into black_cards (id, text, draw, pick, watermark) values (125057, 'Channel 9 is pleased to present its new variety show, "Hey Hey It''s ____."', '0', '1', 'base');
insert into card_set_black_card (card_set_id, black_card_id) values (125000, 125057);
insert into black_cards (id, text, draw, pick, watermark) values (125058, 'Charades was ruined for me forever when my mom had to act out ____.', '0', '1', 'base');
insert into card_set_black_card (card_set_id, black_card_id) values (125000, 125058);
insert into black_cards (id, text, draw, pick, watermark) values (125059, 'Check me out, yo! I call this dance move "____."', '0', '1', 'base');
insert into card_set_black_card (card_set_id, black_card_id) values (125000, 125059);
insert into black_cards (id, text, draw, pick, watermark) values (125060, 'Click Here for ____!!!', '0', '1', 'base');
insert into card_set_black_card (card_set_id, black_card_id) values (125000, 125060);
insert into black_cards (id, text, draw, pick, watermark) values (125061, 'Coming this season, Samuel Beckett''s classic existential play: Waiting for ____.', '0', '1', 'base');
insert into card_set_black_card (card_set_id, black_card_id) values (125000, 125061);
insert into black_cards (id, text, draw, pick, watermark) values (125062, 'Coming to Broadway this season, ____: The Musical.', '0', '1', 'base');
insert into card_set_black_card (card_set_id, black_card_id) values (125000, 125062);
insert into black_cards (id, text, draw, pick, watermark) values (125063, 'Coming to the West End this year, ____: The Musical.', '0', '1', 'base');
insert into card_set_black_card (card_set_id, black_card_id) values (125000, 125063);
insert into black_cards (id, text, draw, pick, watermark) values (125064, 'Crikey! I''ve never seen ____ like this before! Let''s get a bit closer.', '0', '1', 'base');
insert into card_set_black_card (card_set_id, black_card_id) values (125000, 125064);
insert into black_cards (id, text, draw, pick, watermark) values (125065, 'CTV presents "____: the Story of ____."', '1', '2', 'base');
insert into card_set_black_card (card_set_id, black_card_id) values (125000, 125065);
insert into black_cards (id, text, draw, pick, watermark) values (125066, 'Daddy, why is mommy crying?', '0', '1', 'base');
insert into card_set_black_card (card_set_id, black_card_id) values (125000, 125066);
insert into black_cards (id, text, draw, pick, watermark) values (125067, 'Daddy, why is mummy crying?', '0', '1', 'base');
insert into card_set_black_card (card_set_id, black_card_id) values (125000, 125067);
insert into black_cards (id, text, draw, pick, watermark) values (125068, 'Dear Abby, I''m having some trouble with ____ and would like your advice.', '0', '1', 'base');
insert into card_set_black_card (card_set_id, black_card_id) values (125000, 125068);
insert into black_cards (id, text, draw, pick, watermark) values (125069, 'Dear Agony Aunt, I''m having some trouble with ____ and I need your advice.', '0', '1', 'base');
insert into card_set_black_card (card_set_id, black_card_id) values (125000, 125069);
insert into black_cards (id, text, draw, pick, watermark) values (125070, 'Dear Agony Aunt, I''m having some trouble with ____ and would like your advice.', '0', '1', 'base');
insert into card_set_black_card (card_set_id, black_card_id) values (125000, 125070);
insert into black_cards (id, text, draw, pick, watermark) values (125071, 'Dear Sir or Madam, We regret to inform you that the Office of ____ has denied your request for ____.', '1', '2', 'base');
insert into card_set_black_card (card_set_id, black_card_id) values (125000, 125071);
insert into black_cards (id, text, draw, pick, watermark) values (125072, 'Designers! For this week''s challenge, you must make a dress designed for ____.', '0', '1', 'base');
insert into card_set_black_card (card_set_id, black_card_id) values (125000, 125072);
insert into black_cards (id, text, draw, pick, watermark) values (125073, 'Doctor, you''ve gone too far! The human body wasn''t meant to withstand that amount of ____!', '0', '1', 'base');
insert into card_set_black_card (card_set_id, black_card_id) values (125000, 125073);
insert into black_cards (id, text, draw, pick, watermark) values (125074, 'Dude, do not go in that bathroom. There''s ____ in there.', '0', '1', 'base');
insert into card_set_black_card (card_set_id, black_card_id) values (125000, 125074);
insert into black_cards (id, text, draw, pick, watermark) values (125075, 'Dude, do not go in that washroom. There''s ____ and ____ in there.', '1', '2', 'base');
insert into card_set_black_card (card_set_id, black_card_id) values (125000, 125075);
insert into black_cards (id, text, draw, pick, watermark) values (125076, 'Dudes. I just found out that ____ is ____.', '1', '2', 'base');
insert into card_set_black_card (card_set_id, black_card_id) values (125000, 125076);
insert into black_cards (id, text, draw, pick, watermark) values (125077, 'Due to a PR fiasco, Walmart no longer offers ____.', '0', '1', 'base');
insert into card_set_black_card (card_set_id, black_card_id) values (125000, 125077);
insert into black_cards (id, text, draw, pick, watermark) values (125078, 'During his childhood, Salvador Dali produced hundreds of paintings of ____.', '0', '1', 'base');
insert into card_set_black_card (card_set_id, black_card_id) values (125000, 125078);
insert into black_cards (id, text, draw, pick, watermark) values (125079, 'During his midlife crisis, my dad got really into ____.', '0', '1', 'base');
insert into card_set_black_card (card_set_id, black_card_id) values (125000, 125079);
insert into black_cards (id, text, draw, pick, watermark) values (125080, 'During Picasso''s often-overlooked Brown Period, he produced hundreds of paintings of ____.', '0', '1', 'base');
insert into card_set_black_card (card_set_id, black_card_id) values (125000, 125080);
insert into black_cards (id, text, draw, pick, watermark) values (125081, 'During sex, I like to think about ____.', '0', '1', 'base');
insert into card_set_black_card (card_set_id, black_card_id) values (125000, 125081);
insert into black_cards (id, text, draw, pick, watermark) values (125082, 'Finally! A service that delivers ____ right to your door.', '0', '1', 'base');
insert into card_set_black_card (card_set_id, black_card_id) values (125000, 125082);
insert into black_cards (id, text, draw, pick, watermark) values (125083, 'For my next trick, I will pull ____ out of ____.', '1', '2', 'base');
insert into card_set_black_card (card_set_id, black_card_id) values (125000, 125083);
insert into black_cards (id, text, draw, pick, watermark) values (125084, 'Fun tip! When your man asks you to go down on him, try surprising him with ____ instead.', '0', '1', 'base');
insert into card_set_black_card (card_set_id, black_card_id) values (125000, 125084);
insert into black_cards (id, text, draw, pick, watermark) values (125085, 'Future historians will agree that ____ marked the beginning of America''s decline.', '0', '1', 'base');
insert into card_set_black_card (card_set_id, black_card_id) values (125000, 125085);
insert into black_cards (id, text, draw, pick, watermark) values (125086, 'Having problems with ____? Try ____!', '1', '2', 'base');
insert into card_set_black_card (card_set_id, black_card_id) values (125000, 125086);
insert into black_cards (id, text, draw, pick, watermark) values (125087, '"Here is the church, here is the steeple, open the doors and there is ____."', '0', '1', 'base');
insert into card_set_black_card (card_set_id, black_card_id) values (125000, 125087);
insert into black_cards (id, text, draw, pick, watermark) values (125088, 'With enough time and pressure, ____ will turn into ____.', '1', '2', 'base');
insert into card_set_black_card (card_set_id, black_card_id) values (125000, 125088);
insert into black_cards (id, text, draw, pick, watermark) values (125089, 'Your dreams are one click away! Learn more at ____.com', '0', '1', 'base');
insert into card_set_black_card (card_set_id, black_card_id) values (125000, 125089);
insert into black_cards (id, text, draw, pick, watermark) values (125090, 'Your persistence is admirable, my dear Prince. But you cannot win my heart with ____ alone.', '0', '1', 'base');
insert into card_set_black_card (card_set_id, black_card_id) values (125000, 125090);
insert into black_cards (id, text, draw, pick, watermark) values (125091, 'Hey guys, welcome to Boston Pizza! Would you like to start the night off right with ____?', '0', '1', 'base');
insert into card_set_black_card (card_set_id, black_card_id) values (125000, 125091);
insert into black_cards (id, text, draw, pick, watermark) values (125092, 'Hey guys, welcome to Chili''s! Would you like to start the night off right with ____?', '0', '1', 'base');
insert into card_set_black_card (card_set_id, black_card_id) values (125000, 125092);
insert into black_cards (id, text, draw, pick, watermark) values (125093, 'Hey guys, welcome to Sizzler! Would you like to start the night off right with ____?', '0', '1', 'base');
insert into card_set_black_card (card_set_id, black_card_id) values (125000, 125093);
insert into black_cards (id, text, draw, pick, watermark) values (125094, 'Hey guys, welcome to TGI Fridays! Would you like to start the night off right with ____?', '0', '1', 'base');
insert into card_set_black_card (card_set_id, black_card_id) values (125000, 125094);
insert into black_cards (id, text, draw, pick, watermark) values (125095, 'Hey guys, welcome to TGIF! Would you like to start the night off right with ____?', '0', '1', 'base');
insert into card_set_black_card (card_set_id, black_card_id) values (125000, 125095);
insert into black_cards (id, text, draw, pick, watermark) values (125096, 'Hey Reddit! I''m ____. Ask me anything.', '0', '1', 'base');
insert into card_set_black_card (card_set_id, black_card_id) values (125000, 125096);
insert into black_cards (id, text, draw, pick, watermark) values (125097, 'Holy shit! My video of ____ has ten million views!', '0', '1', 'base');
insert into card_set_black_card (card_set_id, black_card_id) values (125000, 125097);
insert into black_cards (id, text, draw, pick, watermark) values (125098, 'How am I maintaining my relationship status?', '0', '1', 'base');
insert into card_set_black_card (card_set_id, black_card_id) values (125000, 125098);
insert into black_cards (id, text, draw, pick, watermark) values (125099, 'How did I lose my virginity?', '0', '1', 'base');
insert into card_set_black_card (card_set_id, black_card_id) values (125000, 125099);
insert into black_cards (id, text, draw, pick, watermark) values (125100, 'Howdy, neighbor! I couldn''t help but notice you struggling with ____. Need a hand?', '0', '1', 'base');
insert into card_set_black_card (card_set_id, black_card_id) values (125000, 125100);
insert into black_cards (id, text, draw, pick, watermark) values (125101, 'Hulu''s new reality show features twelve hot singles living with ____.', '0', '1', 'base');
insert into card_set_black_card (card_set_id, black_card_id) values (125000, 125101);
insert into black_cards (id, text, draw, pick, watermark) values (125102, 'I do not know with what weapons World War III will be fought, but World War IV will be fought with ____.', '0', '1', 'base');
insert into card_set_black_card (card_set_id, black_card_id) values (125000, 125102);
insert into black_cards (id, text, draw, pick, watermark) values (125103, 'I drink to forget ____.', '0', '1', 'base');
insert into card_set_black_card (card_set_id, black_card_id) values (125000, 125103);
insert into black_cards (id, text, draw, pick, watermark) values (125104, 'I get by with a little help from ____.', '0', '1', 'base');
insert into card_set_black_card (card_set_id, black_card_id) values (125000, 125104);
insert into black_cards (id, text, draw, pick, watermark) values (125105, 'I got 99 problems but ____ ain''t one.', '0', '1', 'base');
insert into card_set_black_card (card_set_id, black_card_id) values (125000, 125105);
insert into black_cards (id, text, draw, pick, watermark) values (125106, 'I know when that hotline bling, that can only mean one thing: ____.', '0', '1', 'base');
insert into card_set_black_card (card_set_id, black_card_id) values (125000, 125106);
insert into black_cards (id, text, draw, pick, watermark) values (125107, 'I learned the hard way that you can''t cheer up a grieving friend with ____.', '0', '1', 'base');
insert into card_set_black_card (card_set_id, black_card_id) values (125000, 125107);
insert into black_cards (id, text, draw, pick, watermark) values (125108, 'I never truly understood ____ until I encountered ____.', '1', '2', 'base');
insert into card_set_black_card (card_set_id, black_card_id) values (125000, 125108);
insert into black_cards (id, text, draw, pick, watermark) values (125109, 'I spent my whole life working toward ____, only to have it ruined by ____.', '1', '2', 'base');
insert into card_set_black_card (card_set_id, black_card_id) values (125000, 125109);
insert into black_cards (id, text, draw, pick, watermark) values (125110, 'I wish I hadn''t lost the instruction manual for ____.', '0', '1', 'base');
insert into card_set_black_card (card_set_id, black_card_id) values (125000, 125110);
insert into black_cards (id, text, draw, pick, watermark) values (125111, 'I''m going on a cleanse this week. Nothing but kale juice and ____.', '0', '1', 'base');
insert into card_set_black_card (card_set_id, black_card_id) values (125000, 125111);
insert into black_cards (id, text, draw, pick, watermark) values (125112, 'I''m Lebron James, and when I''m not slamming dunks, I love ____.', '0', '1', 'base');
insert into card_set_black_card (card_set_id, black_card_id) values (125000, 125112);
insert into black_cards (id, text, draw, pick, watermark) values (125113, 'I''m no doctor, but I''m pretty sure what you''re suffering from is called "____."', '0', '1', 'base');
insert into card_set_black_card (card_set_id, black_card_id) values (125000, 125113);
insert into black_cards (id, text, draw, pick, watermark) values (125114, 'I''m sorry, Professor, but I couldn''t complete my homework because of ____.', '0', '1', 'base');
insert into card_set_black_card (card_set_id, black_card_id) values (125000, 125114);
insert into black_cards (id, text, draw, pick, watermark) values (125115, 'I''m sorry, Sir, but I couldn''t complete my homework because of ____.', '0', '1', 'base');
insert into card_set_black_card (card_set_id, black_card_id) values (125000, 125115);
insert into black_cards (id, text, draw, pick, watermark) values (125116, 'I''m Tony Robbins, and over the next sixty minutes I''m going to teach you how to harness the power of ____!', '0', '1', 'base');
insert into card_set_black_card (card_set_id, black_card_id) values (125000, 125116);
insert into black_cards (id, text, draw, pick, watermark) values (125117, 'I’m not like the rest of you. I’m too rich and busy for ____.', '0', '1', 'base');
insert into card_set_black_card (card_set_id, black_card_id) values (125000, 125117);
insert into black_cards (id, text, draw, pick, watermark) values (125118, 'If you can''t be with the one you love, love ____.', '1', '2', 'base');
insert into card_set_black_card (card_set_id, black_card_id) values (125000, 125118);
insert into black_cards (id, text, draw, pick, watermark) values (125119, 'IF you like ____, YOU MIGHT BE A REDNECK.', '0', '1', 'base');
insert into card_set_black_card (card_set_id, black_card_id) values (125000, 125119);
insert into black_cards (id, text, draw, pick, watermark) values (125120, 'In 1,000 years, when paper money is a distant memory, how will we pay for goods and services?', '0', '1', 'base');
insert into card_set_black_card (card_set_id, black_card_id) values (125000, 125120);
insert into black_cards (id, text, draw, pick, watermark) values (125121, 'In 1,000 years, when paper money is but a distant memory, ____ will be our currency.', '0', '1', 'base');
insert into card_set_black_card (card_set_id, black_card_id) values (125000, 125121);
insert into black_cards (id, text, draw, pick, watermark) values (125122, 'In a world ravaged by ____ our only solace is ____.', '1', '2', 'base');
insert into card_set_black_card (card_set_id, black_card_id) values (125000, 125122);
insert into black_cards (id, text, draw, pick, watermark) values (125123, 'In a world ravaged by ____, our only solace is ____.', '1', '2', 'base');
insert into card_set_black_card (card_set_id, black_card_id) values (125000, 125123);
insert into black_cards (id, text, draw, pick, watermark) values (125124, 'In an attempt to reach a wider audience, the National Museum of Australia has opened an interactive exhibit on ____.', '0', '1', 'base');
insert into card_set_black_card (card_set_id, black_card_id) values (125000, 125124);
insert into black_cards (id, text, draw, pick, watermark) values (125125, 'In an attempt to reach a wider audience, the Smithsonian Museum of Natural History has opened an interactive exhibit on ____.', '0', '1', 'base');
insert into card_set_black_card (card_set_id, black_card_id) values (125000, 125125);
insert into black_cards (id, text, draw, pick, watermark) values (125126, 'In Australia, ____ is twice as big and twice as deadly.', '0', '1', 'base');
insert into card_set_black_card (card_set_id, black_card_id) values (125000, 125126);
insert into black_cards (id, text, draw, pick, watermark) values (125127, 'In Belmarsh Prison, word is you can trade 200 cigarettes for ____.', '0', '1', 'base');
insert into card_set_black_card (card_set_id, black_card_id) values (125000, 125127);
insert into black_cards (id, text, draw, pick, watermark) values (125128, 'In her latest feature-length film, Tracy Beaker struggles with ____ for the first time.', '0', '1', 'base');
insert into card_set_black_card (card_set_id, black_card_id) values (125000, 125128);
insert into black_cards (id, text, draw, pick, watermark) values (125129, 'In his new self-produced album, Kanye West raps over the sounds of ____.', '0', '1', 'base');
insert into card_set_black_card (card_set_id, black_card_id) values (125000, 125129);
insert into black_cards (id, text, draw, pick, watermark) values (125130, 'In his new summer comedy, Rob Schneider is ____ trapped in the body of ____.', '1', '2', 'base');
insert into card_set_black_card (card_set_id, black_card_id) values (125000, 125130);
insert into black_cards (id, text, draw, pick, watermark) values (125131, 'In Jordan Peele''s new thriller, a young family discovers that ____ had really been ____ all along.', '1', '2', 'base');
insert into card_set_black_card (card_set_id, black_card_id) values (125000, 125131);
insert into black_cards (id, text, draw, pick, watermark) values (125132, 'In L.A. County Jail, word is you can trade 200 cigarettes for ____.', '0', '1', 'base');
insert into card_set_black_card (card_set_id, black_card_id) values (125000, 125132);
insert into black_cards (id, text, draw, pick, watermark) values (125133, 'In M. Night Shyamalan''s new movie, Bruce Willis discovers that ____ had really been ____ all along.', '1', '2', 'base');
insert into card_set_black_card (card_set_id, black_card_id) values (125000, 125133);
insert into black_cards (id, text, draw, pick, watermark) values (125134, 'In Michael Jackson''s final moments, he thought about ____.', '0', '1', 'base');
insert into card_set_black_card (card_set_id, black_card_id) values (125000, 125134);
insert into black_cards (id, text, draw, pick, watermark) values (125135, 'In Rome, there are whisperings that the Vatican has a secret room devoted to ____.', '0', '1', 'base');
insert into card_set_black_card (card_set_id, black_card_id) values (125000, 125135);
insert into black_cards (id, text, draw, pick, watermark) values (125136, 'In the new Disney Channel Original Movie, Hannah Montana struggles with ____ for the first time.', '0', '1', 'base');
insert into card_set_black_card (card_set_id, black_card_id) values (125000, 125136);
insert into black_cards (id, text, draw, pick, watermark) values (125137, 'In the seventh circle of Hell, sinners must endure ____ for all eternity.', '0', '1', 'base');
insert into card_set_black_card (card_set_id, black_card_id) values (125000, 125137);
insert into black_cards (id, text, draw, pick, watermark) values (125138, 'In Wormwood Scrubs, word is you can trade 200 cigarettes for ____.', '0', '1', 'base');
insert into card_set_black_card (card_set_id, black_card_id) values (125000, 125138);
insert into black_cards (id, text, draw, pick, watermark) values (125139, 'Instead of coal, Father Christmas now gives the bad children ____.', '0', '1', 'base');
insert into card_set_black_card (card_set_id, black_card_id) values (125000, 125139);
insert into black_cards (id, text, draw, pick, watermark) values (125140, 'Instead of coal, Santa now gives the bad children ____.', '0', '1', 'base');
insert into card_set_black_card (card_set_id, black_card_id) values (125000, 125140);
insert into black_cards (id, text, draw, pick, watermark) values (125141, 'Introducing the amazing superhero/sidekick duo! It''s ____ and ____!', '0', '1', 'base');
insert into card_set_black_card (card_set_id, black_card_id) values (125000, 125141);
insert into black_cards (id, text, draw, pick, watermark) values (125142, 'Introducing X-Treme Baseball! It''s like baseball, but with ____!', '0', '1', 'base');
insert into card_set_black_card (card_set_id, black_card_id) values (125000, 125142);
insert into black_cards (id, text, draw, pick, watermark) values (125143, '____ It''s a trap!', '0', '1', 'base');
insert into card_set_black_card (card_set_id, black_card_id) values (125000, 125143);
insert into black_cards (id, text, draw, pick, watermark) values (125144, 'It’s a pity that kids these days are all getting involved with ____.', '0', '1', 'base');
insert into card_set_black_card (card_set_id, black_card_id) values (125000, 125144);
insert into black_cards (id, text, draw, pick, watermark) values (125145, 'Just once, I''d like to hear you say "Thanks, Mom. Thanks for ____."', '0', '1', 'base');
insert into card_set_black_card (card_set_id, black_card_id) values (125000, 125145);
insert into black_cards (id, text, draw, pick, watermark) values (125146, 'Just once, I''d like to hear you say "Thanks, Mum. Thanks for ____."', '0', '1', 'base');
insert into card_set_black_card (card_set_id, black_card_id) values (125000, 125146);
insert into black_cards (id, text, draw, pick, watermark) values (125147, 'Just saw this upsetting video! Please retweet!! #stop____', '0', '1', 'base');
insert into card_set_black_card (card_set_id, black_card_id) values (125000, 125147);
insert into black_cards (id, text, draw, pick, watermark) values (125148, 'Kids, I don''t need drugs to get high. I''m high on ____.', '0', '1', 'base');
insert into card_set_black_card (card_set_id, black_card_id) values (125000, 125148);
insert into black_cards (id, text, draw, pick, watermark) values (125149, 'Life for Aboriginal people was forever changed when the white man introduced them to ____.', '0', '1', 'base');
insert into card_set_black_card (card_set_id, black_card_id) values (125000, 125149);
insert into black_cards (id, text, draw, pick, watermark) values (125150, 'Life for American Indians was forever changed when the White Man introduced them to ____.', '0', '1', 'base');
insert into card_set_black_card (card_set_id, black_card_id) values (125000, 125150);
insert into black_cards (id, text, draw, pick, watermark) values (125151, 'Life was difficult for cavemen before ____.', '0', '1', 'base');
insert into card_set_black_card (card_set_id, black_card_id) values (125000, 125151);
insert into black_cards (id, text, draw, pick, watermark) values (125152, 'Lifetime® presents ____: the Story of ____.', '1', '2', 'base');
insert into card_set_black_card (card_set_id, black_card_id) values (125000, 125152);
insert into black_cards (id, text, draw, pick, watermark) values (125153, 'Lifetime® presents "____: the Story of ____."', '1', '2', 'base');
insert into card_set_black_card (card_set_id, black_card_id) values (125000, 125153);
insert into black_cards (id, text, draw, pick, watermark) values (125154, 'Lovin’ you is easy ’cause you’re ____.', '0', '1', 'base');
insert into card_set_black_card (card_set_id, black_card_id) values (125000, 125154);
insert into black_cards (id, text, draw, pick, watermark) values (125155, 'Major League Baseball has banned ____ for giving players an unfair advantage.', '0', '1', 'base');
insert into card_set_black_card (card_set_id, black_card_id) values (125000, 125155);
insert into black_cards (id, text, draw, pick, watermark) values (125156, 'Make a haiku.', '0', '1', 'base');
insert into card_set_black_card (card_set_id, black_card_id) values (125000, 125156);
insert into black_cards (id, text, draw, pick, watermark) values (125157, 'Mamma Mia. Here I go again. My my! How can I resist ____?', '0', '1', 'base');
insert into card_set_black_card (card_set_id, black_card_id) values (125000, 125157);
insert into black_cards (id, text, draw, pick, watermark) values (125158, 'Mate, do not go in that bathroom. There''s ____ in there.', '0', '1', 'base');
insert into card_set_black_card (card_set_id, black_card_id) values (125000, 125158);
insert into black_cards (id, text, draw, pick, watermark) values (125159, 'Mate, do not go in that bathroom. There''s ____ and ____ in there.', '1', '2', 'base');
insert into card_set_black_card (card_set_id, black_card_id) values (125000, 125159);
insert into black_cards (id, text, draw, pick, watermark) values (125160, 'Mate, do not go in that toilet. There''s ____ in there.', '0', '1', 'base');
insert into card_set_black_card (card_set_id, black_card_id) values (125000, 125160);
insert into black_cards (id, text, draw, pick, watermark) values (125161, 'Maybe she''s born with it. Maybe it''s ____.', '0', '1', 'base');
insert into card_set_black_card (card_set_id, black_card_id) values (125000, 125161);
insert into black_cards (id, text, draw, pick, watermark) values (125162, 'Men''s Wearhouse: You''re gonna like ____. I guarantee it.', '0', '1', 'base');
insert into card_set_black_card (card_set_id, black_card_id) values (125000, 125162);
insert into black_cards (id, text, draw, pick, watermark) values (125163, 'Military historians remember Alexander the Great for his brilliant use of ____ against the Persians.', '0', '1', 'base');
insert into card_set_black_card (card_set_id, black_card_id) values (125000, 125163);
insert into black_cards (id, text, draw, pick, watermark) values (125164, 'Mitch McConnell can''t cum without ____.', '0', '1', 'base');
insert into card_set_black_card (card_set_id, black_card_id) values (125000, 125164);
insert into black_cards (id, text, draw, pick, watermark) values (125165, 'Money can’t buy me love, but it can buy me ____.', '0', '1', 'base');
insert into card_set_black_card (card_set_id, black_card_id) values (125000, 125165);
insert into black_cards (id, text, draw, pick, watermark) values (125166, 'Mr. and Mrs. Diaz, we called you in because we''re concerned about Cynthia. Are you aware that your daughter is ____?', '0', '1', 'base');
insert into card_set_black_card (card_set_id, black_card_id) values (125000, 125166);
insert into black_cards (id, text, draw, pick, watermark) values (125167, 'MTV''s new reality show features eight washed-up celebrities living with ____.', '0', '1', 'base');
insert into card_set_black_card (card_set_id, black_card_id) values (125000, 125167);
insert into black_cards (id, text, draw, pick, watermark) values (125168, 'My favorite sex position is called "____-style."', '0', '1', 'base');
insert into card_set_black_card (card_set_id, black_card_id) values (125000, 125168);
insert into black_cards (id, text, draw, pick, watermark) values (125169, 'My fellow Americans: Before this decade is out, we will have ____ on the moon!', '0', '1', 'base');
insert into card_set_black_card (card_set_id, black_card_id) values (125000, 125169);
insert into black_cards (id, text, draw, pick, watermark) values (125170, 'My mom freaked out when she looked at my browser history and found ____.com/____.', '1', '2', 'base');
insert into card_set_black_card (card_set_id, black_card_id) values (125000, 125170);
insert into black_cards (id, text, draw, pick, watermark) values (125171, 'My name is Peter Parker. I was bitten by a radioactive spider, and now I''m ____.', '0', '1', 'base');
insert into card_set_black_card (card_set_id, black_card_id) values (125000, 125171);
insert into black_cards (id, text, draw, pick, watermark) values (125172, 'My plan for world domination begins with ____.', '0', '1', 'base');
insert into card_set_black_card (card_set_id, black_card_id) values (125000, 125172);
insert into black_cards (id, text, draw, pick, watermark) values (125173, 'Next on ESPN8: The World Series of ____.', '0', '1', 'base');
insert into card_set_black_card (card_set_id, black_card_id) values (125000, 125173);
insert into black_cards (id, text, draw, pick, watermark) values (125174, 'Next on ESPN: The World Series of ____.', '0', '1', 'base');
insert into card_set_black_card (card_set_id, black_card_id) values (125000, 125174);
insert into black_cards (id, text, draw, pick, watermark) values (125175, 'Next on ESPN2: The World Series of ____.', '0', '1', 'base');
insert into card_set_black_card (card_set_id, black_card_id) values (125000, 125175);
insert into black_cards (id, text, draw, pick, watermark) values (125176, 'Next on Eurosport: The World Championship of ____.', '0', '1', 'base');
insert into card_set_black_card (card_set_id, black_card_id) values (125000, 125176);
insert into black_cards (id, text, draw, pick, watermark) values (125177, 'Next on Nine''s Wide World of Sports: The World Championship of ____.', '0', '1', 'base');
insert into card_set_black_card (card_set_id, black_card_id) values (125000, 125177);
insert into black_cards (id, text, draw, pick, watermark) values (125178, 'Next on Sky Sports: The World Championship of ____.', '0', '1', 'base');
insert into card_set_black_card (card_set_id, black_card_id) values (125000, 125178);
insert into black_cards (id, text, draw, pick, watermark) values (125179, 'Next on Sky Sports: The World Champsion of ____.', '0', '1', 'base');
insert into card_set_black_card (card_set_id, black_card_id) values (125000, 125179);
insert into black_cards (id, text, draw, pick, watermark) values (125180, 'Next on TSN: The World Series of ____.', '0', '1', 'base');
insert into card_set_black_card (card_set_id, black_card_id) values (125000, 125180);
insert into black_cards (id, text, draw, pick, watermark) values (125181, 'Next up on Channel 4: Ramsay''s ____ Nightmares.', '0', '1', 'base');
insert into card_set_black_card (card_set_id, black_card_id) values (125000, 125181);
insert into black_cards (id, text, draw, pick, watermark) values (125182, 'Nobody expects the Spanish Inquisition. Our chief weapons are fear, surprise, and ____.', '0', '1', 'base');
insert into card_set_black_card (card_set_id, black_card_id) values (125000, 125182);
insert into black_cards (id, text, draw, pick, watermark) values (125183, 'Now at the National Museum of Australia: an interactive exhibit on ____.', '0', '1', 'base');
insert into card_set_black_card (card_set_id, black_card_id) values (125000, 125183);
insert into black_cards (id, text, draw, pick, watermark) values (125184, 'Now at the Natural History Museum: an interactive exhibit on ____.', '0', '1', 'base');
insert into card_set_black_card (card_set_id, black_card_id) values (125000, 125184);
insert into black_cards (id, text, draw, pick, watermark) values (125185, 'Now at the Royal Ontario Museum: an interactive exhibit on ____.', '0', '1', 'base');
insert into card_set_black_card (card_set_id, black_card_id) values (125000, 125185);
insert into black_cards (id, text, draw, pick, watermark) values (125186, 'Now at the Smithsonian: an interactive exhibit on ____.', '0', '1', 'base');
insert into card_set_black_card (card_set_id, black_card_id) values (125000, 125186);
insert into black_cards (id, text, draw, pick, watermark) values (125187, 'O Canada, we stand on guard for ____.', '0', '1', 'base');
insert into card_set_black_card (card_set_id, black_card_id) values (125000, 125187);
insert into black_cards (id, text, draw, pick, watermark) values (125188, 'Oi! Show us ____!', '0', '1', 'base');
insert into card_set_black_card (card_set_id, black_card_id) values (125000, 125188);
insert into black_cards (id, text, draw, pick, watermark) values (125189, 'Old MacDonald had ____. E-I-E-I-O.', '0', '1', 'base');
insert into card_set_black_card (card_set_id, black_card_id) values (125000, 125189);
insert into black_cards (id, text, draw, pick, watermark) values (125190, 'Only two things in life are certain: death and ____.', '0', '1', 'base');
insert into card_set_black_card (card_set_id, black_card_id) values (125000, 125190);
insert into black_cards (id, text, draw, pick, watermark) values (125191, 'Penalty! ____: that''s 5 minutes in the box!', '0', '1', 'base');
insert into card_set_black_card (card_set_id, black_card_id) values (125000, 125191);
insert into black_cards (id, text, draw, pick, watermark) values (125192, 'Premiering tonight: NBC''s new heartfelt drama, This Is ____.', '0', '1', 'base');
insert into card_set_black_card (card_set_id, black_card_id) values (125000, 125192);
insert into black_cards (id, text, draw, pick, watermark) values (125193, 'Qantas now prohibits ____ on airplanes.', '0', '1', 'base');
insert into card_set_black_card (card_set_id, black_card_id) values (125000, 125193);
insert into black_cards (id, text, draw, pick, watermark) values (125194, 'Rumor has it that Vladimir Putin''s favorite dish is ____ stuffed with ____.', '1', '2', 'base');
insert into card_set_black_card (card_set_id, black_card_id) values (125000, 125194);
insert into black_cards (id, text, draw, pick, watermark) values (125195, 'Science will never explain ____.', '0', '1', 'base');
insert into card_set_black_card (card_set_id, black_card_id) values (125000, 125195);
insert into black_cards (id, text, draw, pick, watermark) values (125196, 'Skidamarink a dink a dink, skidamarink a doo, I love ____.', '0', '1', 'base');
insert into card_set_black_card (card_set_id, black_card_id) values (125000, 125196);
insert into black_cards (id, text, draw, pick, watermark) values (125197, 'Sorry everyone, I just ____.', '0', '1', 'base');
insert into card_set_black_card (card_set_id, black_card_id) values (125000, 125197);
insert into black_cards (id, text, draw, pick, watermark) values (125198, '"Step 1: ____. Step 2: ____. Step 3: Profit."', '1', '2', 'base');
insert into card_set_black_card (card_set_id, black_card_id) values (125000, 125198);
insert into black_cards (id, text, draw, pick, watermark) values (125199, '"Step 1: ____. Step 2: ____. Step 3: ____.', '2', '3', 'base');
insert into card_set_black_card (card_set_id, black_card_id) values (125000, 125199);
insert into black_cards (id, text, draw, pick, watermark) values (125200, '"Step 1: ____. Step 2: ____. Step 3: Profit."', '1', '2', 'base');
insert into card_set_black_card (card_set_id, black_card_id) values (125000, 125200);
insert into black_cards (id, text, draw, pick, watermark) values (125201, 'Studies show that lab rats navigate mazes 50% faster after being exposed to ____.', '0', '1', 'base');
insert into card_set_black_card (card_set_id, black_card_id) values (125000, 125201);
insert into black_cards (id, text, draw, pick, watermark) values (125202, 'TFL apologizes for the delay in train service due to ____.', '0', '1', 'base');
insert into card_set_black_card (card_set_id, black_card_id) values (125000, 125202);
insert into black_cards (id, text, draw, pick, watermark) values (125203, 'That''s right, I killed ____. How, you ask? ____.', '1', '2', 'base');
insert into card_set_black_card (card_set_id, black_card_id) values (125000, 125203);
insert into black_cards (id, text, draw, pick, watermark) values (125204, 'The blind date was going horribly until we discovered our shared interest in ____.', '0', '1', 'base');
insert into card_set_black_card (card_set_id, black_card_id) values (125000, 125204);
insert into black_cards (id, text, draw, pick, watermark) values (125205, 'The class field trip was completely ruined by ____.', '0', '1', 'base');
insert into card_set_black_card (card_set_id, black_card_id) values (125000, 125205);
insert into black_cards (id, text, draw, pick, watermark) values (125206, 'The Five Stages of Grief: denial, anger, bargaining, ____, acceptance.', '0', '1', 'base');
insert into card_set_black_card (card_set_id, black_card_id) values (125000, 125206);
insert into black_cards (id, text, draw, pick, watermark) values (125207, 'The healing process began when I joined a support group for victims of ____.', '0', '1', 'base');
insert into card_set_black_card (card_set_id, black_card_id) values (125000, 125207);
insert into black_cards (id, text, draw, pick, watermark) values (125208, 'The Natural History Museum has just opened an interactive exhibit on ____.', '0', '1', 'base');
insert into card_set_black_card (card_set_id, black_card_id) values (125000, 125208);
insert into black_cards (id, text, draw, pick, watermark) values (125209, 'The new Chevy Tahoe. With the power and space to take ____ everywhere you go.', '0', '1', 'base');
insert into card_set_black_card (card_set_id, black_card_id) values (125000, 125209);
insert into black_cards (id, text, draw, pick, watermark) values (125210, 'The school excursion was completely ruined by ____.', '0', '1', 'base');
insert into card_set_black_card (card_set_id, black_card_id) values (125000, 125210);
insert into black_cards (id, text, draw, pick, watermark) values (125211, 'The school field trip was completely ruined by ____.', '0', '1', 'base');
insert into card_set_black_card (card_set_id, black_card_id) values (125000, 125211);
insert into black_cards (id, text, draw, pick, watermark) values (125212, 'The school trip was completely ruined by ____.', '0', '1', 'base');
insert into card_set_black_card (card_set_id, black_card_id) values (125000, 125212);
insert into black_cards (id, text, draw, pick, watermark) values (125213, 'The secret to a lasting marriage is communication, communication, and ____.', '0', '1', 'base');
insert into card_set_black_card (card_set_id, black_card_id) values (125000, 125213);
insert into black_cards (id, text, draw, pick, watermark) values (125214, 'The Smithsonian Museum of Natural History has just opened an interactive exhibit on ____.', '0', '1', 'base');
insert into card_set_black_card (card_set_id, black_card_id) values (125000, 125214);
insert into black_cards (id, text, draw, pick, watermark) values (125215, 'The TFL apologizes for the delay in train service due to ____. ', '0', '1', 'base');
insert into card_set_black_card (card_set_id, black_card_id) values (125000, 125215);
insert into black_cards (id, text, draw, pick, watermark) values (125216, 'The theme for next year''s Eurovision Song Contest is "We are ____."', '0', '1', 'base');
insert into card_set_black_card (card_set_id, black_card_id) values (125000, 125216);
insert into black_cards (id, text, draw, pick, watermark) values (125217, 'The U.S. has begun airdropping ____ to the children of Afghanistan.', '0', '1', 'base');
insert into card_set_black_card (card_set_id, black_card_id) values (125000, 125217);
insert into black_cards (id, text, draw, pick, watermark) values (125218, 'They said we were crazy. They said we couldn''t put ____ inside of ____. They were wrong.', '1', '2', 'base');
insert into card_set_black_card (card_set_id, black_card_id) values (125000, 125218);
insert into black_cards (id, text, draw, pick, watermark) values (125219, 'Why do I hurt all over?', '0', '1', 'base');
insert into card_set_black_card (card_set_id, black_card_id) values (125000, 125219);
insert into black_cards (id, text, draw, pick, watermark) values (125220, 'Why is Brett so sweaty?', '0', '1', 'base');
insert into card_set_black_card (card_set_id, black_card_id) values (125000, 125220);
insert into black_cards (id, text, draw, pick, watermark) values (125221, '"This is the way the world ends, this is the way the world ends, not with a bang but with ____."', '0', '1', 'base');
insert into card_set_black_card (card_set_id, black_card_id) values (125000, 125221);
insert into black_cards (id, text, draw, pick, watermark) values (125222, 'This is your captain speaking. Fasten your seatbelts and prepare for ____.', '0', '1', 'base');
insert into card_set_black_card (card_set_id, black_card_id) values (125000, 125222);
insert into black_cards (id, text, draw, pick, watermark) values (125223, 'This season at Steppenwolf, Samuel Beckett''s classic existential play: Waitng for ____.', '0', '1', 'base');
insert into card_set_black_card (card_set_id, black_card_id) values (125000, 125223);
insert into black_cards (id, text, draw, pick, watermark) values (125224, 'This season at the Old Vic, Samuel Beckett''s classic existential play: Waiting for ____.', '0', '1', 'base');
insert into card_set_black_card (card_set_id, black_card_id) values (125000, 125224);
insert into black_cards (id, text, draw, pick, watermark) values (125225, 'This season at the old Vic, Samuel Beckett''s classic existential play: Waitng for ____.', '0', '1', 'base');
insert into card_set_black_card (card_set_id, black_card_id) values (125000, 125225);
insert into black_cards (id, text, draw, pick, watermark) values (125226, 'This season at the Princess of Wales Theatre, Samuel Beckett''s classic existential play: Waiting for ____.', '0', '1', 'base');
insert into card_set_black_card (card_set_id, black_card_id) values (125000, 125226);
insert into black_cards (id, text, draw, pick, watermark) values (125227, 'This season at the Sydney Opera House, Samuel Beckett''s classic existential play: Waiting for ____.', '0', '1', 'base');
insert into card_set_black_card (card_set_id, black_card_id) values (125000, 125227);
insert into black_cards (id, text, draw, pick, watermark) values (125228, 'Today on Jerry Springer: "Help! My son is ____!"', '0', '1', 'base');
insert into card_set_black_card (card_set_id, black_card_id) values (125000, 125228);
insert into black_cards (id, text, draw, pick, watermark) values (125229, 'Today on Maury: "Help! My son is ____!"', '0', '1', 'base');
insert into card_set_black_card (card_set_id, black_card_id) values (125000, 125229);
insert into black_cards (id, text, draw, pick, watermark) values (125230, 'Today on The Jeremy Kyle Show: "Help! My son is ____!"', '0', '1', 'base');
insert into card_set_black_card (card_set_id, black_card_id) values (125000, 125230);
insert into black_cards (id, text, draw, pick, watermark) values (125231, 'Tonight''s top story: What you don''t know about ____ could kill you.', '0', '1', 'base');
insert into card_set_black_card (card_set_id, black_card_id) values (125000, 125231);
insert into black_cards (id, text, draw, pick, watermark) values (125232, 'TSA guidelines now prohibit ____ on airplanes.', '0', '1', 'base');
insert into card_set_black_card (card_set_id, black_card_id) values (125000, 125232);
insert into black_cards (id, text, draw, pick, watermark) values (125233, 'Turns out that ____-Man was neither the hero we needed nor wanted.', '0', '1', 'base');
insert into card_set_black_card (card_set_id, black_card_id) values (125000, 125233);
insert into black_cards (id, text, draw, pick, watermark) values (125234, 'Uh, hey guys, I know this was my idea, but I''m having serious doubts about ____.', '0', '1', 'base');
insert into card_set_black_card (card_set_id, black_card_id) values (125000, 125234);
insert into black_cards (id, text, draw, pick, watermark) values (125235, 'UKIP: Putting ____ First!', '0', '1', 'base');
insert into card_set_black_card (card_set_id, black_card_id) values (125000, 125235);
insert into black_cards (id, text, draw, pick, watermark) values (125236, 'US WEEKLY EXCLUSIVE! Meghan Markle''s Secret Battle With ____!', '0', '1', 'base');
insert into card_set_black_card (card_set_id, black_card_id) values (125000, 125236);
insert into black_cards (id, text, draw, pick, watermark) values (125237, 'War! What is it good for?', '0', '1', 'base');
insert into card_set_black_card (card_set_id, black_card_id) values (125000, 125237);
insert into black_cards (id, text, draw, pick, watermark) values (125238, 'Well if you''ll excuse me, gentlemen, I have a date with ____.', '0', '1', 'base');
insert into card_set_black_card (card_set_id, black_card_id) values (125000, 125238);
insert into black_cards (id, text, draw, pick, watermark) values (125239, 'What am I giving up for Lent?', '0', '1', 'base');
insert into card_set_black_card (card_set_id, black_card_id) values (125000, 125239);
insert into black_cards (id, text, draw, pick, watermark) values (125240, 'What are my parents hiding from me?', '0', '1', 'base');
insert into card_set_black_card (card_set_id, black_card_id) values (125000, 125240);
insert into black_cards (id, text, draw, pick, watermark) values (125241, 'What are school administrators using to curb rampant teenage pregnancy?', '0', '1', 'base');
insert into card_set_black_card (card_set_id, black_card_id) values (125000, 125241);
insert into black_cards (id, text, draw, pick, watermark) values (125242, 'What broke up the original Wiggles?', '0', '1', 'base');
insert into card_set_black_card (card_set_id, black_card_id) values (125000, 125242);
insert into black_cards (id, text, draw, pick, watermark) values (125243, 'What brought the orgy to a grinding halt?', '0', '1', 'base');
insert into card_set_black_card (card_set_id, black_card_id) values (125000, 125243);
insert into black_cards (id, text, draw, pick, watermark) values (125244, 'What did I bring back from Amsterdam?', '0', '1', 'base');
insert into card_set_black_card (card_set_id, black_card_id) values (125000, 125244);
insert into black_cards (id, text, draw, pick, watermark) values (125245, 'What did I bring back from Bali?', '0', '1', 'base');
insert into card_set_black_card (card_set_id, black_card_id) values (125000, 125245);
insert into black_cards (id, text, draw, pick, watermark) values (125246, 'What did I bring back from Mexico?', '0', '1', 'base');
insert into card_set_black_card (card_set_id, black_card_id) values (125000, 125246);
insert into black_cards (id, text, draw, pick, watermark) values (125247, 'What did the US airdrop to the children of Afghanistan?', '0', '1', 'base');
insert into card_set_black_card (card_set_id, black_card_id) values (125000, 125247);
insert into black_cards (id, text, draw, pick, watermark) values (125248, 'What did Vin Diesel eat for dinner?', '0', '1', 'base');
insert into card_set_black_card (card_set_id, black_card_id) values (125000, 125248);
insert into black_cards (id, text, draw, pick, watermark) values (125249, 'What do old people smell like?', '0', '1', 'base');
insert into card_set_black_card (card_set_id, black_card_id) values (125000, 125249);
insert into black_cards (id, text, draw, pick, watermark) values (125250, 'What does Dick Cheney prefer?', '0', '1', 'base');
insert into card_set_black_card (card_set_id, black_card_id) values (125000, 125250);
insert into black_cards (id, text, draw, pick, watermark) values (125251, 'What don''t you want to find in your Chinese food?', '0', '1', 'base');
insert into card_set_black_card (card_set_id, black_card_id) values (125000, 125251);
insert into black_cards (id, text, draw, pick, watermark) values (125252, 'What don''t you want to find in your doner kebab?', '0', '1', 'base');
insert into card_set_black_card (card_set_id, black_card_id) values (125000, 125252);
insert into black_cards (id, text, draw, pick, watermark) values (125253, 'What don''t you want to find in your Kung Pao chicken?', '0', '1', 'base');
insert into card_set_black_card (card_set_id, black_card_id) values (125000, 125253);
insert into black_cards (id, text, draw, pick, watermark) values (125254, 'What don''t you want to find in your Mongolian beef?', '0', '1', 'base');
insert into card_set_black_card (card_set_id, black_card_id) values (125000, 125254);
insert into black_cards (id, text, draw, pick, watermark) values (125255, 'What ended my last relationship?', '0', '1', 'base');
insert into card_set_black_card (card_set_id, black_card_id) values (125000, 125255);
insert into black_cards (id, text, draw, pick, watermark) values (125256, 'What gets better with age?', '0', '1', 'base');
insert into card_set_black_card (card_set_id, black_card_id) values (125000, 125256);
insert into black_cards (id, text, draw, pick, watermark) values (125257, 'What gives me uncontrollable gas?', '0', '1', 'base');
insert into card_set_black_card (card_set_id, black_card_id) values (125000, 125257);
insert into black_cards (id, text, draw, pick, watermark) values (125258, 'What has been making life difficult at the nudist colony?', '0', '1', 'base');
insert into card_set_black_card (card_set_id, black_card_id) values (125000, 125258);
insert into black_cards (id, text, draw, pick, watermark) values (125259, 'What helps Barack Obama unwind?', '0', '1', 'base');
insert into card_set_black_card (card_set_id, black_card_id) values (125000, 125259);
insert into black_cards (id, text, draw, pick, watermark) values (125260, 'What helps Obama unwind?', '0', '1', 'base');
insert into card_set_black_card (card_set_id, black_card_id) values (125000, 125260);
insert into black_cards (id, text, draw, pick, watermark) values (125261, 'What is Batman''s guilty pleasure?', '0', '1', 'base');
insert into card_set_black_card (card_set_id, black_card_id) values (125000, 125261);
insert into black_cards (id, text, draw, pick, watermark) values (125262, 'What is George W. Bush thinking about right now?', '0', '1', 'base');
insert into card_set_black_card (card_set_id, black_card_id) values (125000, 125262);
insert into black_cards (id, text, draw, pick, watermark) values (125263, 'What is Kamala Harris''s guilty pleasure?', '0', '1', 'base');
insert into card_set_black_card (card_set_id, black_card_id) values (125000, 125263);
insert into black_cards (id, text, draw, pick, watermark) values (125264, 'What kept Margaret Thatcher busy in her waning years?', '0', '1', 'base');
insert into card_set_black_card (card_set_id, black_card_id) values (125000, 125264);
insert into black_cards (id, text, draw, pick, watermark) values (125265, 'What left this stain on my couch?', '0', '1', 'base');
insert into card_set_black_card (card_set_id, black_card_id) values (125000, 125265);
insert into black_cards (id, text, draw, pick, watermark) values (125266, 'What made my first kiss so awkward?', '0', '1', 'base');
insert into card_set_black_card (card_set_id, black_card_id) values (125000, 125266);
insert into black_cards (id, text, draw, pick, watermark) values (125267, 'What makes life worth living?', '0', '1', 'base');
insert into card_set_black_card (card_set_id, black_card_id) values (125000, 125267);
insert into black_cards (id, text, draw, pick, watermark) values (125268, 'What makes me a true blue Aussie?', '0', '1', 'base');
insert into card_set_black_card (card_set_id, black_card_id) values (125000, 125268);
insert into black_cards (id, text, draw, pick, watermark) values (125269, 'What never fails to liven up the party?', '0', '1', 'base');
insert into card_set_black_card (card_set_id, black_card_id) values (125000, 125269);
insert into black_cards (id, text, draw, pick, watermark) values (125270, 'What will always get you laid?', '0', '1', 'base');
insert into card_set_black_card (card_set_id, black_card_id) values (125000, 125270);
insert into black_cards (id, text, draw, pick, watermark) values (125271, 'What will I bring back in time to convince people that I am a powerful wizard?', '0', '1', 'base');
insert into card_set_black_card (card_set_id, black_card_id) values (125000, 125271);
insert into black_cards (id, text, draw, pick, watermark) values (125272, 'What would grandma find disturbing, yet oddly charming?', '0', '1', 'base');
insert into card_set_black_card (card_set_id, black_card_id) values (125000, 125272);
insert into black_cards (id, text, draw, pick, watermark) values (125273, 'What''s a girl''s best friend?', '0', '1', 'base');
insert into card_set_black_card (card_set_id, black_card_id) values (125000, 125273);
insert into black_cards (id, text, draw, pick, watermark) values (125274, 'What''s my anti-drug?', '0', '1', 'base');
insert into card_set_black_card (card_set_id, black_card_id) values (125000, 125274);
insert into black_cards (id, text, draw, pick, watermark) values (125275, 'What''s my secret power?', '0', '1', 'base');
insert into card_set_black_card (card_set_id, black_card_id) values (125000, 125275);
insert into black_cards (id, text, draw, pick, watermark) values (125276, 'What''s Teach for America using to inspire inner city students to succeed?', '0', '1', 'base');
insert into card_set_black_card (card_set_id, black_card_id) values (125000, 125276);
insert into black_cards (id, text, draw, pick, watermark) values (125277, 'What''s that smell?', '0', '1', 'base');
insert into card_set_black_card (card_set_id, black_card_id) values (125000, 125277);
insert into black_cards (id, text, draw, pick, watermark) values (125278, 'What''s that sound?', '0', '1', 'base');
insert into card_set_black_card (card_set_id, black_card_id) values (125000, 125278);
insert into black_cards (id, text, draw, pick, watermark) values (125279, 'What''s the best metaphor for our political system?', '0', '1', 'base');
insert into card_set_black_card (card_set_id, black_card_id) values (125000, 125279);
insert into black_cards (id, text, draw, pick, watermark) values (125280, 'What''s the Canadian government using to inspire rural students to succeed?', '0', '1', 'base');
insert into card_set_black_card (card_set_id, black_card_id) values (125000, 125280);
insert into black_cards (id, text, draw, pick, watermark) values (125281, 'What''s the crustiest?', '0', '1', 'base');
insert into card_set_black_card (card_set_id, black_card_id) values (125000, 125281);
insert into black_cards (id, text, draw, pick, watermark) values (125282, 'What''s the most emo?', '0', '1', 'base');
insert into card_set_black_card (card_set_id, black_card_id) values (125000, 125282);
insert into black_cards (id, text, draw, pick, watermark) values (125283, 'What''s the new fad diet?', '0', '1', 'base');
insert into card_set_black_card (card_set_id, black_card_id) values (125000, 125283);
insert into black_cards (id, text, draw, pick, watermark) values (125284, 'What''s the next Happy Meal® toy?', '0', '1', 'base');
insert into card_set_black_card (card_set_id, black_card_id) values (125000, 125284);
insert into black_cards (id, text, draw, pick, watermark) values (125285, 'What''s the next superhero/sidekick duo?', '1', '2', 'base');
insert into card_set_black_card (card_set_id, black_card_id) values (125000, 125285);
insert into black_cards (id, text, draw, pick, watermark) values (125286, 'What''s there a ton of in heaven?', '0', '1', 'base');
insert into card_set_black_card (card_set_id, black_card_id) values (125000, 125286);
insert into black_cards (id, text, draw, pick, watermark) values (125287, 'What''s there a tonne of in heaven?', '0', '1', 'base');
insert into card_set_black_card (card_set_id, black_card_id) values (125000, 125287);
insert into black_cards (id, text, draw, pick, watermark) values (125288, 'When all else fails, I can always masturbate to ____.', '0', '1', 'base');
insert into card_set_black_card (card_set_id, black_card_id) values (125000, 125288);
insert into black_cards (id, text, draw, pick, watermark) values (125289, 'When I am a billionare, I shall erect a 20-meter statue to commemorate ____.', '0', '1', 'base');
insert into card_set_black_card (card_set_id, black_card_id) values (125000, 125289);
insert into black_cards (id, text, draw, pick, watermark) values (125290, 'When I am a billionare, I shall erect a 20-metre statue to commemorate ____.', '0', '1', 'base');
insert into card_set_black_card (card_set_id, black_card_id) values (125000, 125290);
insert into black_cards (id, text, draw, pick, watermark) values (125291, 'When I am a billionare, I shall erect a 50-foot statue to commemorate ____.', '0', '1', 'base');
insert into card_set_black_card (card_set_id, black_card_id) values (125000, 125291);
insert into black_cards (id, text, draw, pick, watermark) values (125292, 'When I am President of the United States, I will create the Department of ____.', '0', '1', 'base');
insert into card_set_black_card (card_set_id, black_card_id) values (125000, 125292);
insert into black_cards (id, text, draw, pick, watermark) values (125293, 'When I am President, I will create the Department of ____.', '0', '1', 'base');
insert into card_set_black_card (card_set_id, black_card_id) values (125000, 125293);
insert into black_cards (id, text, draw, pick, watermark) values (125294, 'When I am Prime Minister of Canada, I will create the Department of ____.', '0', '1', 'base');
insert into card_set_black_card (card_set_id, black_card_id) values (125000, 125294);
insert into black_cards (id, text, draw, pick, watermark) values (125295, 'When I am Prime Minister of Canada, I will create the Ministry of ____.', '0', '1', 'base');
insert into card_set_black_card (card_set_id, black_card_id) values (125000, 125295);
insert into black_cards (id, text, draw, pick, watermark) values (125296, 'When I am Prime Minister of the United Kingdom, I will create the Ministry of ____.', '0', '1', 'base');
insert into card_set_black_card (card_set_id, black_card_id) values (125000, 125296);
insert into black_cards (id, text, draw, pick, watermark) values (125297, 'When I am Prime Minister, I will create the Department of ____.', '0', '1', 'base');
insert into card_set_black_card (card_set_id, black_card_id) values (125000, 125297);
insert into black_cards (id, text, draw, pick, watermark) values (125298, 'When I am Prime Minister, I will create the Ministry of ____.', '0', '1', 'base');
insert into card_set_black_card (card_set_id, black_card_id) values (125000, 125298);
insert into black_cards (id, text, draw, pick, watermark) values (125299, 'When I pooped, what came out of my butt?', '0', '1', 'base');
insert into card_set_black_card (card_set_id, black_card_id) values (125000, 125299);
insert into black_cards (id, text, draw, pick, watermark) values (125300, 'When I was tripping on acid, ____ turned into ____.', '1', '2', 'base');
insert into card_set_black_card (card_set_id, black_card_id) values (125000, 125300);
insert into black_cards (id, text, draw, pick, watermark) values (125301, 'When I''m in prison, I''ll have ____ smuggled in.', '0', '1', 'base');
insert into card_set_black_card (card_set_id, black_card_id) values (125000, 125301);
insert into black_cards (id, text, draw, pick, watermark) values (125302, 'When Pharaoh remained unmoved, Moses called down a Plague of ____.', '0', '1', 'base');
insert into card_set_black_card (card_set_id, black_card_id) values (125000, 125302);
insert into black_cards (id, text, draw, pick, watermark) values (125303, 'When you get right down to it, ____ is just ____.', '1', '2', 'base');
insert into card_set_black_card (card_set_id, black_card_id) values (125000, 125303);
insert into black_cards (id, text, draw, pick, watermark) values (125304, 'While the United States raced the Soviet Union to the moon, the Mexican government funneled millions of pesos into research on ____.', '0', '1', 'base');
insert into card_set_black_card (card_set_id, black_card_id) values (125000, 125304);
insert into black_cards (id, text, draw, pick, watermark) values (125305, 'White people like ____.', '0', '1', 'base');
insert into card_set_black_card (card_set_id, black_card_id) values (125000, 125305);
insert into black_cards (id, text, draw, pick, watermark) values (125306, 'Who stole the cookies from the cookie jar?', '0', '1', 'base');
insert into card_set_black_card (card_set_id, black_card_id) values (125000, 125306);
insert into black_cards (id, text, draw, pick, watermark) values (125307, 'Why am I sticky?', '0', '1', 'base');
insert into card_set_black_card (card_set_id, black_card_id) values (125000, 125307);
insert into black_cards (id, text, draw, pick, watermark) values (125308, 'Why can''t I sleep at night?', '0', '1', 'base');
insert into card_set_black_card (card_set_id, black_card_id) values (125000, 125308);

COMMIT;
