BEGIN;

delete from card_set_white_card where card_set_id = 128000;
delete from card_set_black_card where card_set_id = 128000;
delete from white_cards where id >= 128000 and id <= 128999;
delete from black_cards where id >= 128000 and id <= 128999;
delete from card_set where id=128000;

insert into card_set (id, active, name, base_deck, description, weight) values (128000, 't', 'Absurd Box', 'f', 'The Absurd Box contains 300 all-new cards that came to use after taking peyote and wandering the desert.', 999);

insert into white_cards (id, text, watermark) values (128000, 'A Molson muscle.', 'can');
insert into card_set_white_card (card_set_id, white_card_id) values (128000, 128000);
insert into white_cards (id, text, watermark) values (128001, 'A Tim Hortons franchise.', 'can');
insert into card_set_white_card (card_set_id, white_card_id) values (128000, 128001);
insert into white_cards (id, text, watermark) values (128002, 'An icy handjob from an Edmonton hooker.', 'can');
insert into card_set_white_card (card_set_id, white_card_id) values (128000, 128002);
insert into white_cards (id, text, watermark) values (128003, 'Being Canadian.', 'can');
insert into card_set_white_card (card_set_id, white_card_id) values (128000, 128003);
insert into white_cards (id, text, watermark) values (128004, 'Burning down the White House.', 'can');
insert into card_set_white_card (card_set_id, white_card_id) values (128000, 128004);
insert into white_cards (id, text, watermark) values (128005, 'Canada: America''s hat.', 'can');
insert into card_set_white_card (card_set_id, white_card_id) values (128000, 128005);
insert into white_cards (id, text, watermark) values (128006, 'Don Cherrys wardrobe.', 'can');
insert into card_set_white_card (card_set_id, white_card_id) values (128000, 128006);
insert into white_cards (id, text, watermark) values (128007, 'Heritage minutes.', 'can');
insert into card_set_white_card (card_set_id, white_card_id) values (128000, 128007);
insert into white_cards (id, text, watermark) values (128008, 'Homo milk.', 'can');
insert into card_set_white_card (card_set_id, white_card_id) values (128000, 128008);
insert into white_cards (id, text, watermark) values (128009, 'Mr. Dressup.', 'can');
insert into card_set_white_card (card_set_id, white_card_id) values (128000, 128009);
insert into white_cards (id, text, watermark) values (128010, 'Naked News.', 'can');
insert into card_set_white_card (card_set_id, white_card_id) values (128000, 128010);
insert into white_cards (id, text, watermark) values (128011, 'Newfies.', 'can');
insert into card_set_white_card (card_set_id, white_card_id) values (128000, 128011);
insert into white_cards (id, text, watermark) values (128012, 'Poutine.', 'can');
insert into card_set_white_card (card_set_id, white_card_id) values (128000, 128012);
insert into white_cards (id, text, watermark) values (128013, 'Rob Ford', 'can');
insert into card_set_white_card (card_set_id, white_card_id) values (128000, 128013);
insert into white_cards (id, text, watermark) values (128014, 'Schmirler the Curler.', 'can');
insert into card_set_white_card (card_set_id, white_card_id) values (128000, 128014);
insert into white_cards (id, text, watermark) values (128015, 'Snotsicles.', 'can');
insert into card_set_white_card (card_set_id, white_card_id) values (128000, 128015);
insert into white_cards (id, text, watermark) values (128016, 'Stephen Harper.', 'can');
insert into card_set_white_card (card_set_id, white_card_id) values (128000, 128016);
insert into white_cards (id, text, watermark) values (128017, 'Syrupy sex with a maple tree.', 'can');
insert into card_set_white_card (card_set_id, white_card_id) values (128000, 128017);
insert into white_cards (id, text, watermark) values (128018, 'Terry Fox''s prosthetic leg.', 'can');
insert into card_set_white_card (card_set_id, white_card_id) values (128000, 128018);
insert into white_cards (id, text, watermark) values (128019, 'The Famous Five.', 'can');
insert into card_set_white_card (card_set_id, white_card_id) values (128000, 128019);
insert into white_cards (id, text, watermark) values (128020, 'The FLQ', 'can');
insert into card_set_white_card (card_set_id, white_card_id) values (128000, 128020);
insert into white_cards (id, text, watermark) values (128021, 'The Official Languages Act. La Loi sur les langues officielles.', 'can');
insert into card_set_white_card (card_set_id, white_card_id) values (128000, 128021);
insert into white_cards (id, text, watermark) values (128022, 'The Royal Canadian Mounted Police.', 'can');
insert into card_set_white_card (card_set_id, white_card_id) values (128000, 128022);

insert into black_cards (id, text, draw, pick, watermark) values (128000, 'Air Canada guidelines now prohibit ____ and ____ on airplanes.', '1', '2', 'can');
insert into card_set_black_card (card_set_id, black_card_id) values (128000, 128000);
insert into black_cards (id, text, draw, pick, watermark) values (128001, 'CTV presents ____, the story of ____.', '1', '2', 'can');
insert into card_set_black_card (card_set_id, black_card_id) values (128000, 128001);
insert into black_cards (id, text, draw, pick, watermark) values (128002, 'In an attempt to reach a wider audience, the Royal Ontario Museum has opened an interactive exhibit on ____.', '0', '1', 'can');
insert into card_set_black_card (card_set_id, black_card_id) values (128000, 128002);
insert into black_cards (id, text, draw, pick, watermark) values (128003, 'Next on CBC Sports: The World Series of ____.', '0', '1', 'can');
insert into card_set_black_card (card_set_id, black_card_id) values (128000, 128003);
insert into black_cards (id, text, draw, pick, watermark) values (128004, 'O Canada, we stand on ____ for ____.', '1', '2', 'can');
insert into card_set_black_card (card_set_id, black_card_id) values (128000, 128004);
insert into black_cards (id, text, draw, pick, watermark) values (128005, 'The Royal Ontario Museum has just opened an interactive exhibit on ____.', '0', '1', 'can');
insert into card_set_black_card (card_set_id, black_card_id) values (128000, 128005);
insert into black_cards (id, text, draw, pick, watermark) values (128006, 'What''s the Canadian government using to inspire suburban students to succeed?', '0', '1', 'can');
insert into card_set_black_card (card_set_id, black_card_id) values (128000, 128006);
insert into black_cards (id, text, draw, pick, watermark) values (128007, 'When I am Prime Minister of Canada, I will create the Department of ____ and ____.', '1', '2', 'can');
insert into card_set_black_card (card_set_id, black_card_id) values (128000, 128007);

COMMIT;
