BEGIN;

delete from card_set_white_card where card_set_id = 161000;
delete from card_set_black_card where card_set_id = 161000;
delete from white_cards where id >= 161000 and id <= 161999;
delete from black_cards where id >= 161000 and id <= 161999;
delete from card_set where id=161000;

insert into card_set (id, active, name, base_deck, description, weight) values (161000, 't', 'Theatre Pack - CATS Musical Pack', 'f', '30 relatable cards about theatre and the musical CATS', 999);

insert into white_cards (id, text, watermark) values (161000, '30 grown adults crawling around on all-fours.', 'cats');
insert into card_set_white_card (card_set_id, white_card_id) values (161000, 161000);
insert into white_cards (id, text, watermark) values (161001, 'A man who has not heard of a Jellicle cat.', 'cats');
insert into card_set_white_card (card_set_id, white_card_id) values (161000, 161001);
insert into white_cards (id, text, watermark) values (161002, 'Becoming Mr. Mistoffelees.', 'cats');
insert into card_set_white_card (card_set_id, white_card_id) values (161000, 161002);
insert into white_cards (id, text, watermark) values (161003, 'Bustopher Jones.', 'cats');
insert into card_set_white_card (card_set_id, white_card_id) values (161000, 161003);
insert into white_cards (id, text, watermark) values (161004, 'Carbucketty.', 'cats');
insert into card_set_white_card (card_set_id, white_card_id) values (161000, 161004);
insert into white_cards (id, text, watermark) values (161005, 'Feline AIDS.', 'cats');
insert into card_set_white_card (card_set_id, white_card_id) values (161000, 161005);
insert into white_cards (id, text, watermark) values (161006, 'Garfield.', 'cats');
insert into card_set_white_card (card_set_id, white_card_id) values (161000, 161006);
insert into white_cards (id, text, watermark) values (161007, 'Griddlebone.', 'cats');
insert into card_set_white_card (card_set_id, white_card_id) values (161000, 161007);
insert into white_cards (id, text, watermark) values (161008, 'Grizabella, the glamour cat.', 'cats');
insert into card_set_white_card (card_set_id, white_card_id) values (161000, 161008);
insert into white_cards (id, text, watermark) values (161009, 'Growltiger.', 'cats');
insert into card_set_white_card (card_set_id, white_card_id) values (161000, 161009);
insert into white_cards (id, text, watermark) values (161010, 'Grump Cat.', 'cats');
insert into card_set_white_card (card_set_id, white_card_id) values (161000, 161010);
insert into white_cards (id, text, watermark) values (161011, 'Gus: the Palsy Cat.', 'cats');
insert into card_set_white_card (card_set_id, white_card_id) values (161000, 161011);
insert into white_cards (id, text, watermark) values (161012, 'Heathcliff.', 'cats');
insert into card_set_white_card (card_set_id, white_card_id) values (161000, 161012);
insert into white_cards (id, text, watermark) values (161013, 'Jellicle cats.', 'cats');
insert into card_set_white_card (card_set_id, white_card_id) values (161000, 161013);
insert into white_cards (id, text, watermark) values (161014, 'Macavity!', 'cats');
insert into card_set_white_card (card_set_id, white_card_id) values (161000, 161014);
insert into white_cards (id, text, watermark) values (161015, 'Memory.', 'cats');
insert into card_set_white_card (card_set_id, white_card_id) values (161000, 161015);
insert into white_cards (id, text, watermark) values (161016, 'Meow.', 'cats');
insert into card_set_white_card (card_set_id, white_card_id) values (161000, 161016);
insert into white_cards (id, text, watermark) values (161017, 'Mungojerrie and Rumpleteazer.', 'cats');
insert into card_set_white_card (card_set_id, white_card_id) values (161000, 161017);
insert into white_cards (id, text, watermark) values (161018, 'Munkustrap.', 'cats');
insert into card_set_white_card (card_set_id, white_card_id) values (161000, 161018);
insert into white_cards (id, text, watermark) values (161019, 'Old Deuteronomy.', 'cats');
insert into card_set_white_card (card_set_id, white_card_id) values (161000, 161019);
insert into white_cards (id, text, watermark) values (161020, 'Peter, Augustus, Alonzo, or James.', 'cats');
insert into card_set_white_card (card_set_id, white_card_id) values (161000, 161020);
insert into white_cards (id, text, watermark) values (161021, '"Practical cats, dramatical cats, oratical cats, sceptical cats, romantical cats, parasitical cats, statistical cats, political cats, hypocritical cats, clerical cats, cynical cats, rabbinical cats."', 'cats');
insert into card_set_white_card (card_set_id, white_card_id) values (161000, 161021);
insert into white_cards (id, text, watermark) values (161022, 'Rum Tum Tugger.', 'cats');
insert into card_set_white_card (card_set_id, white_card_id) values (161000, 161022);
insert into white_cards (id, text, watermark) values (161023, 'Shimbleshanks.', 'cats');
insert into card_set_white_card (card_set_id, white_card_id) values (161000, 161023);
insert into white_cards (id, text, watermark) values (161024, 'Sir Andrew Lloyd Webber.', 'cats');
insert into card_set_white_card (card_set_id, white_card_id) values (161000, 161024);
insert into white_cards (id, text, watermark) values (161025, 'The mystical divinity of unashamed felinity.', 'cats');
insert into card_set_white_card (card_set_id, white_card_id) values (161000, 161025);
insert into white_cards (id, text, watermark) values (161026, 'Winkles and shrimps.', 'cats');
insert into card_set_white_card (card_set_id, white_card_id) values (161000, 161026);

insert into black_cards (id, text, draw, pick, watermark) values (161000, '____! All alone in the moonlight!', '0', '1', 'cats');
insert into card_set_black_card (card_set_id, black_card_id) values (161000, 161000);
insert into black_cards (id, text, draw, pick, watermark) values (161001, 'Ahhh ____! Toodle pip!', '0', '1', 'cats');
insert into card_set_black_card (card_set_id, black_card_id) values (161000, 161001);
insert into black_cards (id, text, draw, pick, watermark) values (161002, 'Jellicle Cats come out tonight, Jellicle Cats come one, come all, the time for ____ is now, Jellicles come to the Jellicle Ball.', '0', '1', 'cats');
insert into card_set_black_card (card_set_id, black_card_id) values (161000, 161002);

COMMIT;
