BEGIN;

delete from card_set_white_card where card_set_id = 144000;
delete from card_set_black_card where card_set_id = 144000;
delete from white_cards where id >= 144000 and id <= 144999;
delete from black_cards where id >= 144000 and id <= 144999;
delete from card_set where id=144000;

insert into card_set (id, active, name, base_deck, description, weight) values (144000, 't', 'Clam Pack', 'f', 'This pack was packaged inside a jar of Clam-O-Naise, and features 30 clam-themed cards', 999);

insert into white_cards (id, text, watermark) values (144000, 'A garbage bag full of mayonnaise.', 'clam');
insert into card_set_white_card (card_set_id, white_card_id) values (144000, 144000);
insert into white_cards (id, text, watermark) values (144001, 'A perfectly normal rimjob that doesn''t involve clams or mayonnaise in any way.', 'clam');
insert into card_set_white_card (card_set_id, white_card_id) values (144000, 144001);
insert into white_cards (id, text, watermark) values (144002, 'Cholesterol.', 'clam');
insert into card_set_white_card (card_set_id, white_card_id) values (144000, 144002);
insert into white_cards (id, text, watermark) values (144003, 'Clam-O-Naise速.', 'clam');
insert into card_set_white_card (card_set_id, white_card_id) values (144000, 144003);
insert into white_cards (id, text, watermark) values (144004, 'Dr. Mayonnaise, the doctor who injects his patients with mayonnaise.', 'clam');
insert into card_set_white_card (card_set_id, white_card_id) values (144000, 144004);
insert into white_cards (id, text, watermark) values (144005, 'Eating shellfish out of defiance of God''s will.', 'clam');
insert into card_set_white_card (card_set_id, white_card_id) values (144000, 144005);
insert into white_cards (id, text, watermark) values (144006, 'Force-feeding mayonnaise to Tom Holland.', 'clam');
insert into card_set_white_card (card_set_id, white_card_id) values (144000, 144006);
insert into white_cards (id, text, watermark) values (144007, 'Fucking a clam out of curiosity.', 'clam');
insert into card_set_white_card (card_set_id, white_card_id) values (144000, 144007);
insert into white_cards (id, text, watermark) values (144008, 'Just the right amount of mayonnaise.', 'clam');
insert into card_set_white_card (card_set_id, white_card_id) values (144000, 144008);
insert into white_cards (id, text, watermark) values (144009, 'Keepin'' it smooth and creamy.', 'clam');
insert into card_set_white_card (card_set_id, white_card_id) values (144000, 144009);
insert into white_cards (id, text, watermark) values (144010, 'KNIFE-CLAM, the clam that stabs.', 'clam');
insert into card_set_white_card (card_set_id, white_card_id) values (144000, 144010);
insert into white_cards (id, text, watermark) values (144011, 'MayooooooOOOONAISE!!!', 'clam');
insert into card_set_white_card (card_set_id, white_card_id) values (144000, 144011);
insert into white_cards (id, text, watermark) values (144012, 'My beautiful daughter, Salmonella.', 'clam');
insert into card_set_white_card (card_set_id, white_card_id) values (144000, 144012);
insert into white_cards (id, text, watermark) values (144013, 'My clamfather [a picture of a clam on sand]', 'clam');
insert into card_set_white_card (card_set_id, white_card_id) values (144000, 144013);
insert into white_cards (id, text, watermark) values (144014, 'Not even knowing what''s happening anymore.', 'clam');
insert into card_set_white_card (card_set_id, white_card_id) values (144000, 144014);
insert into white_cards (id, text, watermark) values (144015, 'Not having sex with a clam under any circumstances, no matter how sexy it looks.', 'clam');
insert into card_set_white_card (card_set_id, white_card_id) values (144000, 144015);
insert into white_cards (id, text, watermark) values (144016, 'Sneaking 700 steamed clams into a movie theater.', 'clam');
insert into card_set_white_card (card_set_id, white_card_id) values (144000, 144016);
insert into white_cards (id, text, watermark) values (144017, 'Sodium benzoate (to preserve freshness).', 'clam');
insert into card_set_white_card (card_set_id, white_card_id) values (144000, 144017);
insert into white_cards (id, text, watermark) values (144018, 'Some kind of mayonnaise baptism.', 'clam');
insert into card_set_white_card (card_set_id, white_card_id) values (144000, 144018);
insert into white_cards (id, text, watermark) values (144019, 'Sticking a tube up a cow''s ass to collect its mayonnaise.', 'clam');
insert into card_set_white_card (card_set_id, white_card_id) values (144000, 144019);
insert into white_cards (id, text, watermark) values (144020, 'The all-new CLAMWICH, only at Subway!', 'clam');
insert into card_set_white_card (card_set_id, white_card_id) values (144000, 144020);
insert into white_cards (id, text, watermark) values (144021, 'The remarkable effectiveness of mayonnaise as a sexual lubricant.', 'clam');
insert into card_set_white_card (card_set_id, white_card_id) values (144000, 144021);
insert into white_cards (id, text, watermark) values (144022, 'The sexual possibilities of coleslaw.', 'clam');
insert into card_set_white_card (card_set_id, white_card_id) values (144000, 144022);
insert into white_cards (id, text, watermark) values (144023, 'The United States Strategic Mayonnaise Reserve.', 'clam');
insert into card_set_white_card (card_set_id, white_card_id) values (144000, 144023);
insert into white_cards (id, text, watermark) values (144024, 'This kind of clam. [A man holding a geoduck]', 'clam');
insert into card_set_white_card (card_set_id, white_card_id) values (144000, 144024);
insert into white_cards (id, text, watermark) values (144025, 'Tucker Carlson debating a clam on live television.', 'clam');
insert into card_set_white_card (card_set_id, white_card_id) values (144000, 144025);
insert into white_cards (id, text, watermark) values (144026, 'White people food.', 'clam');
insert into card_set_white_card (card_set_id, white_card_id) values (144000, 144026);

insert into black_cards (id, text, draw, pick, watermark) values (144000, 'LOSE WEIGHT and FEEL GREAT with the ALL-NEW CLAM-O-NAISE速 DIET! It''s just Clam-O-Naise速 and ____.', '0', '1', 'clam');
insert into card_set_black_card (card_set_id, black_card_id) values (144000, 144000);
insert into black_cards (id, text, draw, pick, watermark) values (144001, 'That''s right! We put ____ in mayonnaise.', '0', '1', 'clam');
insert into card_set_black_card (card_set_id, black_card_id) values (144000, 144001);
insert into black_cards (id, text, draw, pick, watermark) values (144002, 'When I think of Clam-O-Naise速, I think about ____.', '0', '1', 'clam');
insert into card_set_black_card (card_set_id, black_card_id) values (144000, 144002);

COMMIT;
