BEGIN;

delete from card_set_white_card where card_set_id = 142000;
delete from card_set_black_card where card_set_id = 142000;
delete from white_cards where id >= 142000 and id <= 142999;
delete from black_cards where id >= 142000 and id <= 142999;
delete from card_set where id=142000;

insert into card_set (id, active, name, base_deck, description, weight) values (142000, 't', 'Climate Catastrophy Pack', 'f', '30 all-new cards about how fucked we all are', 999);

insert into white_cards (id, text, watermark) values (142000, '36 billion metric tons of CO2. ', 'catas');
insert into card_set_white_card (card_set_id, white_card_id) values (142000, 142000);
insert into white_cards (id, text, watermark) values (142001, 'A chart that just says "SHIT BAD." ', 'catas');
insert into card_set_white_card (card_set_id, white_card_id) values (142000, 142001);
insert into white_cards (id, text, watermark) values (142002, 'A massive, coordinated international effort to stop climate change.', 'catas');
insert into card_set_white_card (card_set_id, white_card_id) values (142000, 142002);
insert into white_cards (id, text, watermark) values (142003, 'Ball sweat.', 'catas');
insert into card_set_white_card (card_set_id, white_card_id) values (142000, 142003);
insert into white_cards (id, text, watermark) values (142004, 'Dead whales all over the place.', 'catas');
insert into card_set_white_card (card_set_id, white_card_id) values (142000, 142004);
insert into white_cards (id, text, watermark) values (142005, 'Eating grandma to survive.', 'catas');
insert into card_set_white_card (card_set_id, white_card_id) values (142000, 142005);
insert into white_cards (id, text, watermark) values (142006, 'Empty promises and half measures. ', 'catas');
insert into card_set_white_card (card_set_id, white_card_id) values (142000, 142006);
insert into white_cards (id, text, watermark) values (142007, 'Everybody giving Al Gore the apology-blowjob he deserves.', 'catas');
insert into card_set_white_card (card_set_id, white_card_id) values (142000, 142007);
insert into white_cards (id, text, watermark) values (142008, 'Fucking a tree.', 'catas');
insert into card_set_white_card (card_set_id, white_card_id) values (142000, 142008);
insert into white_cards (id, text, watermark) values (142009, 'Getting hurled into a wildfire by a hurricane. ', 'catas');
insert into card_set_white_card (card_set_id, white_card_id) values (142000, 142009);
insert into white_cards (id, text, watermark) values (142010, 'Giving billions of taxpayer dollars to oil companies.', 'catas');
insert into card_set_white_card (card_set_id, white_card_id) values (142000, 142010);
insert into white_cards (id, text, watermark) values (142011, 'Hot.', 'catas');
insert into card_set_white_card (card_set_id, white_card_id) values (142000, 142011);
insert into white_cards (id, text, watermark) values (142012, 'Human extinction.', 'catas');
insert into card_set_white_card (card_set_id, white_card_id) values (142000, 142012);
insert into white_cards (id, text, watermark) values (142013, 'Ignoring climate change and hoping it goes away.', 'catas');
insert into card_set_white_card (card_set_id, white_card_id) values (142000, 142013);
insert into white_cards (id, text, watermark) values (142014, 'Living in a pineapple under the sea, because of climate change.', 'catas');
insert into card_set_white_card (card_set_id, white_card_id) values (142000, 142014);
insert into white_cards (id, text, watermark) values (142015, 'Not believing in science.', 'catas');
insert into card_set_white_card (card_set_id, white_card_id) values (142000, 142015);
insert into white_cards (id, text, watermark) values (142016, 'OH MY GOD WE''RE ALL GOING TO DIE. ', 'catas');
insert into card_set_white_card (card_set_id, white_card_id) values (142000, 142016);
insert into white_cards (id, text, watermark) values (142017, 'Plastic.', 'catas');
insert into card_set_white_card (card_set_id, white_card_id) values (142000, 142017);
insert into white_cards (id, text, watermark) values (142018, 'Post-apocalyptic bear-cockroaches.', 'catas');
insert into card_set_white_card (card_set_id, white_card_id) values (142000, 142018);
insert into white_cards (id, text, watermark) values (142019, 'Regulatory capture.', 'catas');
insert into card_set_white_card (card_set_id, white_card_id) values (142000, 142019);
insert into white_cards (id, text, watermark) values (142020, 'Sucking the farts out of a cow''s butthole.', 'catas');
insert into card_set_white_card (card_set_id, white_card_id) values (142000, 142020);
insert into white_cards (id, text, watermark) values (142021, 'The Great Pacific Garbage Patch.', 'catas');
insert into card_set_white_card (card_set_id, white_card_id) values (142000, 142021);
insert into white_cards (id, text, watermark) values (142022, 'The increasingly depressing narration in nature documentaries.', 'catas');
insert into card_set_white_card (card_set_id, white_card_id) values (142000, 142022);
insert into white_cards (id, text, watermark) values (142023, 'The world going to shit.', 'catas');
insert into card_set_white_card (card_set_id, white_card_id) values (142000, 142023);
insert into white_cards (id, text, watermark) values (142024, 'Titty sweat.', 'catas');
insert into card_set_white_card (card_set_id, white_card_id) values (142000, 142024);
insert into white_cards (id, text, watermark) values (142025, 'Trying to stop climate change with weird chemicals, but accidentally creating a new ice age, and now the only surviving humans are stuck on a cyberpunk murder-train.', 'catas');
insert into card_set_white_card (card_set_id, white_card_id) values (142000, 142025);

insert into black_cards (id, text, draw, pick, watermark) values (142000, 'Al Gore is giving the world a wake-up call with his new documentary, "A Inconvenient Truth About ____." ', '0', '1', 'catas');
insert into card_set_black_card (card_set_id, black_card_id) values (142000, 142000);
insert into black_cards (id, text, draw, pick, watermark) values (142001, 'BREAKING NEWS: Florida destroyed by ____.', '0', '1', 'catas');
insert into card_set_black_card (card_set_id, black_card_id) values (142000, 142001);
insert into black_cards (id, text, draw, pick, watermark) values (142002, 'Greta Thunberg hates ____.', '0', '1', 'catas');
insert into card_set_black_card (card_set_id, black_card_id) values (142000, 142002);
insert into black_cards (id, text, draw, pick, watermark) values (142003, 'New from David Attenborough, Planet Earth III: ____.', '0', '1', 'catas');
insert into card_set_black_card (card_set_id, black_card_id) values (142000, 142003);
insert into black_cards (id, text, draw, pick, watermark) values (142004, 'What''s a simple solution to all of humanities problems? ', '0', '1', 'catas');
insert into card_set_black_card (card_set_id, black_card_id) values (142000, 142004);

COMMIT;
