BEGIN;

delete from card_set_white_card where card_set_id = 136000;
delete from card_set_black_card where card_set_id = 136000;
delete from white_cards where id >= 136000 and id <= 136999;
delete from black_cards where id >= 136000 and id <= 136999;
delete from card_set where id=136000;

insert into card_set (id, active, name, base_deck, description, weight) values (136000, 't', 'College Pack', 'f', 'Remember when you were in college and ate ramen noodles and had sex all the time? Wouldn’t it be great to relive those glory days? 30 brand-new cards about learning and throw up. Comes with a special 18 x 24 poster for your dorm room. 
Released Ju...', 999);

insert into white_cards (id, text, watermark) values (136000, 'A 30-rack of Natty Light.', 'coleg');
insert into card_set_white_card (card_set_id, white_card_id) values (136000, 136000);
insert into white_cards (id, text, watermark) values (136001, 'A bachelor''s degeree in communications.', 'coleg');
insert into card_set_white_card (card_set_id, white_card_id) values (136000, 136001);
insert into white_cards (id, text, watermark) values (136002, 'A girl who is so interesting that she has blue hair.', 'coleg');
insert into card_set_white_card (card_set_id, white_card_id) values (136000, 136002);
insert into white_cards (id, text, watermark) values (136003, 'A Yale man.', 'coleg');
insert into card_set_white_card (card_set_id, white_card_id) values (136000, 136003);
insert into white_cards (id, text, watermark) values (136004, 'An emergency all-floor meeting on inclusion.', 'coleg');
insert into card_set_white_card (card_set_id, white_card_id) values (136000, 136004);
insert into white_cards (id, text, watermark) values (136005, 'Boycotting Israel. ', 'coleg');
insert into card_set_white_card (card_set_id, white_card_id) values (136000, 136005);
insert into white_cards (id, text, watermark) values (136006, 'Calling mom because it''s just really hard and I miss her and I don''t know anyone here.', 'coleg');
insert into card_set_white_card (card_set_id, white_card_id) values (136000, 136006);
insert into white_cards (id, text, watermark) values (136007, 'Falling in love with poetry.', 'coleg');
insert into card_set_white_card (card_set_id, white_card_id) values (136000, 136007);
insert into white_cards (id, text, watermark) values (136008, 'Five morons signing a lease together.', 'coleg');
insert into card_set_white_card (card_set_id, white_card_id) values (136000, 136008);
insert into white_cards (id, text, watermark) values (136009, 'Fucking the beat boxer from the a cappella group.', 'coleg');
insert into card_set_white_card (card_set_id, white_card_id) values (136000, 136009);
insert into white_cards (id, text, watermark) values (136010, 'Going to college and becoming a new person, who has sex.', 'coleg');
insert into card_set_white_card (card_set_id, white_card_id) values (136000, 136010);
insert into white_cards (id, text, watermark) values (136011, 'Googling how to eat pussy.', 'coleg');
insert into card_set_white_card (card_set_id, white_card_id) values (136000, 136011);
insert into white_cards (id, text, watermark) values (136012, 'Horny Christian Teens.', 'coleg');
insert into card_set_white_card (card_set_id, white_card_id) values (136000, 136012);
insert into white_cards (id, text, watermark) values (136013, 'How many Asians there are.', 'coleg');
insert into card_set_white_card (card_set_id, white_card_id) values (136000, 136013);
insert into white_cards (id, text, watermark) values (136014, 'My high school boyfriend.', 'coleg');
insert into card_set_white_card (card_set_id, white_card_id) values (136000, 136014);
insert into white_cards (id, text, watermark) values (136015, 'Performative wokeness.', 'coleg');
insert into card_set_white_card (card_set_id, white_card_id) values (136000, 136015);
insert into white_cards (id, text, watermark) values (136016, 'Pretending to have done the reading.', 'coleg');
insert into card_set_white_card (card_set_id, white_card_id) values (136000, 136016);
insert into white_cards (id, text, watermark) values (136017, 'Rocking a 1.5 GPA.', 'coleg');
insert into card_set_white_card (card_set_id, white_card_id) values (136000, 136017);
insert into white_cards (id, text, watermark) values (136018, 'Sucking a flaccid penis for 20 minutes.', 'coleg');
insert into card_set_white_card (card_set_id, white_card_id) values (136000, 136018);
insert into white_cards (id, text, watermark) values (136019, 'The sound of my roommate masturbating.', 'coleg');
insert into card_set_white_card (card_set_id, white_card_id) values (136000, 136019);
insert into white_cards (id, text, watermark) values (136020, 'Throw up.', 'coleg');
insert into card_set_white_card (card_set_id, white_card_id) values (136000, 136020);
insert into white_cards (id, text, watermark) values (136021, 'Uggs, leggings, and a North Face.', 'coleg');
insert into card_set_white_card (card_set_id, white_card_id) values (136000, 136021);
insert into white_cards (id, text, watermark) values (136022, 'Underage drinking.', 'coleg');
insert into card_set_white_card (card_set_id, white_card_id) values (136000, 136022);
insert into white_cards (id, text, watermark) values (136023, 'Valuable leadership experience.', 'coleg');
insert into card_set_white_card (card_set_id, white_card_id) values (136000, 136023);
insert into white_cards (id, text, watermark) values (136024, 'Wandering the streets in search of a party.', 'coleg');
insert into card_set_white_card (card_set_id, white_card_id) values (136000, 136024);
insert into white_cards (id, text, watermark) values (136025, 'Whichever one of you took a shit in the shower.', 'coleg');
insert into card_set_white_card (card_set_id, white_card_id) values (136000, 136025);
insert into white_cards (id, text, watermark) values (136026, 'Young Republicans.', 'coleg');
insert into card_set_white_card (card_set_id, white_card_id) values (136000, 136026);

insert into black_cards (id, text, draw, pick, watermark) values (136000, 'All classes today are cancelled due to ____.', '0', '1', 'coleg');
insert into card_set_black_card (card_set_id, black_card_id) values (136000, 136000);
insert into black_cards (id, text, draw, pick, watermark) values (136001, 'Did you know? Our college was recently named the #1 school for ____!', '0', '1', 'coleg');
insert into card_set_black_card (card_set_id, black_card_id) values (136000, 136001);
insert into black_cards (id, text, draw, pick, watermark) values (136002, 'In this paper, I will explore ____ from a feminist perspective.', '0', '1', 'coleg');
insert into card_set_black_card (card_set_id, black_card_id) values (136000, 136002);
insert into black_cards (id, text, draw, pick, watermark) values (136003, 'My memory of last night is pretty hazy. I remember ____ and that''s pretty much it.', '0', '1', 'coleg');
insert into card_set_black_card (card_set_id, black_card_id) values (136000, 136003);
insert into black_cards (id, text, draw, pick, watermark) values (136004, 'Pledges! Time to prove you''re Delta Phi material. Chug this beer, take off your shirts, and get ready for ____.', '0', '1', 'coleg');
insert into card_set_black_card (card_set_id, black_card_id) values (136000, 136004);
insert into black_cards (id, text, draw, pick, watermark) values (136005, 'The Department of Psychology is looking for paid research volunteers. Are you 18-25 and suffering from ____.', '0', '1', 'coleg');
insert into card_set_black_card (card_set_id, black_card_id) values (136000, 136005);

COMMIT;
