BEGIN;

delete from card_set_white_card where card_set_id = 117000;
delete from card_set_black_card where card_set_id = 117000;
delete from white_cards where id >= 117000 and id <= 117999;
delete from black_cards where id >= 117000 and id <= 117999;
delete from card_set where id=117000;

insert into card_set (id, active, name, base_deck, description, weight) values (117000, 't', 'Absurd Box', 'f', 'The Absurd Box contains 300 all-new cards that came to use after taking peyote and wandering the desert.', 999);

insert into white_cards (id, text, watermark) values (117000, 'A $50 cup of coffee literally made from cat shit.', 'crab1');
insert into card_set_white_card (card_set_id, white_card_id) values (117000, 117000);
insert into white_cards (id, text, watermark) values (117001, 'A beard longer than 12 inches.', 'crab1');
insert into card_set_white_card (card_set_id, white_card_id) values (117000, 117001);
insert into white_cards (id, text, watermark) values (117002, 'A four-inch clit.', 'crab1');
insert into card_set_white_card (card_set_id, white_card_id) values (117000, 117002);
insert into white_cards (id, text, watermark) values (117003, 'A hamster with a throbbing erection.', 'crab1');
insert into card_set_white_card (card_set_id, white_card_id) values (117000, 117003);
insert into white_cards (id, text, watermark) values (117004, 'A mazel tov cocktail.', 'crab1');
insert into card_set_white_card (card_set_id, white_card_id) values (117000, 117004);
insert into white_cards (id, text, watermark) values (117005, 'A nugget of poo roughly the size and shape of a crouton.', 'crab1');
insert into card_set_white_card (card_set_id, white_card_id) values (117000, 117005);
insert into white_cards (id, text, watermark) values (117006, 'A prehensile penis.', 'crab1');
insert into card_set_white_card (card_set_id, white_card_id) values (117000, 117006);
insert into white_cards (id, text, watermark) values (117007, 'A sexually aggressive koala.', 'crab1');
insert into card_set_white_card (card_set_id, white_card_id) values (117000, 117007);
insert into white_cards (id, text, watermark) values (117008, 'A shockingly flatulent bobcat.', 'crab1');
insert into card_set_white_card (card_set_id, white_card_id) values (117000, 117008);
insert into white_cards (id, text, watermark) values (117009, 'A strong, independent woman who don''t need no man.', 'crab1');
insert into card_set_white_card (card_set_id, white_card_id) values (117000, 117009);
insert into white_cards (id, text, watermark) values (117010, 'A tossed salad.', 'crab1');
insert into card_set_white_card (card_set_id, white_card_id) values (117000, 117010);
insert into white_cards (id, text, watermark) values (117011, 'Affirmative action.', 'crab1');
insert into card_set_white_card (card_set_id, white_card_id) values (117000, 117011);
insert into white_cards (id, text, watermark) values (117012, 'An asexual bonobo.', 'crab1');
insert into card_set_white_card (card_set_id, white_card_id) values (117000, 117012);
insert into white_cards (id, text, watermark) values (117013, 'An entire bottle of Jägermeister®.', 'crab1');
insert into card_set_white_card (card_set_id, white_card_id) values (117000, 117013);
insert into white_cards (id, text, watermark) values (117014, 'An extra-large can of Bone Bashful™ brand Chinchilla Pudding Sauce.', 'crab1');
insert into card_set_white_card (card_set_id, white_card_id) values (117000, 117014);
insert into white_cards (id, text, watermark) values (117015, 'An Oosik, or Inuit war club made from the penis bone of a walrus.', 'crab1');
insert into card_set_white_card (card_set_id, white_card_id) values (117000, 117015);
insert into white_cards (id, text, watermark) values (117016, 'An overly-enthusiastic prostate exam.', 'crab1');
insert into card_set_white_card (card_set_id, white_card_id) values (117000, 117016);
insert into white_cards (id, text, watermark) values (117017, 'An unsurprising rash.', 'crab1');
insert into card_set_white_card (card_set_id, white_card_id) values (117000, 117017);
insert into white_cards (id, text, watermark) values (117018, 'Axl Rose.', 'crab1');
insert into card_set_white_card (card_set_id, white_card_id) values (117000, 117018);
insert into white_cards (id, text, watermark) values (117019, 'Bacne.', 'crab1');
insert into card_set_white_card (card_set_id, white_card_id) values (117000, 117019);
insert into white_cards (id, text, watermark) values (117020, 'Bacon that can feel pain.', 'crab1');
insert into card_set_white_card (card_set_id, white_card_id) values (117000, 117020);
insert into white_cards (id, text, watermark) values (117021, 'Bacon-flavored lube.', 'crab1');
insert into card_set_white_card (card_set_id, white_card_id) values (117000, 117021);
insert into white_cards (id, text, watermark) values (117022, 'Being born with a tail.', 'crab1');
insert into card_set_white_card (card_set_id, white_card_id) values (117000, 117022);
insert into white_cards (id, text, watermark) values (117023, 'Being kicked in the ovaries.', 'crab1');
insert into card_set_white_card (card_set_id, white_card_id) values (117000, 117023);
insert into white_cards (id, text, watermark) values (117024, 'Being punk in drublic.', 'crab1');
insert into card_set_white_card (card_set_id, white_card_id) values (117000, 117024);
insert into white_cards (id, text, watermark) values (117025, 'Lube-flavored bacon.', 'crab1');
insert into card_set_white_card (card_set_id, white_card_id) values (117000, 117025);
insert into white_cards (id, text, watermark) values (117026, 'Belching out the lyrics to "Hey Jude."', 'crab1');
insert into card_set_white_card (card_set_id, white_card_id) values (117000, 117026);
insert into white_cards (id, text, watermark) values (117027, '"Bono. Just... Bono."', 'crab1');
insert into card_set_white_card (card_set_id, white_card_id) values (117000, 117027);
insert into white_cards (id, text, watermark) values (117028, 'Bronies.', 'crab1');
insert into card_set_white_card (card_set_id, white_card_id) values (117000, 117028);
insert into white_cards (id, text, watermark) values (117029, 'Cockasaurus rex: the horniest dinosaur of them all.', 'crab1');
insert into card_set_white_card (card_set_id, white_card_id) values (117000, 117029);
insert into white_cards (id, text, watermark) values (117030, 'Cocktimus Prime: the laser-guided dildo rocket.', 'crab1');
insert into card_set_white_card (card_set_id, white_card_id) values (117000, 117030);
insert into white_cards (id, text, watermark) values (117031, 'Costco® food samples.', 'crab1');
insert into card_set_white_card (card_set_id, white_card_id) values (117000, 117031);
insert into white_cards (id, text, watermark) values (117032, 'Death by snu-snu.', 'crab1');
insert into card_set_white_card (card_set_id, white_card_id) values (117000, 117032);
insert into white_cards (id, text, watermark) values (117033, 'Droppin'' the mic.', 'crab1');
insert into card_set_white_card (card_set_id, white_card_id) values (117000, 117033);
insert into white_cards (id, text, watermark) values (117034, 'Enrolling in clown school.', 'crab1');
insert into card_set_white_card (card_set_id, white_card_id) values (117000, 117034);
insert into white_cards (id, text, watermark) values (117035, 'Erotic balloon animals.', 'crab1');
insert into card_set_white_card (card_set_id, white_card_id) values (117000, 117035);
insert into white_cards (id, text, watermark) values (117036, 'Explaining how I got the nickname "Nibbleberries."', 'crab1');
insert into card_set_white_card (card_set_id, white_card_id) values (117000, 117036);
insert into white_cards (id, text, watermark) values (117037, '"Ezekiel 23:20 ""There she lusted after her lovers, whose genitals were like those of donkeys and whose emission was like that of horses."""', 'crab1');
insert into card_set_white_card (card_set_id, white_card_id) values (117000, 117037);
insert into white_cards (id, text, watermark) values (117038, 'Flop sweat.', 'crab1');
insert into card_set_white_card (card_set_id, white_card_id) values (117000, 117038);
insert into white_cards (id, text, watermark) values (117039, 'Gilbert Gottfried''s voice.', 'crab1');
insert into card_set_white_card (card_set_id, white_card_id) values (117000, 117039);
insert into white_cards (id, text, watermark) values (117040, 'Giving Anne Frank a drum kit for her birthday.', 'crab1');
insert into card_set_white_card (card_set_id, white_card_id) values (117000, 117040);
insert into white_cards (id, text, watermark) values (117041, 'Giving the tumor a cutesy name.', 'crab1');
insert into card_set_white_card (card_set_id, white_card_id) values (117000, 117041);
insert into white_cards (id, text, watermark) values (117042, 'Googling "Betty White nude."', 'crab1');
insert into card_set_white_card (card_set_id, white_card_id) values (117000, 117042);
insert into white_cards (id, text, watermark) values (117043, 'Grandma''s wet, sloppy kisses.', 'crab1');
insert into card_set_white_card (card_set_id, white_card_id) values (117000, 117043);
insert into white_cards (id, text, watermark) values (117044, 'Honey Boo Boo shotgunning a 2-litre bottle of "go-go juice."', 'crab1');
insert into card_set_white_card (card_set_id, white_card_id) values (117000, 117044);
insert into white_cards (id, text, watermark) values (117045, 'Insisting that Jesus is technically a zombie.', 'crab1');
insert into card_set_white_card (card_set_id, white_card_id) values (117000, 117045);
insert into white_cards (id, text, watermark) values (117046, 'JJ Abrams putting lens flares all over everything.', 'crab1');
insert into card_set_white_card (card_set_id, white_card_id) values (117000, 117046);
insert into white_cards (id, text, watermark) values (117047, 'Joe Biden getting his freak on.', 'crab1');
insert into card_set_white_card (card_set_id, white_card_id) values (117000, 117047);
insert into white_cards (id, text, watermark) values (117048, 'Joffrey Baratheon, the loathsome little shit.', 'crab1');
insert into card_set_white_card (card_set_id, white_card_id) values (117000, 117048);
insert into white_cards (id, text, watermark) values (117049, 'LEGO® recreations of classic pornos.', 'crab1');
insert into card_set_white_card (card_set_id, white_card_id) values (117000, 117049);
insert into white_cards (id, text, watermark) values (117050, 'Lego® recreations of famous porn scenes.', 'crab1');
insert into card_set_white_card (card_set_id, white_card_id) values (117000, 117050);
insert into white_cards (id, text, watermark) values (117051, 'Logic.', 'crab1');
insert into card_set_white_card (card_set_id, white_card_id) values (117000, 117051);
insert into white_cards (id, text, watermark) values (117052, 'Michele Bachmann furiously masturbating with a coathanger.', 'crab1');
insert into card_set_white_card (card_set_id, white_card_id) values (117000, 117052);
insert into white_cards (id, text, watermark) values (117053, 'Mitt Romney doing a burlesque routine in a giant champagne glass.', 'crab1');
insert into card_set_white_card (card_set_id, white_card_id) values (117000, 117053);
insert into white_cards (id, text, watermark) values (117054, 'Monkey torture.', 'crab1');
insert into card_set_white_card (card_set_id, white_card_id) values (117000, 117054);
insert into white_cards (id, text, watermark) values (117055, 'My level 90 night elf, Leafshit Puddingsbane.', 'crab1');
insert into card_set_white_card (card_set_id, white_card_id) values (117000, 117055);
insert into white_cards (id, text, watermark) values (117056, 'Natalie Portman naked, petrified, and covered in hot grits.', 'crab1');
insert into card_set_white_card (card_set_id, white_card_id) values (117000, 117056);
insert into white_cards (id, text, watermark) values (117057, 'Officially no longer giving a shit.', 'crab1');
insert into card_set_white_card (card_set_id, white_card_id) values (117000, 117057);
insert into white_cards (id, text, watermark) values (117058, 'Plato''s Allegory of the Cave or some other pretentious bullshit.', 'crab1');
insert into card_set_white_card (card_set_id, white_card_id) values (117000, 117058);
insert into white_cards (id, text, watermark) values (117059, 'Posting on www.reddit.com/r/gonewild/', 'crab1');
insert into card_set_white_card (card_set_id, white_card_id) values (117000, 117059);
insert into white_cards (id, text, watermark) values (117060, 'Pretending to be a malfunctioning robot.', 'crab1');
insert into card_set_white_card (card_set_id, white_card_id) values (117000, 117060);
insert into white_cards (id, text, watermark) values (117061, 'Pretending to have the hiccups.', 'crab1');
insert into card_set_white_card (card_set_id, white_card_id) values (117000, 117061);
insert into white_cards (id, text, watermark) values (117062, 'Pronouncing "quinoa" properly.', 'crab1');
insert into card_set_white_card (card_set_id, white_card_id) values (117000, 117062);
insert into white_cards (id, text, watermark) values (117063, 'Racist ninjas.', 'crab1');
insert into card_set_white_card (card_set_id, white_card_id) values (117000, 117063);
insert into white_cards (id, text, watermark) values (117064, 'Raptor Jesus.', 'crab1');
insert into card_set_white_card (card_set_id, white_card_id) values (117000, 117064);
insert into white_cards (id, text, watermark) values (117065, 'Reluctant anal.', 'crab1');
insert into card_set_white_card (card_set_id, white_card_id) values (117000, 117065);
insert into white_cards (id, text, watermark) values (117066, 'S''more Schnapps.', 'crab1');
insert into card_set_white_card (card_set_id, white_card_id) values (117000, 117066);
insert into white_cards (id, text, watermark) values (117067, 'Selling out.', 'crab1');
insert into card_set_white_card (card_set_id, white_card_id) values (117000, 117067);
insert into white_cards (id, text, watermark) values (117068, 'Sexy witches.', 'crab1');
insert into card_set_white_card (card_set_id, white_card_id) values (117000, 117068);
insert into white_cards (id, text, watermark) values (117069, 'Slightly more than 3 ounces of cum.', 'crab1');
insert into card_set_white_card (card_set_id, white_card_id) values (117000, 117069);
insert into white_cards (id, text, watermark) values (117070, 'Steaming hot lemonade.', 'crab1');
insert into card_set_white_card (card_set_id, white_card_id) values (117000, 117070);
insert into white_cards (id, text, watermark) values (117071, 'Struggle snuggles.', 'crab1');
insert into card_set_white_card (card_set_id, white_card_id) values (117000, 117071);
insert into white_cards (id, text, watermark) values (117072, 'That "not-so-fresh" feeling.', 'crab1');
insert into card_set_white_card (card_set_id, white_card_id) values (117000, 117072);
insert into white_cards (id, text, watermark) values (117073, 'The combined fat from all of the Kardashian''s liposuction procedures.', 'crab1');
insert into card_set_white_card (card_set_id, white_card_id) values (117000, 117073);
insert into white_cards (id, text, watermark) values (117074, 'The combined fat from all the Kardashian family liposuctions.', 'crab1');
insert into card_set_white_card (card_set_id, white_card_id) values (117000, 117074);
insert into white_cards (id, text, watermark) values (117075, 'The fabled Mongolian Death Worm.', 'crab1');
insert into card_set_white_card (card_set_id, white_card_id) values (117000, 117075);
insert into white_cards (id, text, watermark) values (117076, 'The green apple splatters.', 'crab1');
insert into card_set_white_card (card_set_id, white_card_id) values (117000, 117076);
insert into white_cards (id, text, watermark) values (117077, 'The Slender Man.', 'crab1');
insert into card_set_white_card (card_set_id, white_card_id) values (117000, 117077);
insert into white_cards (id, text, watermark) values (117078, 'The TARDIS.', 'crab1');
insert into card_set_white_card (card_set_id, white_card_id) values (117000, 117078);
insert into white_cards (id, text, watermark) values (117079, 'Touching each other''s butts.', 'crab1');
insert into card_set_white_card (card_set_id, white_card_id) values (117000, 117079);
insert into white_cards (id, text, watermark) values (117080, 'Thirty pieces of silver.', 'crab1');
insert into card_set_white_card (card_set_id, white_card_id) values (117000, 117080);
insert into white_cards (id, text, watermark) values (117081, 'Using teeth.', 'crab1');
insert into card_set_white_card (card_set_id, white_card_id) values (117000, 117081);
insert into white_cards (id, text, watermark) values (117082, 'Van Gogh''s severed ear.', 'crab1');
insert into card_set_white_card (card_set_id, white_card_id) values (117000, 117082);
insert into white_cards (id, text, watermark) values (117083, 'Weaponized ebola.', 'crab1');
insert into card_set_white_card (card_set_id, white_card_id) values (117000, 117083);
insert into white_cards (id, text, watermark) values (117084, 'Wielding a toddler as a weapon.', 'crab1');
insert into card_set_white_card (card_set_id, white_card_id) values (117000, 117084);
insert into white_cards (id, text, watermark) values (117085, 'WINNING!!', 'crab1');
insert into card_set_white_card (card_set_id, white_card_id) values (117000, 117085);
insert into white_cards (id, text, watermark) values (117086, 'Yoga pants.', 'crab1');
insert into card_set_white_card (card_set_id, white_card_id) values (117000, 117086);

insert into black_cards (id, text, draw, pick, watermark) values (117000, '____: Just sayin''.', '0', '1', 'crab1');
insert into card_set_black_card (card_set_id, black_card_id) values (117000, 117000);
insert into black_cards (id, text, draw, pick, watermark) values (117001, '____: not even once.', '0', '1', 'crab1');
insert into card_set_black_card (card_set_id, black_card_id) values (117000, 117001);
insert into black_cards (id, text, draw, pick, watermark) values (117002, '"A wild ____ appears! You used ____! It''s not very effective!"', '1', '2', 'crab1');
insert into card_set_black_card (card_set_id, black_card_id) values (117000, 117002);
insert into black_cards (id, text, draw, pick, watermark) values (117003, '"A wild ____ appears! You used ____! It''s super effective!"', '1', '2', 'crab1');
insert into card_set_black_card (card_set_id, black_card_id) values (117000, 117003);
insert into black_cards (id, text, draw, pick, watermark) values (117004, 'According to a new UN treaty, ____ now qualifies as a weapon of mass destruction.', '0', '1', 'crab1');
insert into card_set_black_card (card_set_id, black_card_id) values (117000, 117004);
insert into black_cards (id, text, draw, pick, watermark) values (117005, 'Ever since "the incident," every time I close my eyes, I still see ____.', '0', '1', 'crab1');
insert into card_set_black_card (card_set_id, black_card_id) values (117000, 117005);
insert into black_cards (id, text, draw, pick, watermark) values (117006, '"Gentlemen, I''m sure you''re wondering why I asked you here this evening. It''s a long story, but it all began with ____."', '0', '1', 'crab1');
insert into card_set_black_card (card_set_id, black_card_id) values (117000, 117006);
insert into black_cards (id, text, draw, pick, watermark) values (117007, '"Gentlemen, I''m sure you''re wondering why I asked you here this evening. It''s a long story, but it all ended with ____."', '0', '1', 'crab1');
insert into card_set_black_card (card_set_id, black_card_id) values (117000, 117007);
insert into black_cards (id, text, draw, pick, watermark) values (117008, 'How did I get this restraining order?', '0', '1', 'crab1');
insert into card_set_black_card (card_set_id, black_card_id) values (117000, 117008);
insert into black_cards (id, text, draw, pick, watermark) values (117009, 'How did I hurt my back?', '0', '1', 'crab1');
insert into card_set_black_card (card_set_id, black_card_id) values (117000, 117009);
insert into black_cards (id, text, draw, pick, watermark) values (117010, 'How did my grandparents make it through the Great Depression?', '0', '1', 'crab1');
insert into card_set_black_card (card_set_id, black_card_id) values (117000, 117010);
insert into black_cards (id, text, draw, pick, watermark) values (117011, 'I am become ____, the destroyer of worlds.', '0', '1', 'crab1');
insert into card_set_black_card (card_set_id, black_card_id) values (117000, 117011);
insert into black_cards (id, text, draw, pick, watermark) values (117012, 'I love the smell of ____ in the morning.', '0', '1', 'crab1');
insert into card_set_black_card (card_set_id, black_card_id) values (117000, 117012);
insert into black_cards (id, text, draw, pick, watermark) values (117013, 'I was once sent to the HR department for an incident involving ____, ____, and (allegedly) ____.', '2', '3', 'crab1');
insert into card_set_black_card (card_set_id, black_card_id) values (117000, 117013);
insert into black_cards (id, text, draw, pick, watermark) values (117014, 'I''m gonna go build my own theme park! With ____! And ____!', '1', '2', 'crab1');
insert into card_set_black_card (card_set_id, black_card_id) values (117000, 117014);
insert into black_cards (id, text, draw, pick, watermark) values (117015, 'I''m so hungry, I could eat ____.', '0', '1', 'crab1');
insert into card_set_black_card (card_set_id, black_card_id) values (117000, 117015);
insert into black_cards (id, text, draw, pick, watermark) values (117016, 'If you want a picture of the future, imagine a boot stamping on ____--forever.', '0', '1', 'crab1');
insert into card_set_black_card (card_set_id, black_card_id) values (117000, 117016);
insert into black_cards (id, text, draw, pick, watermark) values (117017, 'In a move that has Hollywood insiders baffled, the producers of American Idol have decided to replace host Ryan Seacrest with ____.', '0', '1', 'crab1');
insert into card_set_black_card (card_set_id, black_card_id) values (117000, 117017);
insert into black_cards (id, text, draw, pick, watermark) values (117018, 'In my opinion, ____ is grounds for justifiable homicide.', '0', '1', 'crab1');
insert into card_set_black_card (card_set_id, black_card_id) values (117000, 117018);
insert into black_cards (id, text, draw, pick, watermark) values (117019, 'It took seven years in a remote Tibetan monastery, but I finally learned the art of ____.', '0', '1', 'crab1');
insert into card_set_black_card (card_set_id, black_card_id) values (117000, 117019);
insert into black_cards (id, text, draw, pick, watermark) values (117020, 'Like Midas reborn, everything she touches turns to ____.', '0', '1', 'crab1');
insert into card_set_black_card (card_set_id, black_card_id) values (117000, 117020);
insert into black_cards (id, text, draw, pick, watermark) values (117021, '"Oh my God! They killed ____! You bastards!', '0', '1', 'crab1');
insert into card_set_black_card (card_set_id, black_card_id) values (117000, 117021);
insert into black_cards (id, text, draw, pick, watermark) values (117022, 'Oh my God! You killed ____! You bastards!', '0', '1', 'crab1');
insert into card_set_black_card (card_set_id, black_card_id) values (117000, 117022);
insert into black_cards (id, text, draw, pick, watermark) values (117023, 'Oh my God! You killed ____! You ____!"', '1', '2', 'crab1');
insert into card_set_black_card (card_set_id, black_card_id) values (117000, 117023);
insert into black_cards (id, text, draw, pick, watermark) values (117024, 'PornHub.com''s single most popular video features ____ and ____.', '1', '2', 'crab1');
insert into card_set_black_card (card_set_id, black_card_id) values (117000, 117024);
insert into black_cards (id, text, draw, pick, watermark) values (117025, '"So then he says, ""If you want to make this relationship work, you need to give up ____ and ____."" As.  If."', '1', '2', 'crab1');
insert into card_set_black_card (card_set_id, black_card_id) values (117000, 117025);
insert into black_cards (id, text, draw, pick, watermark) values (117026, 'Thanks to ____, I now have a crippling fear of ____.', '1', '2', 'crab1');
insert into card_set_black_card (card_set_id, black_card_id) values (117000, 117026);
insert into black_cards (id, text, draw, pick, watermark) values (117027, 'The best part of waking up is ____.', '0', '1', 'crab1');
insert into card_set_black_card (card_set_id, black_card_id) values (117000, 117027);
insert into black_cards (id, text, draw, pick, watermark) values (117028, 'The last three items on my "bucket list":', '0', '1', 'crab1');
insert into card_set_black_card (card_set_id, black_card_id) values (117000, 117028);
insert into black_cards (id, text, draw, pick, watermark) values (117029, 'Three bullet points from my OKCupid® profile: ____, ____, and, (most importantly) ____.', '2', '3', 'crab1');
insert into card_set_black_card (card_set_id, black_card_id) values (117000, 117029);
insert into black_cards (id, text, draw, pick, watermark) values (117030, 'Tonight on "My Super Sweet 16," Stephani''s parents give her ____.', '0', '1', 'crab1');
insert into card_set_black_card (card_set_id, black_card_id) values (117000, 117030);
insert into black_cards (id, text, draw, pick, watermark) values (117031, 'Tonight on "Supernatural," Sam and Dean are forced to confront ____ using only ____.', '1', '2', 'crab1');
insert into card_set_black_card (card_set_id, black_card_id) values (117000, 117031);
insert into black_cards (id, text, draw, pick, watermark) values (117032, '"What do we want? ____! When do we want it? Now!"', '0', '1', 'crab1');
insert into card_set_black_card (card_set_id, black_card_id) values (117000, 117032);
insert into black_cards (id, text, draw, pick, watermark) values (117033, '"What do we want? ____! When do we want it? Eventually!"', '0', '1', 'crab1');
insert into card_set_black_card (card_set_id, black_card_id) values (117000, 117033);
insert into black_cards (id, text, draw, pick, watermark) values (117034, 'What was one of the rejected flavors for Bertie Bott''s Every Flavour Beans™?', '0', '1', 'crab1');
insert into card_set_black_card (card_set_id, black_card_id) values (117000, 117034);
insert into black_cards (id, text, draw, pick, watermark) values (117035, 'When I''m dating somebody, I can overlook ____ and ____, but ____ is a deal-breaker.', '2', '3', 'crab1');
insert into card_set_black_card (card_set_id, black_card_id) values (117000, 117035);
insert into black_cards (id, text, draw, pick, watermark) values (117036, 'Why won''t they let me in Chuck E. Cheese''s® anymore?', '0', '1', 'crab1');
insert into card_set_black_card (card_set_id, black_card_id) values (117000, 117036);
insert into black_cards (id, text, draw, pick, watermark) values (117037, 'William Shatner''s shocking new autobiography is titled "____: The Final Frontier."', '0', '1', 'crab1');
insert into card_set_black_card (card_set_id, black_card_id) values (117000, 117037);

COMMIT;
