BEGIN;

delete from card_set_white_card where card_set_id = 120000;
delete from card_set_black_card where card_set_id = 120000;
delete from white_cards where id >= 120000 and id <= 120999;
delete from black_cards where id >= 120000 and id <= 120999;
delete from card_set where id=120000;

insert into card_set (id, active, name, base_deck, description, weight) values (120000, 't', 'Absurd Box', 'f', 'The Absurd Box contains 300 all-new cards that came to use after taking peyote and wandering the desert.', 999);

insert into white_cards (id, text, watermark) values (120000, '3.7 billion women.', 'crab6');
insert into card_set_white_card (card_set_id, white_card_id) values (120000, 120000);
insert into white_cards (id, text, watermark) values (120001, 'A 3-1/2 pound shit baby.', 'crab6');
insert into card_set_white_card (card_set_id, white_card_id) values (120000, 120001);
insert into white_cards (id, text, watermark) values (120002, 'A blue waffle.', 'crab6');
insert into card_set_white_card (card_set_id, white_card_id) values (120000, 120002);
insert into white_cards (id, text, watermark) values (120003, 'A chronic colonic.', 'crab6');
insert into card_set_white_card (card_set_id, white_card_id) values (120000, 120003);
insert into white_cards (id, text, watermark) values (120004, 'A Cleveland Steamer.', 'crab6');
insert into card_set_white_card (card_set_id, white_card_id) values (120000, 120004);
insert into white_cards (id, text, watermark) values (120005, 'A cock-gobbling cock-goblin.', 'crab6');
insert into card_set_white_card (card_set_id, white_card_id) values (120000, 120005);
insert into white_cards (id, text, watermark) values (120006, 'A dumpster fire.', 'crab6');
insert into card_set_white_card (card_set_id, white_card_id) values (120000, 120006);
insert into white_cards (id, text, watermark) values (120007, 'A hoo-hoo that bites your ding-dong.', 'crab6');
insert into card_set_white_card (card_set_id, white_card_id) values (120000, 120007);
insert into white_cards (id, text, watermark) values (120008, 'A lemon party.', 'crab6');
insert into card_set_white_card (card_set_id, white_card_id) values (120000, 120008);
insert into white_cards (id, text, watermark) values (120009, 'A little bit of spit-up.', 'crab6');
insert into card_set_white_card (card_set_id, white_card_id) values (120000, 120009);
insert into white_cards (id, text, watermark) values (120010, 'A NEWWWW CAR!', 'crab6');
insert into card_set_white_card (card_set_id, white_card_id) values (120000, 120010);
insert into white_cards (id, text, watermark) values (120011, 'A Planned Parenthood® clinic and non-kosher deli.', 'crab6');
insert into card_set_white_card (card_set_id, white_card_id) values (120000, 120011);
insert into white_cards (id, text, watermark) values (120012, 'A positive pregnancy test from Craigslist.', 'crab6');
insert into card_set_white_card (card_set_id, white_card_id) values (120000, 120012);
insert into white_cards (id, text, watermark) values (120013, 'Acknowledging that none of the dreams that you had as a child have come true.', 'crab6');
insert into card_set_white_card (card_set_id, white_card_id) values (120000, 120013);
insert into white_cards (id, text, watermark) values (120014, 'Adele.', 'crab6');
insert into card_set_white_card (card_set_id, white_card_id) values (120000, 120014);
insert into white_cards (id, text, watermark) values (120015, 'Agreeing with Donald Trump.', 'crab6');
insert into card_set_white_card (card_set_id, white_card_id) values (120000, 120015);
insert into white_cards (id, text, watermark) values (120016, 'An ancient, malevolent entity.', 'crab6');
insert into card_set_white_card (card_set_id, white_card_id) values (120000, 120016);
insert into white_cards (id, text, watermark) values (120017, 'Ariana Grande and her sisters Ariana Tall and Ariana Venti.', 'crab6');
insert into card_set_white_card (card_set_id, white_card_id) values (120000, 120017);
insert into white_cards (id, text, watermark) values (120018, 'Asparagus pee.', 'crab6');
insert into card_set_white_card (card_set_id, white_card_id) values (120000, 120018);
insert into white_cards (id, text, watermark) values (120019, 'Barbecuing what''s left of the fetus.', 'crab6');
insert into card_set_white_card (card_set_id, white_card_id) values (120000, 120019);
insert into white_cards (id, text, watermark) values (120020, 'Being a "gold star" lesbian.', 'crab6');
insert into card_set_white_card (card_set_id, white_card_id) values (120000, 120020);
insert into white_cards (id, text, watermark) values (120021, 'Benghazi!', 'crab6');
insert into card_set_white_card (card_set_id, white_card_id) values (120000, 120021);
insert into white_cards (id, text, watermark) values (120022, 'Bernie Sanders'' sexy tickles!', 'crab6');
insert into card_set_white_card (card_set_id, white_card_id) values (120000, 120022);
insert into white_cards (id, text, watermark) values (120023, 'Bristol Palin.', 'crab6');
insert into card_set_white_card (card_set_id, white_card_id) values (120000, 120023);
insert into white_cards (id, text, watermark) values (120024, 'Brovaries.', 'crab6');
insert into card_set_white_card (card_set_id, white_card_id) values (120000, 120024);
insert into white_cards (id, text, watermark) values (120025, 'Burning Man.', 'crab6');
insert into card_set_white_card (card_set_id, white_card_id) values (120000, 120025);
insert into white_cards (id, text, watermark) values (120026, 'Cock cancer', 'crab6');
insert into card_set_white_card (card_set_id, white_card_id) values (120000, 120026);
insert into white_cards (id, text, watermark) values (120027, 'Dank memes.', 'crab6');
insert into card_set_white_card (card_set_id, white_card_id) values (120000, 120027);
insert into white_cards (id, text, watermark) values (120028, 'Dem lil'' critters.', 'crab6');
insert into card_set_white_card (card_set_id, white_card_id) values (120000, 120028);
insert into white_cards (id, text, watermark) values (120029, 'Dickin''.', 'crab6');
insert into card_set_white_card (card_set_id, white_card_id) values (120000, 120029);
insert into white_cards (id, text, watermark) values (120030, 'Eating pussy with a knife and fork.', 'crab6');
insert into card_set_white_card (card_set_id, white_card_id) values (120000, 120030);
insert into white_cards (id, text, watermark) values (120031, 'El Niño.', 'crab6');
insert into card_set_white_card (card_set_id, white_card_id) values (120000, 120031);
insert into white_cards (id, text, watermark) values (120032, 'Getting head from Kevin Spacey.', 'crab6');
insert into card_set_white_card (card_set_id, white_card_id) values (120000, 120032);
insert into white_cards (id, text, watermark) values (120033, 'Ghost babies.', 'crab6');
insert into card_set_white_card (card_set_id, white_card_id) values (120000, 120033);
insert into white_cards (id, text, watermark) values (120034, 'Hepatitis C.', 'crab6');
insert into card_set_white_card (card_set_id, white_card_id) values (120000, 120034);
insert into white_cards (id, text, watermark) values (120035, 'Hillary Clinton''s Kevlar-lined pantsuit.', 'crab6');
insert into card_set_white_card (card_set_id, white_card_id) values (120000, 120035);
insert into white_cards (id, text, watermark) values (120036, 'Hitler? Hitler! Hitler Hitler Hitler Hitler Hitler [last five "Hitler"s are in decreasing font size]', 'crab6');
insert into card_set_white_card (card_set_id, white_card_id) values (120000, 120036);
insert into white_cards (id, text, watermark) values (120037, 'Huge, wobbly meat-curtains.', 'crab6');
insert into card_set_white_card (card_set_id, white_card_id) values (120000, 120037);
insert into white_cards (id, text, watermark) values (120038, 'I would like to add you to my professional network on LinkedIn®.', 'crab6');
insert into card_set_white_card (card_set_id, white_card_id) values (120000, 120038);
insert into white_cards (id, text, watermark) values (120039, 'Jared''s six-inch kiddie meal.', 'crab6');
insert into card_set_white_card (card_set_id, white_card_id) values (120000, 120039);
insert into white_cards (id, text, watermark) values (120040, 'Jesus H. Christ.', 'crab6');
insert into card_set_white_card (card_set_id, white_card_id) values (120000, 120040);
insert into white_cards (id, text, watermark) values (120041, 'Jihotties.', 'crab6');
insert into card_set_white_card (card_set_id, white_card_id) values (120000, 120041);
insert into white_cards (id, text, watermark) values (120042, 'Literally, anything else.', 'crab6');
insert into card_set_white_card (card_set_id, white_card_id) values (120000, 120042);
insert into white_cards (id, text, watermark) values (120043, 'Making America great again.', 'crab6');
insert into card_set_white_card (card_set_id, white_card_id) values (120000, 120043);
insert into white_cards (id, text, watermark) values (120044, 'Manspreading.', 'crab6');
insert into card_set_white_card (card_set_id, white_card_id) values (120000, 120044);
insert into white_cards (id, text, watermark) values (120045, 'Mouth sounds.', 'crab6');
insert into card_set_white_card (card_set_id, white_card_id) values (120000, 120045);
insert into white_cards (id, text, watermark) values (120046, 'My own two hands.', 'crab6');
insert into card_set_white_card (card_set_id, white_card_id) values (120000, 120046);
insert into white_cards (id, text, watermark) values (120047, 'Nonstop helicoptering.', 'crab6');
insert into card_set_white_card (card_set_id, white_card_id) values (120000, 120047);
insert into white_cards (id, text, watermark) values (120048, 'Nuking gay baby whales for Jesus.', 'crab6');
insert into card_set_white_card (card_set_id, white_card_id) values (120000, 120048);
insert into white_cards (id, text, watermark) values (120049, 'Nun chunks.', 'crab6');
insert into card_set_white_card (card_set_id, white_card_id) values (120000, 120049);
insert into white_cards (id, text, watermark) values (120050, 'Pegging.', 'crab6');
insert into card_set_white_card (card_set_id, white_card_id) values (120000, 120050);
insert into white_cards (id, text, watermark) values (120051, 'Pissing in the popcorn.', 'crab6');
insert into card_set_white_card (card_set_id, white_card_id) values (120000, 120051);
insert into white_cards (id, text, watermark) values (120052, 'Placenta polenta.', 'crab6');
insert into card_set_white_card (card_set_id, white_card_id) values (120000, 120052);
insert into white_cards (id, text, watermark) values (120053, 'Profound autism.', 'crab6');
insert into card_set_white_card (card_set_id, white_card_id) values (120000, 120053);
insert into white_cards (id, text, watermark) values (120054, 'Pungent butt-burps.', 'crab6');
insert into card_set_white_card (card_set_id, white_card_id) values (120000, 120054);
insert into white_cards (id, text, watermark) values (120055, 'Pure evil.', 'crab6');
insert into card_set_white_card (card_set_id, white_card_id) values (120000, 120055);
insert into white_cards (id, text, watermark) values (120056, 'Putting the pussy on the chainwax.', 'crab6');
insert into card_set_white_card (card_set_id, white_card_id) values (120000, 120056);
insert into white_cards (id, text, watermark) values (120057, 'Releasing the Kraken.', 'crab6');
insert into card_set_white_card (card_set_id, white_card_id) values (120000, 120057);
insert into white_cards (id, text, watermark) values (120058, 'Riding the struggles bus.', 'crab6');
insert into card_set_white_card (card_set_id, white_card_id) values (120000, 120058);
insert into white_cards (id, text, watermark) values (120059, 'Rough, anonymous sex.', 'crab6');
insert into card_set_white_card (card_set_id, white_card_id) values (120000, 120059);
insert into white_cards (id, text, watermark) values (120060, 'Scrotemeal.', 'crab6');
insert into card_set_white_card (card_set_id, white_card_id) values (120000, 120060);
insert into white_cards (id, text, watermark) values (120061, 'Shia LeBeouf.', 'crab6');
insert into card_set_white_card (card_set_id, white_card_id) values (120000, 120061);
insert into white_cards (id, text, watermark) values (120062, 'Sleep fapnia.', 'crab6');
insert into card_set_white_card (card_set_id, white_card_id) values (120000, 120062);
insert into white_cards (id, text, watermark) values (120063, 'Smirnoff® the Wizard.', 'crab6');
insert into card_set_white_card (card_set_id, white_card_id) values (120000, 120063);
insert into white_cards (id, text, watermark) values (120064, 'Someone who isn''t me.', 'crab6');
insert into card_set_white_card (card_set_id, white_card_id) values (120000, 120064);
insert into white_cards (id, text, watermark) values (120065, 'Sweater puppies.', 'crab6');
insert into card_set_white_card (card_set_id, white_card_id) values (120000, 120065);
insert into white_cards (id, text, watermark) values (120066, 'Ten points for Gryffindor!', 'crab6');
insert into card_set_white_card (card_set_id, white_card_id) values (120000, 120066);
insert into white_cards (id, text, watermark) values (120067, 'That woman.', 'crab6');
insert into card_set_white_card (card_set_id, white_card_id) values (120000, 120067);
insert into white_cards (id, text, watermark) values (120068, 'The Academy of Fine Farts.', 'crab6');
insert into card_set_white_card (card_set_id, white_card_id) values (120000, 120068);
insert into white_cards (id, text, watermark) values (120069, 'The Dewey Decimal System.', 'crab6');
insert into card_set_white_card (card_set_id, white_card_id) values (120000, 120069);
insert into white_cards (id, text, watermark) values (120070, 'The hostages.', 'crab6');
insert into card_set_white_card (card_set_id, white_card_id) values (120000, 120070);
insert into white_cards (id, text, watermark) values (120071, 'The other, other, otherwhite meat.', 'crab6');
insert into card_set_white_card (card_set_id, white_card_id) values (120000, 120071);
insert into white_cards (id, text, watermark) values (120072, 'The person Mr. Rogers thought I could be.', 'crab6');
insert into card_set_white_card (card_set_id, white_card_id) values (120000, 120072);
insert into white_cards (id, text, watermark) values (120073, 'The shortbus.', 'crab6');
insert into card_set_white_card (card_set_id, white_card_id) values (120000, 120073);
insert into white_cards (id, text, watermark) values (120074, 'This. This right here. So. Much. This.', 'crab6');
insert into card_set_white_card (card_set_id, white_card_id) values (120000, 120074);
insert into white_cards (id, text, watermark) values (120075, 'Touching the poop.', 'crab6');
insert into card_set_white_card (card_set_id, white_card_id) values (120000, 120075);
insert into white_cards (id, text, watermark) values (120076, 'Trademark infringement.', 'crab6');
insert into card_set_white_card (card_set_id, white_card_id) values (120000, 120076);
insert into white_cards (id, text, watermark) values (120077, 'Twincest.', 'crab6');
insert into card_set_white_card (card_set_id, white_card_id) values (120000, 120077);
insert into white_cards (id, text, watermark) values (120078, 'Unspeakable atrocities.', 'crab6');
insert into card_set_white_card (card_set_id, white_card_id) values (120000, 120078);
insert into white_cards (id, text, watermark) values (120079, 'Waiting for the bar to open.', 'crab6');
insert into card_set_white_card (card_set_id, white_card_id) values (120000, 120079);

insert into black_cards (id, text, draw, pick, watermark) values (120000, '____: not only, like, super gross? But like, from a feminist standpoint? Totally problematic.', '0', '1', 'crab6');
insert into card_set_black_card (card_set_id, black_card_id) values (120000, 120000);
insert into black_cards (id, text, draw, pick, watermark) values (120001, '____? Thanks Obama.', '0', '1', 'crab6');
insert into card_set_black_card (card_set_id, black_card_id) values (120000, 120001);
insert into black_cards (id, text, draw, pick, watermark) values (120002, '"The time has come," the Walrus said, "To talk of many things: Of shoes, and ships, and sealing-wax. Of cabbages, and ____."', '0', '1', 'crab6');
insert into card_set_black_card (card_set_id, black_card_id) values (120000, 120002);
insert into black_cards (id, text, draw, pick, watermark) values (120003, 'Although ____ provided excellent results, the ethics committee has decided that the practice can no longer continue.', '0', '1', 'crab6');
insert into card_set_black_card (card_set_id, black_card_id) values (120000, 120003);
insert into black_cards (id, text, draw, pick, watermark) values (120004, 'Amazon Prime membership now includes ____.', '0', '1', 'crab6');
insert into card_set_black_card (card_set_id, black_card_id) values (120000, 120004);
insert into black_cards (id, text, draw, pick, watermark) values (120005, '"Chilean Seabass: $29 Caribbean Spiny Lobster: $38 ____: Market Price"', '0', '1', 'crab6');
insert into card_set_black_card (card_set_id, black_card_id) values (120000, 120005);
insert into black_cards (id, text, draw, pick, watermark) values (120006, 'Citing demographics, Playboy has replaced nudity with ____.', '0', '1', 'crab6');
insert into card_set_black_card (card_set_id, black_card_id) values (120000, 120006);
insert into black_cards (id, text, draw, pick, watermark) values (120007, 'Come with me on an adventure to the land of ____.', '0', '1', 'crab6');
insert into card_set_black_card (card_set_id, black_card_id) values (120000, 120007);
insert into black_cards (id, text, draw, pick, watermark) values (120008, 'Concerned about diabetes? Watch for symptoms like ____ and ____.', '1', '2', 'crab6');
insert into card_set_black_card (card_set_id, black_card_id) values (120000, 120008);
insert into black_cards (id, text, draw, pick, watermark) values (120009, 'George RR Martin says that ____ is preventing him from finishing his epic fantasy saga.', '0', '1', 'crab6');
insert into card_set_black_card (card_set_id, black_card_id) values (120000, 120009);
insert into black_cards (id, text, draw, pick, watermark) values (120010, 'Grandma told me "child, everyone on this earth was born with a skill, and yours is ____. …So don''t you never do it for free."', '0', '1', 'crab6');
insert into card_set_black_card (card_set_id, black_card_id) values (120000, 120010);
insert into black_cards (id, text, draw, pick, watermark) values (120011, 'If he were elected president, what would Bernie Sanders bring to the White House?', '0', '1', 'crab6');
insert into card_set_black_card (card_set_id, black_card_id) values (120000, 120011);
insert into black_cards (id, text, draw, pick, watermark) values (120012, 'If you enjoy ____, it''s because you are weak, your bloodline is weak, and you will not survive the winter.', '0', '1', 'crab6');
insert into card_set_black_card (card_set_id, black_card_id) values (120000, 120012);
insert into black_cards (id, text, draw, pick, watermark) values (120013, 'In his new book, author David Sedaris details his life-long love affair with ____.', '0', '1', 'crab6');
insert into card_set_black_card (card_set_id, black_card_id) values (120000, 120013);
insert into black_cards (id, text, draw, pick, watermark) values (120014, 'In order to stop my family from talking politics, I distract them with ____.', '0', '1', 'crab6');
insert into card_set_black_card (card_set_id, black_card_id) values (120000, 120014);
insert into black_cards (id, text, draw, pick, watermark) values (120015, 'In the years ahead, pundits will debate the impact of the ____-gate scandal on Obama''s legacy.', '0', '1', 'crab6');
insert into card_set_black_card (card_set_id, black_card_id) values (120000, 120015);
insert into black_cards (id, text, draw, pick, watermark) values (120016, 'In today''s news conference, Donald Trump made headlines when he denounced ____.', '0', '1', 'crab6');
insert into card_set_black_card (card_set_id, black_card_id) values (120000, 120016);
insert into black_cards (id, text, draw, pick, watermark) values (120017, 'In what some are calling an act of desperation, the conservative billionaire Koch brothers are funding ____.', '0', '1', 'crab6');
insert into card_set_black_card (card_set_id, black_card_id) values (120000, 120017);
insert into black_cards (id, text, draw, pick, watermark) values (120018, 'Mmmmm, ____! …and it''s still warm!', '0', '1', 'crab6');
insert into card_set_black_card (card_set_id, black_card_id) values (120000, 120018);
insert into black_cards (id, text, draw, pick, watermark) values (120019, 'My uncle has a wardrobe in his house that leads to ____.', '0', '1', 'crab6');
insert into card_set_black_card (card_set_id, black_card_id) values (120000, 120019);
insert into black_cards (id, text, draw, pick, watermark) values (120020, 'New kicks, new clothes, ____ on fleek: Friday night, here I come.', '0', '1', 'crab6');
insert into card_set_black_card (card_set_id, black_card_id) values (120000, 120020);
insert into black_cards (id, text, draw, pick, watermark) values (120021, 'Pardon me, may I have a moment of your time to talk to you about ____?', '0', '1', 'crab6');
insert into card_set_black_card (card_set_id, black_card_id) values (120000, 120021);
insert into black_cards (id, text, draw, pick, watermark) values (120022, 'SHOW ME WHAT YOU GOT.', '0', '1', 'crab6');
insert into card_set_black_card (card_set_id, black_card_id) values (120000, 120022);
insert into black_cards (id, text, draw, pick, watermark) values (120023, 'That''s my secret, I''m always ____.', '0', '1', 'crab6');
insert into card_set_black_card (card_set_id, black_card_id) values (120000, 120023);
insert into black_cards (id, text, draw, pick, watermark) values (120024, 'The presidential election came down to a choice of either ____ or ____.', '1', '2', 'crab6');
insert into card_set_black_card (card_set_id, black_card_id) values (120000, 120024);
insert into black_cards (id, text, draw, pick, watermark) values (120025, 'We found out what''s causing your chest pain. We thinks it''s a direct result of ____.', '0', '1', 'crab6');
insert into card_set_black_card (card_set_id, black_card_id) values (120000, 120025);
insert into black_cards (id, text, draw, pick, watermark) values (120026, 'What am I waiting for?', '0', '1', 'crab6');
insert into card_set_black_card (card_set_id, black_card_id) values (120000, 120026);
insert into black_cards (id, text, draw, pick, watermark) values (120027, 'What do I see in this inkblot? ', '0', '1', 'crab6');
insert into card_set_black_card (card_set_id, black_card_id) values (120000, 120027);
insert into black_cards (id, text, draw, pick, watermark) values (120028, 'What''s in the box?', '0', '1', 'crab6');
insert into card_set_black_card (card_set_id, black_card_id) values (120000, 120028);
insert into black_cards (id, text, draw, pick, watermark) values (120029, 'What''s my go-to baby shower gift?', '0', '1', 'crab6');
insert into card_set_black_card (card_set_id, black_card_id) values (120000, 120029);
insert into black_cards (id, text, draw, pick, watermark) values (120030, 'Where were you when I needed you?', '0', '1', 'crab6');
insert into card_set_black_card (card_set_id, black_card_id) values (120000, 120030);
insert into black_cards (id, text, draw, pick, watermark) values (120031, 'Without doubt, this is the golden age of ____.', '0', '1', 'crab6');
insert into card_set_black_card (card_set_id, black_card_id) values (120000, 120031);

COMMIT;
