BEGIN;

delete from card_set_white_card where card_set_id = 111400;
delete from card_set_black_card where card_set_id = 111400;
delete from white_cards where id >= 111400 and id <= 111479;
delete from black_cards where id >= 111500 and id <= 111531;
delete from card_set where id=111400;

insert into card_set (id, active, name, base_deck, description, weight) values (111400, 't', 'Crabs Adjust Humidity Volume 3', 'f', 'and yet another crappy little third-party, unofficial expansion', 112);

insert into white_cards (id, text, watermark) values (111400, 'The sweet release of death.', 'crab3');
insert into white_cards (id, text, watermark) values (111401, 'My apparent inability to read a few simple words out loud.', 'crab3');
insert into white_cards (id, text, watermark) values (111402, 'Hookers and blow.', 'crab3');
insert into white_cards (id, text, watermark) values (111403, 'Combing out the dingleberries.', 'crab3');
insert into white_cards (id, text, watermark) values (111404, 'Six pounds of raw, peeled garlic.', 'crab3');
insert into white_cards (id, text, watermark) values (111405, 'A Benedict Cumberbatch RealDoll™.', 'crab3');
insert into white_cards (id, text, watermark) values (111406, 'An unexpected finger in the anus.', 'crab3');
insert into white_cards (id, text, watermark) values (111407, 'Chemtrails.', 'crab3');
insert into white_cards (id, text, watermark) values (111408, 'Using a live squid as a condom.', 'crab3');
insert into white_cards (id, text, watermark) values (111409, 'A literal shaved beaver.', 'crab3');
insert into white_cards (id, text, watermark) values (111410, 'A black fly in your chardonnay.', 'crab3');
insert into white_cards (id, text, watermark) values (111411, 'The sticky icky.', 'crab3');
insert into white_cards (id, text, watermark) values (111412, 'Wuv.', 'crab3');
insert into white_cards (id, text, watermark) values (111413, 'Primo shlick material.', 'crab3');
insert into white_cards (id, text, watermark) values (111414, 'A ball pit filled with testicles.', 'crab3');
insert into white_cards (id, text, watermark) values (111415, 'You know, one of *them* sorts of things.', 'crab3');
insert into white_cards (id, text, watermark) values (111416, 'Juggalos.', 'crab3');
insert into white_cards (id, text, watermark) values (111417, 'Being waterboarded with Wild Turkey® 101.', 'crab3');
insert into white_cards (id, text, watermark) values (111418, 'A song about how great Nebraska is.', 'crab3');
insert into white_cards (id, text, watermark) values (111419, 'A butt-plug in the shape of a rolled-up copy of the U.S. Constitution.', 'crab3');
insert into white_cards (id, text, watermark) values (111420, 'Sriracha.', 'crab3');
insert into white_cards (id, text, watermark) values (111421, 'Realistic expectations.', 'crab3');
insert into white_cards (id, text, watermark) values (111422, 'A fluffy little butt.', 'crab3');
insert into white_cards (id, text, watermark) values (111423, 'A silly old sea captain who'' just *full* of stories.', 'crab3');
insert into white_cards (id, text, watermark) values (111424, 'Neil deGrasse Tyson.', 'crab3');
insert into white_cards (id, text, watermark) values (111425, 'Jennifer Lawrence.', 'crab3');
insert into white_cards (id, text, watermark) values (111426, 'Dennis Rodman, professional diplomat.', 'crab3');
insert into white_cards (id, text, watermark) values (111427, 'Obamacare.', 'crab3');
insert into white_cards (id, text, watermark) values (111428, 'Wangis Kahn, cocklord of the Mongols.', 'crab3');
insert into white_cards (id, text, watermark) values (111429, 'Nazi unicorns.', 'crab3');
insert into white_cards (id, text, watermark) values (111430, 'The sound of one hand fapping.', 'crab3');
insert into white_cards (id, text, watermark) values (111431, 'A stripper named "Anchovy."', 'crab3');
insert into white_cards (id, text, watermark) values (111432, 'A braille vajazzling.', 'crab3');
insert into white_cards (id, text, watermark) values (111433, 'A banana. You know, for scale.', 'crab3');
insert into white_cards (id, text, watermark) values (111434, 'A cage fight with Nicolas Cage.', 'crab3');
insert into white_cards (id, text, watermark) values (111435, 'A whole lot of donuts.', 'crab3');
insert into white_cards (id, text, watermark) values (111436, 'Living among us... Learning our ways. Watching. Waiting.', 'crab3');
insert into white_cards (id, text, watermark) values (111437, 'The crotches of strangers.', 'crab3');
insert into white_cards (id, text, watermark) values (111438, 'Rainbow cumdrops.', 'crab3');
insert into white_cards (id, text, watermark) values (111439, 'Mr. Right Now.', 'crab3');
insert into white_cards (id, text, watermark) values (111440, 'Erotic Star Trek fan fiction where all the characters are furries, like Kirk is an ocelot or something.', 'crab3');
insert into white_cards (id, text, watermark) values (111441, 'Lucky Pierre.', 'crab3');
insert into white_cards (id, text, watermark) values (111442, 'Susan, that bitch.', 'crab3');
insert into white_cards (id, text, watermark) values (111443, 'A donkey show.', 'crab3');
insert into white_cards (id, text, watermark) values (111444, 'A bunch of snot-nosed, know-it-all twentysomethings.', 'crab3');
insert into white_cards (id, text, watermark) values (111445, 'Charles Darwin.', 'crab3');
insert into white_cards (id, text, watermark) values (111446, 'Baby carrots.', 'crab3');
insert into white_cards (id, text, watermark) values (111447, 'Being so far in the closet, you can see Narnia.', 'crab3');
insert into white_cards (id, text, watermark) values (111448, 'Turning it all into a sexy dance.', 'crab3');
insert into white_cards (id, text, watermark) values (111449, 'Chasing waterfalls.', 'crab3');
insert into white_cards (id, text, watermark) values (111450, 'LeBron James'' vast, enveloping hands.', 'crab3');
insert into white_cards (id, text, watermark) values (111451, 'The Irish.', 'crab3');
insert into white_cards (id, text, watermark) values (111452, 'A combination bounce house and fumigation tent.', 'crab3');
insert into white_cards (id, text, watermark) values (111453, 'Making airplane noises.', 'crab3');
insert into white_cards (id, text, watermark) values (111454, 'The express written consent of Major League Baseball.', 'crab3');
insert into white_cards (id, text, watermark) values (111455, 'TWENTY MILLION U.S. DOLLARS.', 'crab3');
insert into white_cards (id, text, watermark) values (111456, 'Crabs Adjust Humidity.', 'crab3');
insert into white_cards (id, text, watermark) values (111457, 'A meat popsicle.', 'crab3');
insert into white_cards (id, text, watermark) values (111458, 'A tongue punch in the ol'' fart box.', 'crab3');
insert into white_cards (id, text, watermark) values (111459, 'Being heteroflexible.', 'crab3');
insert into white_cards (id, text, watermark) values (111460, 'Wiggling.', 'crab3');
insert into white_cards (id, text, watermark) values (111461, 'Lt. Worf''s naturally-ribbed Klingon schlong.', 'crab3');
insert into white_cards (id, text, watermark) values (111462, 'Gettin'' down there and bein'' all like "this shit is nasty, yo. Fuck this, yo."', 'crab3');
insert into white_cards (id, text, watermark) values (111463, 'Robin Thicke.', 'crab3');
insert into white_cards (id, text, watermark) values (111464, 'An erotic novel about the Loch Ness Monster.', 'crab3');
insert into white_cards (id, text, watermark) values (111465, 'Low-hanging fruit.', 'crab3');
insert into white_cards (id, text, watermark) values (111466, 'Korean Jesus.', 'crab3');
insert into white_cards (id, text, watermark) values (111467, 'Double vaginal, double anal.', 'crab3');
insert into white_cards (id, text, watermark) values (111468, 'Some punk-ass little bitch.', 'crab3');
insert into white_cards (id, text, watermark) values (111469, 'Yiffing.', 'crab3');
insert into white_cards (id, text, watermark) values (111470, 'The ol'' reach-around.', 'crab3');
insert into white_cards (id, text, watermark) values (111471, 'An emergency root canal.', 'crab3');
insert into white_cards (id, text, watermark) values (111472, 'The taste of human flesh.', 'crab3');
insert into white_cards (id, text, watermark) values (111473, 'Peanut Butter Jelly Time.', 'crab3');
insert into white_cards (id, text, watermark) values (111474, 'Chloroform.', 'crab3');
insert into white_cards (id, text, watermark) values (111475, 'Getting ganked.', 'crab3');
insert into white_cards (id, text, watermark) values (111476, 'An emperor penguin with *no* sense of shame.', 'crab3');
insert into white_cards (id, text, watermark) values (111477, 'The (tehnically) Virgin Mary.', 'crab3');
insert into white_cards (id, text, watermark) values (111478, 'Scissoring.', 'crab3');
insert into white_cards (id, text, watermark) values (111479, 'The few shreds of tinsel still clinging to my asshole.', 'crab3');

insert into card_set_white_card (card_set_id, white_card_id) values (111400, 111400);
insert into card_set_white_card (card_set_id, white_card_id) values (111400, 111401);
insert into card_set_white_card (card_set_id, white_card_id) values (111400, 111402);
insert into card_set_white_card (card_set_id, white_card_id) values (111400, 111403);
insert into card_set_white_card (card_set_id, white_card_id) values (111400, 111404);
insert into card_set_white_card (card_set_id, white_card_id) values (111400, 111405);
insert into card_set_white_card (card_set_id, white_card_id) values (111400, 111406);
insert into card_set_white_card (card_set_id, white_card_id) values (111400, 111407);
insert into card_set_white_card (card_set_id, white_card_id) values (111400, 111408);
insert into card_set_white_card (card_set_id, white_card_id) values (111400, 111409);
insert into card_set_white_card (card_set_id, white_card_id) values (111400, 111410);
insert into card_set_white_card (card_set_id, white_card_id) values (111400, 111411);
insert into card_set_white_card (card_set_id, white_card_id) values (111400, 111412);
insert into card_set_white_card (card_set_id, white_card_id) values (111400, 111413);
insert into card_set_white_card (card_set_id, white_card_id) values (111400, 111414);
insert into card_set_white_card (card_set_id, white_card_id) values (111400, 111415);
insert into card_set_white_card (card_set_id, white_card_id) values (111400, 111416);
insert into card_set_white_card (card_set_id, white_card_id) values (111400, 111417);
insert into card_set_white_card (card_set_id, white_card_id) values (111400, 111418);
insert into card_set_white_card (card_set_id, white_card_id) values (111400, 111419);
insert into card_set_white_card (card_set_id, white_card_id) values (111400, 111420);
insert into card_set_white_card (card_set_id, white_card_id) values (111400, 111421);
insert into card_set_white_card (card_set_id, white_card_id) values (111400, 111422);
insert into card_set_white_card (card_set_id, white_card_id) values (111400, 111423);
insert into card_set_white_card (card_set_id, white_card_id) values (111400, 111424);
insert into card_set_white_card (card_set_id, white_card_id) values (111400, 111425);
insert into card_set_white_card (card_set_id, white_card_id) values (111400, 111426);
insert into card_set_white_card (card_set_id, white_card_id) values (111400, 111427);
insert into card_set_white_card (card_set_id, white_card_id) values (111400, 111428);
insert into card_set_white_card (card_set_id, white_card_id) values (111400, 111429);
insert into card_set_white_card (card_set_id, white_card_id) values (111400, 111430);
insert into card_set_white_card (card_set_id, white_card_id) values (111400, 111431);
insert into card_set_white_card (card_set_id, white_card_id) values (111400, 111432);
insert into card_set_white_card (card_set_id, white_card_id) values (111400, 111433);
insert into card_set_white_card (card_set_id, white_card_id) values (111400, 111434);
insert into card_set_white_card (card_set_id, white_card_id) values (111400, 111435);
insert into card_set_white_card (card_set_id, white_card_id) values (111400, 111436);
insert into card_set_white_card (card_set_id, white_card_id) values (111400, 111437);
insert into card_set_white_card (card_set_id, white_card_id) values (111400, 111438);
insert into card_set_white_card (card_set_id, white_card_id) values (111400, 111439);
insert into card_set_white_card (card_set_id, white_card_id) values (111400, 111440);
insert into card_set_white_card (card_set_id, white_card_id) values (111400, 111441);
insert into card_set_white_card (card_set_id, white_card_id) values (111400, 111442);
insert into card_set_white_card (card_set_id, white_card_id) values (111400, 111443);
insert into card_set_white_card (card_set_id, white_card_id) values (111400, 111444);
insert into card_set_white_card (card_set_id, white_card_id) values (111400, 111445);
insert into card_set_white_card (card_set_id, white_card_id) values (111400, 111446);
insert into card_set_white_card (card_set_id, white_card_id) values (111400, 111447);
insert into card_set_white_card (card_set_id, white_card_id) values (111400, 111448);
insert into card_set_white_card (card_set_id, white_card_id) values (111400, 111449);
insert into card_set_white_card (card_set_id, white_card_id) values (111400, 111450);
insert into card_set_white_card (card_set_id, white_card_id) values (111400, 111451);
insert into card_set_white_card (card_set_id, white_card_id) values (111400, 111452);
insert into card_set_white_card (card_set_id, white_card_id) values (111400, 111453);
insert into card_set_white_card (card_set_id, white_card_id) values (111400, 111454);
insert into card_set_white_card (card_set_id, white_card_id) values (111400, 111455);
insert into card_set_white_card (card_set_id, white_card_id) values (111400, 111456);
insert into card_set_white_card (card_set_id, white_card_id) values (111400, 111457);
insert into card_set_white_card (card_set_id, white_card_id) values (111400, 111458);
insert into card_set_white_card (card_set_id, white_card_id) values (111400, 111459);
insert into card_set_white_card (card_set_id, white_card_id) values (111400, 111460);
insert into card_set_white_card (card_set_id, white_card_id) values (111400, 111461);
insert into card_set_white_card (card_set_id, white_card_id) values (111400, 111462);
insert into card_set_white_card (card_set_id, white_card_id) values (111400, 111463);
insert into card_set_white_card (card_set_id, white_card_id) values (111400, 111464);
insert into card_set_white_card (card_set_id, white_card_id) values (111400, 111465);
insert into card_set_white_card (card_set_id, white_card_id) values (111400, 111466);
insert into card_set_white_card (card_set_id, white_card_id) values (111400, 111467);
insert into card_set_white_card (card_set_id, white_card_id) values (111400, 111468);
insert into card_set_white_card (card_set_id, white_card_id) values (111400, 111469);
insert into card_set_white_card (card_set_id, white_card_id) values (111400, 111470);
insert into card_set_white_card (card_set_id, white_card_id) values (111400, 111471);
insert into card_set_white_card (card_set_id, white_card_id) values (111400, 111472);
insert into card_set_white_card (card_set_id, white_card_id) values (111400, 111473);
insert into card_set_white_card (card_set_id, white_card_id) values (111400, 111474);
insert into card_set_white_card (card_set_id, white_card_id) values (111400, 111475);
insert into card_set_white_card (card_set_id, white_card_id) values (111400, 111476);
insert into card_set_white_card (card_set_id, white_card_id) values (111400, 111477);
insert into card_set_white_card (card_set_id, white_card_id) values (111400, 111478);
insert into card_set_white_card (card_set_id, white_card_id) values (111400, 111479);

insert into black_cards (id, text, draw, pick, watermark) values (111500,'This film has been rated "NC-17" for graphic depictions of ____ and ____.', 0, 2, 'crab3');
insert into black_cards (id, text, draw, pick, watermark) values (111501,'What''s this town''s best-kept secret?', 0, 1, 'crab3');
insert into black_cards (id, text, draw, pick, watermark) values (111502,'I do declare, in times of distress I have always relied on ____.', 0, 1, 'crab3');
insert into black_cards (id, text, draw, pick, watermark) values (111503,'Good news, everyone! I''m giving a TED Talk on the subject of how ____ will transform ____.', 0, 2, 'crab3');
insert into black_cards (id, text, draw, pick, watermark) values (111504,'I do wish the newspapers hadn''t mentioned ____ in grandpa''s obituary', 0, 1, 'crab3');
insert into black_cards (id, text, draw, pick, watermark) values (111505,'Old Willy used to be just like you or me, before ____ got ahold of him.', 0, 1, 'crab3');
insert into black_cards (id, text, draw, pick, watermark) values (111506,'What made me this way?', 0, 1, 'crab3');
insert into black_cards (id, text, draw, pick, watermark) values (111507,'This bottle of 1961 Château Cheval Blanc has notes of ____ and ____.', 0, 2, 'crab3');
insert into black_cards (id, text, draw, pick, watermark) values (111508,'Who will be first against the wall when the revolution comes?', 0, 1, 'crab3');
insert into black_cards (id, text, draw, pick, watermark) values (111509,'While officially still frowned on, ____ is now permitted in the US armed forces.', 0, 1, 'crab3');
insert into black_cards (id, text, draw, pick, watermark) values (111510,'____: Your ideas are intriguing to me and I wish to subscribe to your newsletter.', 0, 1, 'crab3');
insert into black_cards (id, text, draw, pick, watermark) values (111511,'The night before a blizzard, always stock up on ____ and ____.', 0, 2, 'crab3');
insert into black_cards (id, text, draw, pick, watermark) values (111512,'Utah is considering the legalization of ____.', 0, 1, 'crab3');
insert into black_cards (id, text, draw, pick, watermark) values (111513,'In Valhalla, it is said that all brave warriors are given ____.', 0, 1, 'crab3');
insert into black_cards (id, text, draw, pick, watermark) values (111514,'How did I get through college?', 0, 1, 'crab3');
insert into black_cards (id, text, draw, pick, watermark) values (111515,'Topping this week''s non-fiction best-sellers: "____: the art of living with ____."', 0, 2, 'crab3');
insert into black_cards (id, text, draw, pick, watermark) values (111516,'____: Provided by the management for your protection.', 0, 1, 'crab3');
insert into black_cards (id, text, draw, pick, watermark) values (111517,'I''ve designed a spaceship powered by the energy released when you combine ____ and ____.', 0, 1, 'crab3');
insert into black_cards (id, text, draw, pick, watermark) values (111518,'Before I got laid off, I never pictured a career in ____.', 0, 1, 'crab3');
insert into black_cards (id, text, draw, pick, watermark) values (111519,'What do I have rotting away in a storage unit?', 0, 1, 'crab3');
insert into black_cards (id, text, draw, pick, watermark) values (111520,'Who''s got ____, ____, and two thumbs? This guy!', 0, 2, 'crab3');
insert into black_cards (id, text, draw, pick, watermark) values (111521,'Yes, it is I, the world''s most dangerous supervillain: Baron Von ____!', 0, 1, 'crab3');
insert into black_cards (id, text, draw, pick, watermark) values (111522,'____: I volunteer as tribute!', 0, 1, 'crab3');
insert into black_cards (id, text, draw, pick, watermark) values (111523,'I have this recurring dream where I''m ____, and I''m giving ____ to ____.', 2, 3, 'crab3');
insert into black_cards (id, text, draw, pick, watermark) values (111524,'What will they carve on my tombstone?', 0, 1, 'crab3');
insert into black_cards (id, text, draw, pick, watermark) values (111525,'____: Ain''t nobody got time for that!', 0, 1, 'crab3');
insert into black_cards (id, text, draw, pick, watermark) values (111526,'Who''s *really* to blame?', 0, 1, 'crab3');
insert into black_cards (id, text, draw, pick, watermark) values (111527,'____, just for a second. Just to see how it feels.', 0, 1, 'crab3');
insert into black_cards (id, text, draw, pick, watermark) values (111528,'What *really* gave Superman his powers?', 0, 1, 'crab3');
insert into black_cards (id, text, draw, pick, watermark) values (111529,'How did I spend my inheritance?', 0, 1, 'crab3');
insert into black_cards (id, text, draw, pick, watermark) values (111530,'Rumor is, Kim Jong-un is executing prisoners with ____.', 0, 1, 'crab3');
insert into black_cards (id, text, draw, pick, watermark) values (111531,'What should I be for Halloween?', 0, 1, 'crab3');

insert into card_set_black_card (card_set_id, black_card_id) values (111400, 111500);
insert into card_set_black_card (card_set_id, black_card_id) values (111400, 111501);
insert into card_set_black_card (card_set_id, black_card_id) values (111400, 111502);
insert into card_set_black_card (card_set_id, black_card_id) values (111400, 111503);
insert into card_set_black_card (card_set_id, black_card_id) values (111400, 111504);
insert into card_set_black_card (card_set_id, black_card_id) values (111400, 111505);
insert into card_set_black_card (card_set_id, black_card_id) values (111400, 111506);
insert into card_set_black_card (card_set_id, black_card_id) values (111400, 111507);
insert into card_set_black_card (card_set_id, black_card_id) values (111400, 111508);
insert into card_set_black_card (card_set_id, black_card_id) values (111400, 111509);
insert into card_set_black_card (card_set_id, black_card_id) values (111400, 111510);
insert into card_set_black_card (card_set_id, black_card_id) values (111400, 111511);
insert into card_set_black_card (card_set_id, black_card_id) values (111400, 111512);
insert into card_set_black_card (card_set_id, black_card_id) values (111400, 111513);
insert into card_set_black_card (card_set_id, black_card_id) values (111400, 111514);
insert into card_set_black_card (card_set_id, black_card_id) values (111400, 111515);
insert into card_set_black_card (card_set_id, black_card_id) values (111400, 111516);
insert into card_set_black_card (card_set_id, black_card_id) values (111400, 111517);
insert into card_set_black_card (card_set_id, black_card_id) values (111400, 111518);
insert into card_set_black_card (card_set_id, black_card_id) values (111400, 111519);
insert into card_set_black_card (card_set_id, black_card_id) values (111400, 111520);
insert into card_set_black_card (card_set_id, black_card_id) values (111400, 111521);
insert into card_set_black_card (card_set_id, black_card_id) values (111400, 111522);
insert into card_set_black_card (card_set_id, black_card_id) values (111400, 111523);
insert into card_set_black_card (card_set_id, black_card_id) values (111400, 111524);
insert into card_set_black_card (card_set_id, black_card_id) values (111400, 111525);
insert into card_set_black_card (card_set_id, black_card_id) values (111400, 111526);
insert into card_set_black_card (card_set_id, black_card_id) values (111400, 111527);
insert into card_set_black_card (card_set_id, black_card_id) values (111400, 111528);
insert into card_set_black_card (card_set_id, black_card_id) values (111400, 111529);
insert into card_set_black_card (card_set_id, black_card_id) values (111400, 111530);
insert into card_set_black_card (card_set_id, black_card_id) values (111400, 111531);


COMMIT;
