BEGIN;

delete from card_set_white_card where card_set_id = 111200;
delete from card_set_black_card where card_set_id = 111200;
delete from white_cards where id >= 111200 and id <= 111279;
delete from black_cards where id >= 111300 and id <= 111331;
delete from card_set where id=111200;

insert into card_set (id, active, name, base_deck, description, weight) values (111200, 't', 'Crabs Adjust Humidity Volume 5', 'f', 'yet again, another crappy little third-party, unofficial expansion', 112);

insert into white_cards (id, text, watermark) values (111200, 'Sitting alone in the dark, listening to Drake.', 'crab5');
insert into white_cards (id, text, watermark) values (111201, 'One more fucking word.', 'crab5');
insert into white_cards (id, text, watermark) values (111202, 'This motherfucker right here.', 'crab5');
insert into white_cards (id, text, watermark) values (111203, 'The difference between "good touch" and "bad touch."', 'crab5');
insert into white_cards (id, text, watermark) values (111204, 'A shallow grave.', 'crab5');
insert into white_cards (id, text, watermark) values (111205, 'Being judged not by the color of your skin, but by the content of your character.', 'crab5');
insert into white_cards (id, text, watermark) values (111206, 'Bill Cosby''s chocolate pudding pop.', 'crab5');
insert into white_cards (id, text, watermark) values (111207, 'Type 2 diabetes.', 'crab5');
insert into white_cards (id, text, watermark) values (111208, 'Quietly ovulating.', 'crab5');
insert into white_cards (id, text, watermark) values (111209, 'The Yellow Dick Road.', 'crab5');
insert into white_cards (id, text, watermark) values (111210, 'Poking it with a stick.', 'crab5');
insert into white_cards (id, text, watermark) values (111211, 'A girl-child.', 'crab5');
insert into white_cards (id, text, watermark) values (111212, 'Shub-Niggurath, The Black Goat of the Woods with a Thousand Young.', 'crab5');
insert into white_cards (id, text, watermark) values (111213, 'Being catfished.', 'crab5');
insert into white_cards (id, text, watermark) values (111214, 'The wet spot.', 'crab5');
insert into white_cards (id, text, watermark) values (111215, 'Nutella®.', 'crab5');
insert into white_cards (id, text, watermark) values (111216, 'You Know Who.', 'crab5');
insert into white_cards (id, text, watermark) values (111217, 'A meat tornado.', 'crab5');
insert into white_cards (id, text, watermark) values (111218, 'Doggy-style with a real doggy.', 'crab5');
insert into white_cards (id, text, watermark) values (111219, 'Spelunking.', 'crab5');
insert into white_cards (id, text, watermark) values (111220, 'Iggy Azalea.', 'crab5');
insert into white_cards (id, text, watermark) values (111221, 'An asshole that tastes like vanilla ice cream.', 'crab5');
insert into white_cards (id, text, watermark) values (111222, 'Doing the waffle stomp.', 'crab5');
insert into white_cards (id, text, watermark) values (111223, 'Hillary Clinton''s triumphant patriotic cock.', 'crab5');
insert into white_cards (id, text, watermark) values (111224, 'The sound of a toddler''s skull cracking against the pavement.', 'crab5');
insert into white_cards (id, text, watermark) values (111225, 'These strange human urges.', 'crab5');
insert into white_cards (id, text, watermark) values (111226, 'An Amber Alert.', 'crab5');
insert into white_cards (id, text, watermark) values (111227, 'A bag of pickled socks.', 'crab5');
insert into white_cards (id, text, watermark) values (111228, 'The muffled cries of an Asian baby girl.', 'crab5');
insert into white_cards (id, text, watermark) values (111229, 'Diamond-studded tampons.', 'crab5');
insert into white_cards (id, text, watermark) values (111230, 'Tinder™.', 'crab5');
insert into white_cards (id, text, watermark) values (111231, 'Crushing your enemies, seeing them driven before you, and hearing the lamentations of their women.', 'crab5');
insert into white_cards (id, text, watermark) values (111232, 'A *nice* boy who never did *anyone* any harm.', 'crab5');
insert into white_cards (id, text, watermark) values (111233, 'Dickbutt. https://i.imgur.com/V8EiysO.png', 'crab5');
insert into white_cards (id, text, watermark) values (111234, 'It.', 'crab5');
insert into white_cards (id, text, watermark) values (111235, 'Shenaningans.', 'crab5');
insert into white_cards (id, text, watermark) values (111236, 'A lemon-stealing whore.', 'crab5');
insert into white_cards (id, text, watermark) values (111237, 'Your bourgeois morality.', 'crab5');
insert into white_cards (id, text, watermark) values (111238, 'The third trimester.', 'crab5');
insert into white_cards (id, text, watermark) values (111239, 'A bag of doorknobs.', 'crab5');
insert into white_cards (id, text, watermark) values (111240, 'Santorum, everywhere.', 'crab5');
insert into white_cards (id, text, watermark) values (111241, 'Kinky fuckery.', 'crab5');
insert into white_cards (id, text, watermark) values (111242, 'A bucket of dicks.', 'crab5');
insert into white_cards (id, text, watermark) values (111243, 'Shit-filled raviolis.', 'crab5');
insert into white_cards (id, text, watermark) values (111244, 'A sternly-worded letter.', 'crab5');
insert into white_cards (id, text, watermark) values (111245, 'A soggy biscuit.', 'crab5');
insert into white_cards (id, text, watermark) values (111246, 'Brojobs.', 'crab5');
insert into white_cards (id, text, watermark) values (111247, 'Going potty.', 'crab5');
insert into white_cards (id, text, watermark) values (111248, 'The poophole loophole.', 'crab5');
insert into white_cards (id, text, watermark) values (111249, 'A turbo-encabulator, compelte with pre-famulated amulite surmounted by a malleable logarithmic casing.', 'crab5');
insert into white_cards (id, text, watermark) values (111250, 'Wink wink, nudge nudge!', 'crab5');
insert into white_cards (id, text, watermark) values (111251, 'Alzheimer''s.', 'crab5');
insert into white_cards (id, text, watermark) values (111252, 'ALLAH HU AKBAR!', 'crab5');
insert into white_cards (id, text, watermark) values (111253, 'A bag of dicks.', 'crab5');
insert into white_cards (id, text, watermark) values (111254, 'Being a size queen.', 'crab5');
insert into white_cards (id, text, watermark) values (111255, 'Skanky Smurf.', 'crab5');
insert into white_cards (id, text, watermark) values (111256, 'A whole baby.', 'crab5');
insert into white_cards (id, text, watermark) values (111257, 'Sharia law.', 'crab5');
insert into white_cards (id, text, watermark) values (111258, 'Irony.', 'crab5');
insert into white_cards (id, text, watermark) values (111259, 'Only traveling by rickshaw.', 'crab5');
insert into white_cards (id, text, watermark) values (111260, 'Booklearnin''.', 'crab5');
insert into white_cards (id, text, watermark) values (111261, 'A pattern of defensive wounds.', 'crab5');
insert into white_cards (id, text, watermark) values (111262, 'A few sharp tugs.', 'crab5');
insert into white_cards (id, text, watermark) values (111263, 'Hot singles in your area.', 'crab5');
insert into white_cards (id, text, watermark) values (111264, 'Me Lucky Charms®!', 'crab5');
insert into white_cards (id, text, watermark) values (111265, 'Dick nipples.', 'crab5');
insert into white_cards (id, text, watermark) values (111266, 'Stank dick.', 'crab5');
insert into white_cards (id, text, watermark) values (111267, 'MORTAL KOMBAT™.', 'crab5');
insert into white_cards (id, text, watermark) values (111268, 'The Cockpocalypse.', 'crab5');
insert into white_cards (id, text, watermark) values (111269, 'Crotchfruit.', 'crab5');
insert into white_cards (id, text, watermark) values (111270, 'Area 69.', 'crab5');
insert into white_cards (id, text, watermark) values (111271, 'Battle-tested period panties.', 'crab5');
insert into white_cards (id, text, watermark) values (111272, 'A racist toddler.', 'crab5');
insert into white_cards (id, text, watermark) values (111273, 'Freedom.', 'crab5');
insert into white_cards (id, text, watermark) values (111274, 'The scientific method.', 'crab5');
insert into white_cards (id, text, watermark) values (111275, 'A tablespoon of thick, custardy puss.', 'crab5');
insert into white_cards (id, text, watermark) values (111276, 'A special snowflake.', 'crab5');
insert into white_cards (id, text, watermark) values (111277, 'Sugar and spice and everything nice.', 'crab5');
insert into white_cards (id, text, watermark) values (111278, 'A miscarriage.', 'crab5');
insert into white_cards (id, text, watermark) values (111279, 'Getting White Girl Wasted.', 'crab5');

insert into card_set_white_card (card_set_id, white_card_id) values (111200, 111200);
insert into card_set_white_card (card_set_id, white_card_id) values (111200, 111201);
insert into card_set_white_card (card_set_id, white_card_id) values (111200, 111202);
insert into card_set_white_card (card_set_id, white_card_id) values (111200, 111203);
insert into card_set_white_card (card_set_id, white_card_id) values (111200, 111204);
insert into card_set_white_card (card_set_id, white_card_id) values (111200, 111205);
insert into card_set_white_card (card_set_id, white_card_id) values (111200, 111206);
insert into card_set_white_card (card_set_id, white_card_id) values (111200, 111207);
insert into card_set_white_card (card_set_id, white_card_id) values (111200, 111208);
insert into card_set_white_card (card_set_id, white_card_id) values (111200, 111209);
insert into card_set_white_card (card_set_id, white_card_id) values (111200, 111210);
insert into card_set_white_card (card_set_id, white_card_id) values (111200, 111211);
insert into card_set_white_card (card_set_id, white_card_id) values (111200, 111212);
insert into card_set_white_card (card_set_id, white_card_id) values (111200, 111213);
insert into card_set_white_card (card_set_id, white_card_id) values (111200, 111214);
insert into card_set_white_card (card_set_id, white_card_id) values (111200, 111215);
insert into card_set_white_card (card_set_id, white_card_id) values (111200, 111216);
insert into card_set_white_card (card_set_id, white_card_id) values (111200, 111217);
insert into card_set_white_card (card_set_id, white_card_id) values (111200, 111218);
insert into card_set_white_card (card_set_id, white_card_id) values (111200, 111219);
insert into card_set_white_card (card_set_id, white_card_id) values (111200, 111220);
insert into card_set_white_card (card_set_id, white_card_id) values (111200, 111221);
insert into card_set_white_card (card_set_id, white_card_id) values (111200, 111222);
insert into card_set_white_card (card_set_id, white_card_id) values (111200, 111223);
insert into card_set_white_card (card_set_id, white_card_id) values (111200, 111224);
insert into card_set_white_card (card_set_id, white_card_id) values (111200, 111225);
insert into card_set_white_card (card_set_id, white_card_id) values (111200, 111226);
insert into card_set_white_card (card_set_id, white_card_id) values (111200, 111227);
insert into card_set_white_card (card_set_id, white_card_id) values (111200, 111228);
insert into card_set_white_card (card_set_id, white_card_id) values (111200, 111229);
insert into card_set_white_card (card_set_id, white_card_id) values (111200, 111230);
insert into card_set_white_card (card_set_id, white_card_id) values (111200, 111231);
insert into card_set_white_card (card_set_id, white_card_id) values (111200, 111232);
insert into card_set_white_card (card_set_id, white_card_id) values (111200, 111233);
insert into card_set_white_card (card_set_id, white_card_id) values (111200, 111234);
insert into card_set_white_card (card_set_id, white_card_id) values (111200, 111235);
insert into card_set_white_card (card_set_id, white_card_id) values (111200, 111236);
insert into card_set_white_card (card_set_id, white_card_id) values (111200, 111237);
insert into card_set_white_card (card_set_id, white_card_id) values (111200, 111238);
insert into card_set_white_card (card_set_id, white_card_id) values (111200, 111239);
insert into card_set_white_card (card_set_id, white_card_id) values (111200, 111240);
insert into card_set_white_card (card_set_id, white_card_id) values (111200, 111241);
insert into card_set_white_card (card_set_id, white_card_id) values (111200, 111242);
insert into card_set_white_card (card_set_id, white_card_id) values (111200, 111243);
insert into card_set_white_card (card_set_id, white_card_id) values (111200, 111244);
insert into card_set_white_card (card_set_id, white_card_id) values (111200, 111245);
insert into card_set_white_card (card_set_id, white_card_id) values (111200, 111246);
insert into card_set_white_card (card_set_id, white_card_id) values (111200, 111247);
insert into card_set_white_card (card_set_id, white_card_id) values (111200, 111248);
insert into card_set_white_card (card_set_id, white_card_id) values (111200, 111249);
insert into card_set_white_card (card_set_id, white_card_id) values (111200, 111250);
insert into card_set_white_card (card_set_id, white_card_id) values (111200, 111251);
insert into card_set_white_card (card_set_id, white_card_id) values (111200, 111252);
insert into card_set_white_card (card_set_id, white_card_id) values (111200, 111253);
insert into card_set_white_card (card_set_id, white_card_id) values (111200, 111254);
insert into card_set_white_card (card_set_id, white_card_id) values (111200, 111255);
insert into card_set_white_card (card_set_id, white_card_id) values (111200, 111256);
insert into card_set_white_card (card_set_id, white_card_id) values (111200, 111257);
insert into card_set_white_card (card_set_id, white_card_id) values (111200, 111258);
insert into card_set_white_card (card_set_id, white_card_id) values (111200, 111259);
insert into card_set_white_card (card_set_id, white_card_id) values (111200, 111260);
insert into card_set_white_card (card_set_id, white_card_id) values (111200, 111261);
insert into card_set_white_card (card_set_id, white_card_id) values (111200, 111262);
insert into card_set_white_card (card_set_id, white_card_id) values (111200, 111263);
insert into card_set_white_card (card_set_id, white_card_id) values (111200, 111264);
insert into card_set_white_card (card_set_id, white_card_id) values (111200, 111265);
insert into card_set_white_card (card_set_id, white_card_id) values (111200, 111266);
insert into card_set_white_card (card_set_id, white_card_id) values (111200, 111267);
insert into card_set_white_card (card_set_id, white_card_id) values (111200, 111268);
insert into card_set_white_card (card_set_id, white_card_id) values (111200, 111269);
insert into card_set_white_card (card_set_id, white_card_id) values (111200, 111270);
insert into card_set_white_card (card_set_id, white_card_id) values (111200, 111271);
insert into card_set_white_card (card_set_id, white_card_id) values (111200, 111272);
insert into card_set_white_card (card_set_id, white_card_id) values (111200, 111273);
insert into card_set_white_card (card_set_id, white_card_id) values (111200, 111274);
insert into card_set_white_card (card_set_id, white_card_id) values (111200, 111275);
insert into card_set_white_card (card_set_id, white_card_id) values (111200, 111276);
insert into card_set_white_card (card_set_id, white_card_id) values (111200, 111277);
insert into card_set_white_card (card_set_id, white_card_id) values (111200, 111278);
insert into card_set_white_card (card_set_id, white_card_id) values (111200, 111279);

insert into black_cards (id, text, draw, pick, watermark) values (111300, 'Next on Adult Swim™: *The Adventures of* ____ *and* ____.', 0, 2, 'crab5');
insert into black_cards (id, text, draw, pick, watermark) values (111301, 'As a staunch libertarian, I believe the only role for government is ____.', 0, 1, 'crab5');
insert into black_cards (id, text, draw, pick, watermark) values (111302, 'Baby I''m ____ on the streets, ____ in the sheets.', 0, 2, 'crab5');
insert into black_cards (id, text, draw, pick, watermark) values (111303, 'Forget *Fifty Shades of Grey*...'||chr(10)||'Give me *Fifty Shades of* ____!', 0, 1, 'crab5');
insert into black_cards (id, text, draw, pick, watermark) values (111304, '____ is many things to many people, as you will see an learn.', 0, 1, 'crab5');
insert into black_cards (id, text, draw, pick, watermark) values (111305, 'When I was young, the only thing that kept me off the streets was ____.', 0, 1, 'crab5');
insert into black_cards (id, text, draw, pick, watermark) values (111306, 'Why do I need feminism?', 0, 1, 'crab5');
insert into black_cards (id, text, draw, pick, watermark) values (111307, 'What would *you* do for a Klondike® Bar?', 0, 1, 'crab5');
insert into black_cards (id, text, draw, pick, watermark) values (111308, 'I''m finally writing that book, it''s titled "*Zen and the Art of* ____."', 0, 1, 'crab5');
insert into black_cards (id, text, draw, pick, watermark) values (111309, 'I''m constantly confusing ____ and ____.', 0, 2, 'crab5');
insert into black_cards (id, text, draw, pick, watermark) values (111310, 'Turn down for what?', 0, 1, 'crab5');
insert into black_cards (id, text, draw, pick, watermark) values (111311, '____: Evidence that *this* is the darkest timeline.', 0, 1, 'crab5');
insert into black_cards (id, text, draw, pick, watermark) values (111312, 'My therapist says I have an unhealthy attitude about ____.', 0, 1, 'crab5');
insert into black_cards (id, text, draw, pick, watermark) values (111313, 'Whatever else may change, one thing is certain: you can'' unfuck ____.', 0, 1, 'crab5');
insert into black_cards (id, text, draw, pick, watermark) values (111314, 'Let it go!'||chr(10)||'Let it go!'||chr(10)||'____ never bothered me anyway....', 0, 1, 'crab5');
insert into black_cards (id, text, draw, pick, watermark) values (111315, '"____ Spice" was one of the lesser-known Spice Girls.', 0, 1, 'crab5');
insert into black_cards (id, text, draw, pick, watermark) values (111316, 'What really brings out the child in me?', 0, 1, 'crab5');
insert into black_cards (id, text, draw, pick, watermark) values (111317, '____: Wake up sheeple!', 0, 1, 'crab5');
insert into black_cards (id, text, draw, pick, watermark) values (111318, '____: My body is ready.', 0, 1, 'crab5');
insert into black_cards (id, text, draw, pick, watermark) values (111319, 'Instructions unclear: dick stuck in ____.', 0, 1, 'crab5');
insert into black_cards (id, text, draw, pick, watermark) values (111320, 'Code Three, request backup!'||chr(10)||'I''m surrounded by ____!', 0, 1, 'crab5');
insert into black_cards (id, text, draw, pick, watermark) values (111321, 'Ya bro, you tried ____?'||chr(10)||'Shit''s straight fire.', 0, 1, 'crab5');
insert into black_cards (id, text, draw, pick, watermark) values (111322, '____: It even makes its own gravy!', 0, 1, 'crab5');
insert into black_cards (id, text, draw, pick, watermark) values (111323, 'Thank you Alex, I''ll take ____ for 800.', 0, 1, 'crab5');
insert into black_cards (id, text, draw, pick, watermark) values (111324, 'Could a brother get ____ up in this bitch?', 0, 1, 'crab5');
insert into black_cards (id, text, draw, pick, watermark) values (111325, 'I never karaoke, because I always end up getting drunk and singing a song about ____.', 0, 1, 'crab5');
insert into black_cards (id, text, draw, pick, watermark) values (111326, 'Why is Jon Stewart *really* retiring?', 0, 1, 'crab5');
insert into black_cards (id, text, draw, pick, watermark) values (111327, 'And behold, the fifth seal opened, and there was ____ and with it came ____.', 0, 2, 'crab5');
insert into black_cards (id, text, draw, pick, watermark) values (111328, 'It''s all about ____ - no ____.', 0, 2, 'crab5');
insert into black_cards (id, text, draw, pick, watermark) values (111329, 'Why so salty?', 0, 1, 'crab5');
insert into black_cards (id, text, draw, pick, watermark) values (111330, 'You kids with your fancy degrees...'||chr(10)||'They don''t teach ya'' nothin'' ''bout ____ in school.', 0, 1, 'crab5');
insert into black_cards (id, text, draw, pick, watermark) values (111331, '____: The struggle is real.', 0, 1, 'crab5');

insert into card_set_black_card (card_set_id, black_card_id) values (111200, 111300);
insert into card_set_black_card (card_set_id, black_card_id) values (111200, 111301);
insert into card_set_black_card (card_set_id, black_card_id) values (111200, 111302);
insert into card_set_black_card (card_set_id, black_card_id) values (111200, 111303);
insert into card_set_black_card (card_set_id, black_card_id) values (111200, 111304);
insert into card_set_black_card (card_set_id, black_card_id) values (111200, 111305);
insert into card_set_black_card (card_set_id, black_card_id) values (111200, 111306);
insert into card_set_black_card (card_set_id, black_card_id) values (111200, 111307);
insert into card_set_black_card (card_set_id, black_card_id) values (111200, 111308);
insert into card_set_black_card (card_set_id, black_card_id) values (111200, 111309);
insert into card_set_black_card (card_set_id, black_card_id) values (111200, 111310);
insert into card_set_black_card (card_set_id, black_card_id) values (111200, 111311);
insert into card_set_black_card (card_set_id, black_card_id) values (111200, 111312);
insert into card_set_black_card (card_set_id, black_card_id) values (111200, 111313);
insert into card_set_black_card (card_set_id, black_card_id) values (111200, 111314);
insert into card_set_black_card (card_set_id, black_card_id) values (111200, 111315);
insert into card_set_black_card (card_set_id, black_card_id) values (111200, 111316);
insert into card_set_black_card (card_set_id, black_card_id) values (111200, 111317);
insert into card_set_black_card (card_set_id, black_card_id) values (111200, 111318);
insert into card_set_black_card (card_set_id, black_card_id) values (111200, 111319);
insert into card_set_black_card (card_set_id, black_card_id) values (111200, 111320);
insert into card_set_black_card (card_set_id, black_card_id) values (111200, 111321);
insert into card_set_black_card (card_set_id, black_card_id) values (111200, 111322);
insert into card_set_black_card (card_set_id, black_card_id) values (111200, 111323);
insert into card_set_black_card (card_set_id, black_card_id) values (111200, 111324);
insert into card_set_black_card (card_set_id, black_card_id) values (111200, 111325);
insert into card_set_black_card (card_set_id, black_card_id) values (111200, 111326);
insert into card_set_black_card (card_set_id, black_card_id) values (111200, 111327);
insert into card_set_black_card (card_set_id, black_card_id) values (111200, 111328);
insert into card_set_black_card (card_set_id, black_card_id) values (111200, 111329);
insert into card_set_black_card (card_set_id, black_card_id) values (111200, 111330);
insert into card_set_black_card (card_set_id, black_card_id) values (111200, 111331);

COMMIT;
