BEGIN;

delete from card_set_white_card where card_set_id = 145000;
delete from card_set_black_card where card_set_id = 145000;
delete from white_cards where id >= 145000 and id <= 145999;
delete from black_cards where id >= 145000 and id <= 145999;
delete from card_set where id=145000;

insert into card_set (id, active, name, base_deck, description, weight) values (145000, 't', 'Cultural Wars Pack', 'f', 'Every corner of American media is making huge profits fanning the flames of outrage', 999);

insert into white_cards (id, text, watermark) values (145000, 'Abstinence-only sex education.', 'cultr');
insert into card_set_white_card (card_set_id, white_card_id) values (145000, 145000);
insert into white_cards (id, text, watermark) values (145001, 'Arguing about whether gay cops get to march in Pride.', 'cultr');
insert into card_set_white_card (card_set_id, white_card_id) values (145000, 145001);
insert into white_cards (id, text, watermark) values (145002, 'Calling Grandma a "fascist bimbo."', 'cultr');
insert into card_set_white_card (card_set_id, white_card_id) values (145000, 145002);
insert into white_cards (id, text, watermark) values (145003, 'Christopher Columbus.', 'cultr');
insert into card_set_white_card (card_set_id, white_card_id) values (145000, 145003);
insert into white_cards (id, text, watermark) values (145004, 'Dead cops.', 'cultr');
insert into card_set_white_card (card_set_id, white_card_id) values (145000, 145004);
insert into white_cards (id, text, watermark) values (145005, 'Expressing offensive views behind closed doors with longtime friends.', 'cultr');
insert into card_set_white_card (card_set_id, white_card_id) values (145000, 145005);
insert into white_cards (id, text, watermark) values (145006, 'Gender-affirming surgery.', 'cultr');
insert into card_set_white_card (card_set_id, white_card_id) values (145000, 145006);
insert into white_cards (id, text, watermark) values (145007, 'Getting mad at someone for not getting mad enough about what I''m mad about.', 'cultr');
insert into card_set_white_card (card_set_id, white_card_id) values (145000, 145007);
insert into white_cards (id, text, watermark) values (145008, 'Googling "how to do an at-home abortion."', 'cultr');
insert into card_set_white_card (card_set_id, white_card_id) values (145000, 145008);
insert into white_cards (id, text, watermark) values (145009, 'Grooming minors.', 'cultr');
insert into card_set_white_card (card_set_id, white_card_id) values (145000, 145009);
insert into white_cards (id, text, watermark) values (145010, 'Hunter Biden''s cock.', 'cultr');
insert into card_set_white_card (card_set_id, white_card_id) values (145000, 145010);
insert into white_cards (id, text, watermark) values (145011, 'January 6th, 2021.', 'cultr');
insert into card_set_white_card (card_set_id, white_card_id) values (145000, 145011);
insert into white_cards (id, text, watermark) values (145012, 'Making it about race.', 'cultr');
insert into card_set_white_card (card_set_id, white_card_id) values (145000, 145012);
insert into white_cards (id, text, watermark) values (145013, 'Marjorie Taylor Greene.', 'cultr');
insert into card_set_white_card (card_set_id, white_card_id) values (145000, 145013);
insert into white_cards (id, text, watermark) values (145014, 'My constitutional right to carry a concealed submachine gun into Chipotle.', 'cultr');
insert into card_set_white_card (card_set_id, white_card_id) values (145000, 145014);
insert into white_cards (id, text, watermark) values (145015, 'Nazis being a thing again.', 'cultr');
insert into card_set_white_card (card_set_id, white_card_id) values (145000, 145015);
insert into white_cards (id, text, watermark) values (145016, 'Pedophile Island.', 'cultr');
insert into card_set_white_card (card_set_id, white_card_id) values (145000, 145016);
insert into white_cards (id, text, watermark) values (145017, 'Pretending to be a Native American.', 'cultr');
insert into card_set_white_card (card_set_id, white_card_id) values (145000, 145017);
insert into white_cards (id, text, watermark) values (145018, 'Privilege.', 'cultr');
insert into card_set_white_card (card_set_id, white_card_id) values (145000, 145018);
insert into white_cards (id, text, watermark) values (145019, 'Scanning a QR code to learn more about how Home Depot is celebrating LGBTQ voices.', 'cultr');
insert into card_set_white_card (card_set_id, white_card_id) values (145000, 145019);
insert into white_cards (id, text, watermark) values (145020, 'Shameless hypocrisy.', 'cultr');
insert into card_set_white_card (card_set_id, white_card_id) values (145000, 145020);
insert into white_cards (id, text, watermark) values (145021, 'Stuffing Tucker Carlson in the microwave and pressing "potato."', 'cultr');
insert into card_set_white_card (card_set_id, white_card_id) values (145000, 145021);
insert into white_cards (id, text, watermark) values (145022, 'Tattooing my balls blue and yellow in solidarity with Ukraine.', 'cultr');
insert into card_set_white_card (card_set_id, white_card_id) values (145000, 145022);
insert into white_cards (id, text, watermark) values (145023, 'The Wuhan Institute of Virology.', 'cultr');
insert into card_set_white_card (card_set_id, white_card_id) values (145000, 145023);
insert into white_cards (id, text, watermark) values (145024, 'Today''s mass shooting.', 'cultr');
insert into card_set_white_card (card_set_id, white_card_id) values (145000, 145024);
insert into white_cards (id, text, watermark) values (145025, 'Using the word "Latinx."', 'cultr');
insert into card_set_white_card (card_set_id, white_card_id) values (145000, 145025);
insert into white_cards (id, text, watermark) values (145026, 'Using they/them pronouns.', 'cultr');
insert into card_set_white_card (card_set_id, white_card_id) values (145000, 145026);

insert into black_cards (id, text, draw, pick, watermark) values (145000, 'BREAKING NEWS: HUNTER BIDEN ____!', '0', '1', 'cultr');
insert into card_set_black_card (card_set_id, black_card_id) values (145000, 145000);
insert into black_cards (id, text, draw, pick, watermark) values (145001, 'If the RADICAL LEFT gets their way, they''ll cancel ____!', '0', '1', 'cultr');
insert into card_set_black_card (card_set_id, black_card_id) values (145000, 145001);
insert into black_cards (id, text, draw, pick, watermark) values (145002, 'Stop trying to blame this on guns. Mass shootings are really caused by ____!', '0', '1', 'cultr');
insert into card_set_black_card (card_set_id, black_card_id) values (145000, 145002);

COMMIT;
