BEGIN;

delete from card_set_white_card where card_set_id = 155000;
delete from card_set_black_card where card_set_id = 155000;
delete from white_cards where id >= 155000 and id <= 155999;
delete from black_cards where id >= 155000 and id <= 155999;
delete from card_set where id=155000;

insert into card_set (id, active, name, base_deck, description, weight) values (155000, 't', 'Dad Pack', 'f', 'The Dad Pack comes in a DVD case with 9 cover variations with the same 30 cards in each pack', 999);

insert into white_cards (id, text, watermark) values (155000, 'A positive male role model.', 'dad');
insert into card_set_white_card (card_set_id, white_card_id) values (155000, 155000);
insert into white_cards (id, text, watermark) values (155001, 'Coaching the 7th grade girls basketball team.', 'dad');
insert into card_set_white_card (card_set_id, white_card_id) values (155000, 155001);
insert into white_cards (id, text, watermark) values (155002, 'Dad coming home drunk.', 'dad');
insert into card_set_white_card (card_set_id, white_card_id) values (155000, 155002);
insert into white_cards (id, text, watermark) values (155003, 'Dad''s big sex night.', 'dad');
insert into card_set_white_card (card_set_id, white_card_id) values (155000, 155003);
insert into white_cards (id, text, watermark) values (155004, 'Dad''s famous chili.', 'dad');
insert into card_set_white_card (card_set_id, white_card_id) values (155000, 155004);
insert into white_cards (id, text, watermark) values (155005, 'Divorce.', 'dad');
insert into card_set_white_card (card_set_id, white_card_id) values (155000, 155005);
insert into white_cards (id, text, watermark) values (155006, 'Dolby® Digital Surround Sound.', 'dad');
insert into card_set_white_card (card_set_id, white_card_id) values (155000, 155006);
insert into white_cards (id, text, watermark) values (155007, 'Emotional unavailability.', 'dad');
insert into card_set_white_card (card_set_id, white_card_id) values (155000, 155007);
insert into white_cards (id, text, watermark) values (155008, 'Finding a place to sit down.', 'dad');
insert into card_set_white_card (card_set_id, white_card_id) values (155000, 155008);
insert into white_cards (id, text, watermark) values (155009, 'Flirting with the ladies at the bank.', 'dad');
insert into card_set_white_card (card_set_id, white_card_id) values (155000, 155009);
insert into white_cards (id, text, watermark) values (155010, 'Forty-two years of repressed homosexuality.', 'dad');
insert into card_set_white_card (card_set_id, white_card_id) values (155000, 155010);
insert into white_cards (id, text, watermark) values (155011, 'Going bald.', 'dad');
insert into card_set_white_card (card_set_id, white_card_id) values (155000, 155011);
insert into white_cards (id, text, watermark) values (155012, 'Having a bunch of kids by accident.', 'dad');
insert into card_set_white_card (card_set_id, white_card_id) values (155000, 155012);
insert into white_cards (id, text, watermark) values (155013, 'Having a heart attack.', 'dad');
insert into card_set_white_card (card_set_id, white_card_id) values (155000, 155013);
insert into white_cards (id, text, watermark) values (155014, 'Kidnapping Liam Neeson''s daughter.', 'dad');
insert into card_set_white_card (card_set_id, white_card_id) values (155000, 155014);
insert into white_cards (id, text, watermark) values (155015, 'Low sperm motility.', 'dad');
insert into card_set_white_card (card_set_id, white_card_id) values (155000, 155015);
insert into white_cards (id, text, watermark) values (155016, 'Making the printer work.', 'dad');
insert into card_set_white_card (card_set_id, white_card_id) values (155000, 155016);
insert into white_cards (id, text, watermark) values (155017, 'Mulch.', 'dad');
insert into card_set_white_card (card_set_id, white_card_id) values (155000, 155017);
insert into white_cards (id, text, watermark) values (155018, 'My tired husband''s soft penis.', 'dad');
insert into card_set_white_card (card_set_id, white_card_id) values (155000, 155018);
insert into white_cards (id, text, watermark) values (155019, 'Puns.', 'dad');
insert into card_set_white_card (card_set_id, white_card_id) values (155000, 155019);
insert into white_cards (id, text, watermark) values (155020, 'Sitting on the toilet for 45 minutes.', 'dad');
insert into card_set_white_card (card_set_id, white_card_id) values (155000, 155020);
insert into white_cards (id, text, watermark) values (155021, 'Standing in the middle of the living room holding two remote controls.', 'dad');
insert into card_set_white_card (card_set_id, white_card_id) values (155000, 155021);
insert into white_cards (id, text, watermark) values (155022, 'Stealing a child''s nose and keeping it forever.', 'dad');
insert into card_set_white_card (card_set_id, white_card_id) values (155000, 155022);
insert into white_cards (id, text, watermark) values (155023, 'The nipples of a man.', 'dad');
insert into card_set_white_card (card_set_id, white_card_id) values (155000, 155023);
insert into white_cards (id, text, watermark) values (155024, 'The son of a bitch who knocked up my daughter.', 'dad');
insert into card_set_white_card (card_set_id, white_card_id) values (155000, 155024);
insert into white_cards (id, text, watermark) values (155025, 'Tripping on an object and becoming angry.', 'dad');
insert into card_set_white_card (card_set_id, white_card_id) values (155000, 155025);
insert into white_cards (id, text, watermark) values (155026, 'What Dad has to say about Muslims.', 'dad');
insert into card_set_white_card (card_set_id, white_card_id) values (155000, 155026);

insert into black_cards (id, text, draw, pick, watermark) values (155000, '"Coming up on Turner Classic Movies: Sean Connery and Alec Baldwin star in ""The Hunt for ____."""', '0', '1', 'dad');
insert into card_set_black_card (card_set_id, black_card_id) values (155000, 155000);
insert into black_cards (id, text, draw, pick, watermark) values (155001, '"FW: re: FBI WARNING!!! VIOLENT GANGS USING ____ TO RECRUIT CHILDREN!"', '0', '1', 'dad');
insert into card_set_black_card (card_set_id, black_card_id) values (155000, 155001);
insert into black_cards (id, text, draw, pick, watermark) values (155002, '"Hey, kids. I''m Connor''s dad, but you can call me Mr. ____."', '0', '1', 'dad');
insert into card_set_black_card (card_set_id, black_card_id) values (155000, 155002);
insert into black_cards (id, text, draw, pick, watermark) values (155003, 'So apparently Dad was searching Pornhub for "hot milf ____."', '0', '1', 'dad');
insert into card_set_black_card (card_set_id, black_card_id) values (155000, 155003);
insert into black_cards (id, text, draw, pick, watermark) values (155004, 'Whaddya think, money grows on trees? I''m not paying for ____!', '0', '1', 'dad');
insert into card_set_black_card (card_set_id, black_card_id) values (155000, 155004);
insert into black_cards (id, text, draw, pick, watermark) values (155005, 'Young lady, you better knock it off with ____ or you''re grounded!', '0', '1', 'dad');
insert into card_set_black_card (card_set_id, black_card_id) values (155000, 155005);

COMMIT;
