BEGIN;

delete from card_set_white_card where card_set_id = 113000;
delete from card_set_black_card where card_set_id = 113000;
delete from white_cards where id >= 113000 and id <= 113249;
delete from black_cards where id >= 113500 and id <= 113551;
delete from card_set where id=113000;

insert into card_set (id, active, name, base_deck, description, weight) values (113000, 't', 'Cards Against Humanity Everything Expansion', 'f', '', 300);

insert into white_cards (id, text, watermark) values (113000,'70s bush.','every');
insert into white_cards (id, text, watermark) values (113001,'9/11 but with monkeys.','every');
insert into white_cards (id, text, watermark) values (113002,'A Big Mouth Billy Bass that just screams.','every');
insert into white_cards (id, text, watermark) values (113003,'A bird funeral.','every');
insert into white_cards (id, text, watermark) values (113004,'A bit of a tarantula problem.','every');
insert into white_cards (id, text, watermark) values (113005,'A chode.','every');
insert into white_cards (id, text, watermark) values (113006,'A dangerous new type of onion.','every');
insert into white_cards (id, text, watermark) values (113007,'A dentist named Funboy.','every');
insert into white_cards (id, text, watermark) values (113008,'A fuck swing.','every');
insert into white_cards (id, text, watermark) values (113009,'A geisha who is clearly Ronald McDonald.','every');
insert into white_cards (id, text, watermark) values (113010,'A huge swan that wants to fuck.','every');
insert into white_cards (id, text, watermark) values (113011,'A little boy in a sailor suit.','every');
insert into white_cards (id, text, watermark) values (113012,'A little heroin here and there.','every');
insert into white_cards (id, text, watermark) values (113013,'A meeting that could''ve been an email.','every');
insert into white_cards (id, text, watermark) values (113014,'A missed period.','every');
insert into white_cards (id, text, watermark) values (113015,'A mule that can say "Walmart."','every');
insert into white_cards (id, text, watermark) values (113016,'A national conversation about race.','every');
insert into white_cards (id, text, watermark) values (113017,'A penis with its own smaller penis.','every');
insert into white_cards (id, text, watermark) values (113018,'A perfectly ordinary object, like a pen.','every');
insert into white_cards (id, text, watermark) values (113019,'"a red wheel barrow glazed with rain water beside the white chickens"','every');
insert into white_cards (id, text, watermark) values (113020,'A restraining order.','every');
insert into white_cards (id, text, watermark) values (113021,'A sexually charged game of chess.','every');
insert into white_cards (id, text, watermark) values (113022,'A sexy little bald guy.','every');
insert into white_cards (id, text, watermark) values (113023,'A shirtless Uber driver.','every');
insert into white_cards (id, text, watermark) values (113024,'A skinny, submissive husband.','every');
insert into white_cards (id, text, watermark) values (113025,'A viable third party candidate.','every');
insert into white_cards (id, text, watermark) values (113026,'A VR horse-fucking simulator.','every');
insert into white_cards (id, text, watermark) values (113027,'A ziploc bag of soup.','every');
insert into white_cards (id, text, watermark) values (113028,'Affirmative action.','every');
insert into white_cards (id, text, watermark) values (113029,'Aging terribly.','every');
insert into white_cards (id, text, watermark) values (113030,'All y''all motherfuckers.','every');
insert into white_cards (id, text, watermark) values (113031,'An $80,000 bill from the hospital.','every');
insert into white_cards (id, text, watermark) values (113032,'An arranged marriage.','every');
insert into white_cards (id, text, watermark) values (113033,'An avalanche of ground beef.','every');
insert into white_cards (id, text, watermark) values (113034,'Anxiety-baking a hundred muffins.','every');
insert into white_cards (id, text, watermark) values (113035,'Any kind of sex with anybody.','every');
insert into white_cards (id, text, watermark) values (113036,'Apatheid.','every');
insert into white_cards (id, text, watermark) values (113037,'Arguing.','every');
insert into white_cards (id, text, watermark) values (113038,'Asking for money.','every');
insert into white_cards (id, text, watermark) values (113039,'Asking the dentist for more teeth.','every');
insert into white_cards (id, text, watermark) values (113040,'Asking to see the manager.','every');
insert into white_cards (id, text, watermark) values (113041,'Bad music or stupid people.','every');
insert into white_cards (id, text, watermark) values (113042,'Bad stand-up comedy.','every');
insert into white_cards (id, text, watermark) values (113043,'Bangin'' bimbos and boppin'' bongos!','every');
insert into white_cards (id, text, watermark) values (113044,'Being 1/16th Native American.','every');
insert into white_cards (id, text, watermark) values (113045,'Being a bad, racist policeman.','every');
insert into white_cards (id, text, watermark) values (113046,'Being a pervert.','every');
insert into white_cards (id, text, watermark) values (113047,'Being acquired by Amazon.','every');
insert into white_cards (id, text, watermark) values (113048,'Being mindful of ccylists.','every');
insert into white_cards (id, text, watermark) values (113049,'Being nervous around white people.','every');
insert into white_cards (id, text, watermark) values (113050,'Being the product of incest.','every');
insert into white_cards (id, text, watermark) values (113051,'Big snake!','every');
insert into white_cards (id, text, watermark) values (113052,'Bitcoin.','every');
insert into white_cards (id, text, watermark) values (113053,'Black Republicans.','every');
insert into white_cards (id, text, watermark) values (113054,'Bleeding through another jumbo tampon.','every');
insert into white_cards (id, text, watermark) values (113055,'Brian, the man who works at the Guitar Center.','every');
insert into white_cards (id, text, watermark) values (113056,'Building systems and coordinating processes.','every');
insert into white_cards (id, text, watermark) values (113057,'Buildings.','every');
insert into white_cards (id, text, watermark) values (113058,'Bush''s Baked Beans.','every');
insert into white_cards (id, text, watermark) values (113059,'Buying things to fill the emptiness inside.','every');
insert into white_cards (id, text, watermark) values (113060,'Cashews.','every');
insert into white_cards (id, text, watermark) values (113061,'Chinese pResident Xi Jinping.','every');
insert into white_cards (id, text, watermark) values (113062,'Choking to death on a Werther''s Original.','every');
insert into white_cards (id, text, watermark) values (113063,'Couples therapy.','every');
insert into white_cards (id, text, watermark) values (113064,'Crandolph, my sweet egg boy.','every');
insert into white_cards (id, text, watermark) values (113065,'Crankin'' my hog in the middle of a Zoom call.','every');
insert into white_cards (id, text, watermark) values (113066,'Crying "Yes, Father!" while getting spanked.','every');
insert into white_cards (id, text, watermark) values (113067,'Deteriorating mental health.','every');
insert into white_cards (id, text, watermark) values (113068,'Diabetes.','every');
insert into white_cards (id, text, watermark) values (113069,'DiGiorno.','every');
insert into white_cards (id, text, watermark) values (113070,'Dissolving my husband''s body in acid.','every');
insert into white_cards (id, text, watermark) values (113071,'Divorced billionaire energy.','every');
insert into white_cards (id, text, watermark) values (113072,'Doing nothing about climate change.','every');
insert into white_cards (id, text, watermark) values (113073,'Domestic terrorism.','every');
insert into white_cards (id, text, watermark) values (113074,'Drag queens.','every');
insert into white_cards (id, text, watermark) values (113075,'Eating a huge bowl of pasta like a fat piece of shit.','every');
insert into white_cards (id, text, watermark) values (113076,'Edging.','every');
insert into white_cards (id, text, watermark) values (113077,'Escaping from North Korea.','every');
insert into white_cards (id, text, watermark) values (113078,'Expanding British commercial interests in Nigeria.','every');
insert into white_cards (id, text, watermark) values (113079,'Faking a pregnancy.','every');
insert into white_cards (id, text, watermark) values (113080,'Falling down the stairs.','every');
insert into white_cards (id, text, watermark) values (113081,'Falling in love with a turkey.','every');
insert into white_cards (id, text, watermark) values (113082,'Farting out a little boy''s birthday candles.','every');
insert into white_cards (id, text, watermark) values (113083,'Feeding a three-course Italian dinner to a mailbox.','every');
insert into white_cards (id, text, watermark) values (113084,'Figuring out how to stop Black people from voting.','every');
insert into white_cards (id, text, watermark) values (113085,'Fleeing the country.','every');
insert into white_cards (id, text, watermark) values (113086,'Fucking a pregnant clown.','every');
insert into white_cards (id, text, watermark) values (113087,'Fucking me.','every');
insert into white_cards (id, text, watermark) values (113088,'Gathering all the world leaders in one room and showing them my pussy.','every');
insert into white_cards (id, text, watermark) values (113089,'Gay.','every');
insert into white_cards (id, text, watermark) values (113090,'Getting bukkaked by twenty Spider-Men.','every');
insert into white_cards (id, text, watermark) values (113091,'Getting crunched into a ball and slammed through a hoop by LeBron James.','every');
insert into white_cards (id, text, watermark) values (113092,'Getting dick tonight.','every');
insert into white_cards (id, text, watermark) values (113093,'Getting drafted and having to be in the army.','every');
insert into white_cards (id, text, watermark) values (113094,'Getting involved in local politics.','every');
insert into white_cards (id, text, watermark) values (113095,'Getting spayed.','every');
insert into white_cards (id, text, watermark) values (113096,'Getting swole.','every');
insert into white_cards (id, text, watermark) values (113097,'Getting tazed in the balls.','every');
insert into white_cards (id, text, watermark) values (113098,'Getting waterboarded.','every');
insert into white_cards (id, text, watermark) values (113099,'Getting white-girl wasted.','every');
insert into white_cards (id, text, watermark) values (113100,'Giving $5 to Black Lives Matter.','every');
insert into white_cards (id, text, watermark) values (113101,'Glittering my pubes.','every');
insert into white_cards (id, text, watermark) values (113102,'Going to a Maroon 5 concert in 2007.','every');
insert into white_cards (id, text, watermark) values (113103,'Golf.','every');
insert into white_cards (id, text, watermark) values (113104,'Googling "lenny kravitz penis."','every');
insert into white_cards (id, text, watermark) values (113105,'Grandpa jerking it to Betty Boop.','every');
insert into white_cards (id, text, watermark) values (113106,'Hands.','every');
insert into white_cards (id, text, watermark) values (113107,'Having a bad life.','every');
insert into white_cards (id, text, watermark) values (113108,'Having a really cool nickname, like "The Sledgehammer."','every');
insert into white_cards (id, text, watermark) values (113109,'Having a thousand best friends but they''re all pigeons.','every');
insert into white_cards (id, text, watermark) values (113110,'Having an affair.','every');
insert into white_cards (id, text, watermark) values (113111,'Having divorced parents.','every');
insert into white_cards (id, text, watermark) values (113112,'Having six weeks left to live.','every');
insert into white_cards (id, text, watermark) values (113113,'Hentai.','every');
insert into white_cards (id, text, watermark) values (113114,'Holding a lantern and saying, "Who goes there?"','every');
insert into white_cards (id, text, watermark) values (113115,'Hootin'' and hollerin''.','every');
insert into white_cards (id, text, watermark) values (113116,'Hooves.','every');
insert into white_cards (id, text, watermark) values (113117,'Horny.','every');
insert into white_cards (id, text, watermark) values (113118,'How sad it is that Tom Hanks died of COVID.','every');
insert into white_cards (id, text, watermark) values (113119,'HPV.','every');
insert into white_cards (id, text, watermark) values (113120,'Huge American children.','every');
insert into white_cards (id, text, watermark) values (113121,'I am a goat.','every');
insert into white_cards (id, text, watermark) values (113122,'idk lol','every');
insert into white_cards (id, text, watermark) values (113123,'Impostor Syndrome.','every');
insert into white_cards (id, text, watermark) values (113124,'Inhaling a bird mid-yawn.','every');
insert into white_cards (id, text, watermark) values (113125,'Janky tits that go clankety-clank.','every');
insert into white_cards (id, text, watermark) values (113126,'Killing God.','every');
insert into white_cards (id, text, watermark) values (113127,'Knowing the legal age of consent in all 50 states.','every');
insert into white_cards (id, text, watermark) values (113128,'Laying a Nintendo at the Tomb of the Unknown Soldier.','every');
insert into white_cards (id, text, watermark) values (113129,'Leonardo DiCaprio having sex with a jar of mango salsa.','every');
insert into white_cards (id, text, watermark) values (113130,'Literally fucking the police.','every');
insert into white_cards (id, text, watermark) values (113131,'Livin'' la vida loca.','every');
insert into white_cards (id, text, watermark) values (113132,'Looking at an infographic and saying "wow."','every');
insert into white_cards (id, text, watermark) values (113133,'Losing custody of the kids.','every');
insert into white_cards (id, text, watermark) values (113134,'Lowering your standards.','every');
insert into white_cards (id, text, watermark) values (113135,'Lying face-down in wet cement.','every');
insert into white_cards (id, text, watermark) values (113136,'Making friends as an adult.','every');
insert into white_cards (id, text, watermark) values (113137,'Making love atop a windswept mesa as the sun blooms on the horizon.','every');
insert into white_cards (id, text, watermark) values (113138,'Mitch McConnell.','every');
insert into white_cards (id, text, watermark) values (113139,'More cowbell.','every');
insert into white_cards (id, text, watermark) values (113140,'Muh truck.','every');
insert into white_cards (id, text, watermark) values (113141,'My beautiful granddaughter.','every');
insert into white_cards (id, text, watermark) values (113142,'My landlord.','every');
insert into white_cards (id, text, watermark) values (113143,'My man, Horace.','every');
insert into white_cards (id, text, watermark) values (113144,'Namazu, the giant mythical catfish.','every');
insert into white_cards (id, text, watermark) values (113145,'Nelson Mandela.','every');
insert into white_cards (id, text, watermark) values (113146,'Neoliberalism.','every');
insert into white_cards (id, text, watermark) values (113147,'Norwegian mansluts.','every');
insert into white_cards (id, text, watermark) values (113148,'OnlyFans.com','every');
insert into white_cards (id, text, watermark) values (113149,'Organized religion.','every');
insert into white_cards (id, text, watermark) values (113150,'Passing as white.','every');
insert into white_cards (id, text, watermark) values (113151,'Peeeeeeee!','every');
insert into white_cards (id, text, watermark) values (113152,'Permanent brain damage from football.','every');
insert into white_cards (id, text, watermark) values (113153,'Personal growth.','every');
insert into white_cards (id, text, watermark) values (113154,'Playing the cello like a gorilla having a stroke.','every');
insert into white_cards (id, text, watermark) values (113155,'Profiting off the exploited labot of the working class.','every');
insert into white_cards (id, text, watermark) values (113156,'Promoting democracy in the Middle East.','every');
insert into white_cards (id, text, watermark) values (113157,'Pulling Grandpa''s pants down and smacking his old butt.','every');
insert into white_cards (id, text, watermark) values (113158,'Punching my dad in the face and stealing his car.','every');
insert into white_cards (id, text, watermark) values (113159,'Putting a bookmark in your pussy to remind where I left off.','every');
insert into white_cards (id, text, watermark) values (113160,'Putting the Pop-Tarts in the toaster like a self-respecting person.','every');
insert into white_cards (id, text, watermark) values (113161,'Quality custom upholstery at unbeatable prices.','every');
insert into white_cards (id, text, watermark) values (113162,'Quitting.','every');
insert into white_cards (id, text, watermark) values (113163,'Receiving anal pleasure at Burger King.','every');
insert into white_cards (id, text, watermark) values (113164,'Referring to a mozzarella stick as a "bad boy."','every');
insert into white_cards (id, text, watermark) values (113165,'Refusing to pay federal or state income taxes.','every');
insert into white_cards (id, text, watermark) values (113166,'Remembering that Donald Trump was the president.','every');
insert into white_cards (id, text, watermark) values (113167,'Renouncing Christ.','every');
insert into white_cards (id, text, watermark) values (113168,'Resonating with the Earth''s vibrational energy.','every');
insert into white_cards (id, text, watermark) values (113169,'Returning all money to its rightful owner, Jeff Bezos.','every');
insert into white_cards (id, text, watermark) values (113170,'Ribs, the food that''s got BONES!','every');
insert into white_cards (id, text, watermark) values (113171,'Rudy Giuliani.','every');
insert into white_cards (id, text, watermark) values (113172,'Running a marathon because oooooh look at me!','every');
insert into white_cards (id, text, watermark) values (113173,'Running my tongue all the way from your forehead to your asshole in one long, creepy stroke.','every');
insert into white_cards (id, text, watermark) values (113174,'RuPaul.','every');
insert into white_cards (id, text, watermark) values (113175,'Russian propaganda.','every');
insert into white_cards (id, text, watermark) values (113176,'Saudi Crown Prince Mohammed bin Salman.','every');
insert into white_cards (id, text, watermark) values (113177,'Saying "fuck it" and stepping off a cliff.','every');
insert into white_cards (id, text, watermark) values (113178,'Saying grace before sex.','every');
insert into white_cards (id, text, watermark) values (113179,'Sexy stinky werewolf boys.','every');
insert into white_cards (id, text, watermark) values (113180,'Shattered hopes and dreams.','every');
insert into white_cards (id, text, watermark) values (113181,'Shittin'' me britches.','every');
insert into white_cards (id, text, watermark) values (113182,'Shitting into a Coinstar machine.','every');
insert into white_cards (id, text, watermark) values (113183,'Shitting out part of a turd, sucking it back in, and shitting it back out over and over so you''re basically fucking yourself with your own shit.','every');
insert into white_cards (id, text, watermark) values (113184,'Showing deference to the King of Thailand.','every');
insert into white_cards (id, text, watermark) values (113185,'Slappin'' dat pussaaayyyyyy!','every');
insert into white_cards (id, text, watermark) values (113186,'Slut-shaming.','every');
insert into white_cards (id, text, watermark) values (113187,'Smearing feces on the walls.','every');
insert into white_cards (id, text, watermark) values (113188,'Smokin'' a joint, eatin'' some cat food, and watchin'' Law & Order SVU.','every');
insert into white_cards (id, text, watermark) values (113189,'Socialism.','every');
insert into white_cards (id, text, watermark) values (113190,'Some piece-of-shit birdhouse my kid made.','every');
insert into white_cards (id, text, watermark) values (113191,'Some sort of alien lobster handjob contest.','every');
insert into white_cards (id, text, watermark) values (113192,'Spending way too long picking a restaurant.','every');
insert into white_cards (id, text, watermark) values (113193,'Sponsored content.','every');
insert into white_cards (id, text, watermark) values (113194,'Squeezing an egg out of my bird pussy.','every');
insert into white_cards (id, text, watermark) values (113195,'Stabbing a motherfucker in the face.','every');
insert into white_cards (id, text, watermark) values (113196,'Staging a coup.','every');
insert into white_cards (id, text, watermark) values (113197,'Stompin'' around, humpin'' and dumpin''.','every');
insert into white_cards (id, text, watermark) values (113198,'Sturdy Bulgarian women.','every');
insert into white_cards (id, text, watermark) values (113199,'Sucking period clumps through a boba straw.','every');
insert into white_cards (id, text, watermark) values (113200,'Swallowing an unopend can of beer.','every');
insert into white_cards (id, text, watermark) values (113201,'Taking a nap, and then taking another nap.','every');
insert into white_cards (id, text, watermark) values (113202,'Taking forever to cum.','every');
insert into white_cards (id, text, watermark) values (113203,'Tentacles.','every');
insert into white_cards (id, text, watermark) values (113204,'Testing a picture of my asshole to Ted Cruz.','every');
insert into white_cards (id, text, watermark) values (113205,'The American healthcare system.','every');
insert into white_cards (id, text, watermark) values (113206,'The Annual San Diego Conference of Blowjobs.','every');
insert into white_cards (id, text, watermark) values (113207,'The breakup of Yugoslavia.','every');
insert into white_cards (id, text, watermark) values (113208,'The duck who eats bread out of my ass.','every');
insert into white_cards (id, text, watermark) values (113209,'The Electoral College.','every');
insert into white_cards (id, text, watermark) values (113210,'The Great British Baking Show.','every');
insert into white_cards (id, text, watermark) values (113211,'The guillotine.','every');
insert into white_cards (id, text, watermark) values (113212,'The horrible things that giving birth dos to your vagina.','every');
insert into white_cards (id, text, watermark) values (113213,'The joys of motherhood.','every');
insert into white_cards (id, text, watermark) values (113214,'The kind of epic diarrhea that the ancient bards wrote songs about.','every');
insert into white_cards (id, text, watermark) values (113215,'The lagacy of slavery.','every');
insert into white_cards (id, text, watermark) values (113216,'The long fingernail guy from The Guiness Book of World Records.','every');
insert into white_cards (id, text, watermark) values (113217,'The official company motto of Starbucks: "To inspire and nurture the human spirit -- one person, one cup, and one neighborhood at a time."','every');
insert into white_cards (id, text, watermark) values (113218,'The pile of triceratops shit from Jurassic Park.','every');
insert into white_cards (id, text, watermark) values (113219,'The profound humanism of Iranian cinema.','every');
insert into white_cards (id, text, watermark) values (113220,'The Satisfyer Pro 2 Air Pulse Clitoris Stimulator.','every');
insert into white_cards (id, text, watermark) values (113221,'The song "Uptown Funk" coming on.','every');
insert into white_cards (id, text, watermark) values (113222,'The Swamp of Unlimited Pleasure.','every');
insert into white_cards (id, text, watermark) values (113223,'The ten largest men from my village.','every');
insert into white_cards (id, text, watermark) values (113224,'The terrible computer virus that put all this porn on my laptop.','every');
insert into white_cards (id, text, watermark) values (113225,'The weird noises mom makes when she''s swallowing big veggies.','every');
insert into white_cards (id, text, watermark) values (113226,'The world''s ugliest baby.','every');
insert into white_cards (id, text, watermark) values (113227,'Thong crust.','every');
insert into white_cards (id, text, watermark) values (113228,'Threatening legal action.','every');
insert into white_cards (id, text, watermark) values (113229,'Throwing your dad into a dumpster and yelling, "Now I am dad!"','every');
insert into white_cards (id, text, watermark) values (113230,'Thunderous lovemaking.','every');
insert into white_cards (id, text, watermark) values (113231,'Thy anus.','every');
insert into white_cards (id, text, watermark) values (113232,'Titty.','every');
insert into white_cards (id, text, watermark) values (113233,'Toddlers.','every');
insert into white_cards (id, text, watermark) values (113234,'Tongue-fucking them toes.','every');
insert into white_cards (id, text, watermark) values (113235,'Transphobia.','every');
insert into white_cards (id, text, watermark) values (113236,'Two dudes just bumpin'' their balls together.','every');
insert into white_cards (id, text, watermark) values (113237,'Unresolved childhood trauma.','every');
insert into white_cards (id, text, watermark) values (113238,'Watching someone fuck my wife.','every');
insert into white_cards (id, text, watermark) values (113239,'Watching you poop.','every');
insert into white_cards (id, text, watermark) values (113240,'Wearing a condom the proper way, around the balls and penis.','every');
insert into white_cards (id, text, watermark) values (113241,'Wearing a MAGA hat.','every');
insert into white_cards (id, text, watermark) values (113242,'Wearing the bicycle helmet during sex.','every');
insert into white_cards (id, text, watermark) values (113243,'What I assume to be semen.','every');
insert into white_cards (id, text, watermark) values (113244,'What the State of New Jersey describes as "public defecation."','every');
insert into white_cards (id, text, watermark) values (113245,'What?','every');
insert into white_cards (id, text, watermark) values (113246,'Whatever Master desires.','every');
insert into white_cards (id, text, watermark) values (113247,'White trash in a kiddie pool.','every');
insert into white_cards (id, text, watermark) values (113248,'Wife-swapping.','every');
insert into white_cards (id, text, watermark) values (113249,'Your father''s throbbin'' rockin'' penis.','every');

insert into card_set_white_card (card_set_id, white_card_id) values (113000, 113000);
insert into card_set_white_card (card_set_id, white_card_id) values (113000, 113001);
insert into card_set_white_card (card_set_id, white_card_id) values (113000, 113002);
insert into card_set_white_card (card_set_id, white_card_id) values (113000, 113003);
insert into card_set_white_card (card_set_id, white_card_id) values (113000, 113004);
insert into card_set_white_card (card_set_id, white_card_id) values (113000, 113005);
insert into card_set_white_card (card_set_id, white_card_id) values (113000, 113006);
insert into card_set_white_card (card_set_id, white_card_id) values (113000, 113007);
insert into card_set_white_card (card_set_id, white_card_id) values (113000, 113008);
insert into card_set_white_card (card_set_id, white_card_id) values (113000, 113009);
insert into card_set_white_card (card_set_id, white_card_id) values (113000, 113010);
insert into card_set_white_card (card_set_id, white_card_id) values (113000, 113011);
insert into card_set_white_card (card_set_id, white_card_id) values (113000, 113012);
insert into card_set_white_card (card_set_id, white_card_id) values (113000, 113013);
insert into card_set_white_card (card_set_id, white_card_id) values (113000, 113014);
insert into card_set_white_card (card_set_id, white_card_id) values (113000, 113015);
insert into card_set_white_card (card_set_id, white_card_id) values (113000, 113016);
insert into card_set_white_card (card_set_id, white_card_id) values (113000, 113017);
insert into card_set_white_card (card_set_id, white_card_id) values (113000, 113018);
insert into card_set_white_card (card_set_id, white_card_id) values (113000, 113019);
insert into card_set_white_card (card_set_id, white_card_id) values (113000, 113020);
insert into card_set_white_card (card_set_id, white_card_id) values (113000, 113021);
insert into card_set_white_card (card_set_id, white_card_id) values (113000, 113022);
insert into card_set_white_card (card_set_id, white_card_id) values (113000, 113023);
insert into card_set_white_card (card_set_id, white_card_id) values (113000, 113024);
insert into card_set_white_card (card_set_id, white_card_id) values (113000, 113025);
insert into card_set_white_card (card_set_id, white_card_id) values (113000, 113026);
insert into card_set_white_card (card_set_id, white_card_id) values (113000, 113027);
insert into card_set_white_card (card_set_id, white_card_id) values (113000, 113028);
insert into card_set_white_card (card_set_id, white_card_id) values (113000, 113029);
insert into card_set_white_card (card_set_id, white_card_id) values (113000, 113030);
insert into card_set_white_card (card_set_id, white_card_id) values (113000, 113031);
insert into card_set_white_card (card_set_id, white_card_id) values (113000, 113032);
insert into card_set_white_card (card_set_id, white_card_id) values (113000, 113033);
insert into card_set_white_card (card_set_id, white_card_id) values (113000, 113034);
insert into card_set_white_card (card_set_id, white_card_id) values (113000, 113035);
insert into card_set_white_card (card_set_id, white_card_id) values (113000, 113036);
insert into card_set_white_card (card_set_id, white_card_id) values (113000, 113037);
insert into card_set_white_card (card_set_id, white_card_id) values (113000, 113038);
insert into card_set_white_card (card_set_id, white_card_id) values (113000, 113039);
insert into card_set_white_card (card_set_id, white_card_id) values (113000, 113040);
insert into card_set_white_card (card_set_id, white_card_id) values (113000, 113041);
insert into card_set_white_card (card_set_id, white_card_id) values (113000, 113042);
insert into card_set_white_card (card_set_id, white_card_id) values (113000, 113043);
insert into card_set_white_card (card_set_id, white_card_id) values (113000, 113044);
insert into card_set_white_card (card_set_id, white_card_id) values (113000, 113045);
insert into card_set_white_card (card_set_id, white_card_id) values (113000, 113046);
insert into card_set_white_card (card_set_id, white_card_id) values (113000, 113047);
insert into card_set_white_card (card_set_id, white_card_id) values (113000, 113048);
insert into card_set_white_card (card_set_id, white_card_id) values (113000, 113049);
insert into card_set_white_card (card_set_id, white_card_id) values (113000, 113050);
insert into card_set_white_card (card_set_id, white_card_id) values (113000, 113051);
insert into card_set_white_card (card_set_id, white_card_id) values (113000, 113052);
insert into card_set_white_card (card_set_id, white_card_id) values (113000, 113053);
insert into card_set_white_card (card_set_id, white_card_id) values (113000, 113054);
insert into card_set_white_card (card_set_id, white_card_id) values (113000, 113055);
insert into card_set_white_card (card_set_id, white_card_id) values (113000, 113056);
insert into card_set_white_card (card_set_id, white_card_id) values (113000, 113057);
insert into card_set_white_card (card_set_id, white_card_id) values (113000, 113058);
insert into card_set_white_card (card_set_id, white_card_id) values (113000, 113059);
insert into card_set_white_card (card_set_id, white_card_id) values (113000, 113060);
insert into card_set_white_card (card_set_id, white_card_id) values (113000, 113061);
insert into card_set_white_card (card_set_id, white_card_id) values (113000, 113062);
insert into card_set_white_card (card_set_id, white_card_id) values (113000, 113063);
insert into card_set_white_card (card_set_id, white_card_id) values (113000, 113064);
insert into card_set_white_card (card_set_id, white_card_id) values (113000, 113065);
insert into card_set_white_card (card_set_id, white_card_id) values (113000, 113066);
insert into card_set_white_card (card_set_id, white_card_id) values (113000, 113067);
insert into card_set_white_card (card_set_id, white_card_id) values (113000, 113068);
insert into card_set_white_card (card_set_id, white_card_id) values (113000, 113069);
insert into card_set_white_card (card_set_id, white_card_id) values (113000, 113070);
insert into card_set_white_card (card_set_id, white_card_id) values (113000, 113071);
insert into card_set_white_card (card_set_id, white_card_id) values (113000, 113072);
insert into card_set_white_card (card_set_id, white_card_id) values (113000, 113073);
insert into card_set_white_card (card_set_id, white_card_id) values (113000, 113074);
insert into card_set_white_card (card_set_id, white_card_id) values (113000, 113075);
insert into card_set_white_card (card_set_id, white_card_id) values (113000, 113076);
insert into card_set_white_card (card_set_id, white_card_id) values (113000, 113077);
insert into card_set_white_card (card_set_id, white_card_id) values (113000, 113078);
insert into card_set_white_card (card_set_id, white_card_id) values (113000, 113079);
insert into card_set_white_card (card_set_id, white_card_id) values (113000, 113080);
insert into card_set_white_card (card_set_id, white_card_id) values (113000, 113081);
insert into card_set_white_card (card_set_id, white_card_id) values (113000, 113082);
insert into card_set_white_card (card_set_id, white_card_id) values (113000, 113083);
insert into card_set_white_card (card_set_id, white_card_id) values (113000, 113084);
insert into card_set_white_card (card_set_id, white_card_id) values (113000, 113085);
insert into card_set_white_card (card_set_id, white_card_id) values (113000, 113086);
insert into card_set_white_card (card_set_id, white_card_id) values (113000, 113087);
insert into card_set_white_card (card_set_id, white_card_id) values (113000, 113088);
insert into card_set_white_card (card_set_id, white_card_id) values (113000, 113089);
insert into card_set_white_card (card_set_id, white_card_id) values (113000, 113090);
insert into card_set_white_card (card_set_id, white_card_id) values (113000, 113091);
insert into card_set_white_card (card_set_id, white_card_id) values (113000, 113092);
insert into card_set_white_card (card_set_id, white_card_id) values (113000, 113093);
insert into card_set_white_card (card_set_id, white_card_id) values (113000, 113094);
insert into card_set_white_card (card_set_id, white_card_id) values (113000, 113095);
insert into card_set_white_card (card_set_id, white_card_id) values (113000, 113096);
insert into card_set_white_card (card_set_id, white_card_id) values (113000, 113097);
insert into card_set_white_card (card_set_id, white_card_id) values (113000, 113098);
insert into card_set_white_card (card_set_id, white_card_id) values (113000, 113099);
insert into card_set_white_card (card_set_id, white_card_id) values (113000, 113100);
insert into card_set_white_card (card_set_id, white_card_id) values (113000, 113101);
insert into card_set_white_card (card_set_id, white_card_id) values (113000, 113102);
insert into card_set_white_card (card_set_id, white_card_id) values (113000, 113103);
insert into card_set_white_card (card_set_id, white_card_id) values (113000, 113104);
insert into card_set_white_card (card_set_id, white_card_id) values (113000, 113105);
insert into card_set_white_card (card_set_id, white_card_id) values (113000, 113106);
insert into card_set_white_card (card_set_id, white_card_id) values (113000, 113107);
insert into card_set_white_card (card_set_id, white_card_id) values (113000, 113108);
insert into card_set_white_card (card_set_id, white_card_id) values (113000, 113109);
insert into card_set_white_card (card_set_id, white_card_id) values (113000, 113110);
insert into card_set_white_card (card_set_id, white_card_id) values (113000, 113111);
insert into card_set_white_card (card_set_id, white_card_id) values (113000, 113112);
insert into card_set_white_card (card_set_id, white_card_id) values (113000, 113113);
insert into card_set_white_card (card_set_id, white_card_id) values (113000, 113114);
insert into card_set_white_card (card_set_id, white_card_id) values (113000, 113115);
insert into card_set_white_card (card_set_id, white_card_id) values (113000, 113116);
insert into card_set_white_card (card_set_id, white_card_id) values (113000, 113117);
insert into card_set_white_card (card_set_id, white_card_id) values (113000, 113118);
insert into card_set_white_card (card_set_id, white_card_id) values (113000, 113119);
insert into card_set_white_card (card_set_id, white_card_id) values (113000, 113120);
insert into card_set_white_card (card_set_id, white_card_id) values (113000, 113121);
insert into card_set_white_card (card_set_id, white_card_id) values (113000, 113122);
insert into card_set_white_card (card_set_id, white_card_id) values (113000, 113123);
insert into card_set_white_card (card_set_id, white_card_id) values (113000, 113124);
insert into card_set_white_card (card_set_id, white_card_id) values (113000, 113125);
insert into card_set_white_card (card_set_id, white_card_id) values (113000, 113126);
insert into card_set_white_card (card_set_id, white_card_id) values (113000, 113127);
insert into card_set_white_card (card_set_id, white_card_id) values (113000, 113128);
insert into card_set_white_card (card_set_id, white_card_id) values (113000, 113129);
insert into card_set_white_card (card_set_id, white_card_id) values (113000, 113130);
insert into card_set_white_card (card_set_id, white_card_id) values (113000, 113131);
insert into card_set_white_card (card_set_id, white_card_id) values (113000, 113132);
insert into card_set_white_card (card_set_id, white_card_id) values (113000, 113133);
insert into card_set_white_card (card_set_id, white_card_id) values (113000, 113134);
insert into card_set_white_card (card_set_id, white_card_id) values (113000, 113135);
insert into card_set_white_card (card_set_id, white_card_id) values (113000, 113136);
insert into card_set_white_card (card_set_id, white_card_id) values (113000, 113137);
insert into card_set_white_card (card_set_id, white_card_id) values (113000, 113138);
insert into card_set_white_card (card_set_id, white_card_id) values (113000, 113139);
insert into card_set_white_card (card_set_id, white_card_id) values (113000, 113140);
insert into card_set_white_card (card_set_id, white_card_id) values (113000, 113141);
insert into card_set_white_card (card_set_id, white_card_id) values (113000, 113142);
insert into card_set_white_card (card_set_id, white_card_id) values (113000, 113143);
insert into card_set_white_card (card_set_id, white_card_id) values (113000, 113144);
insert into card_set_white_card (card_set_id, white_card_id) values (113000, 113145);
insert into card_set_white_card (card_set_id, white_card_id) values (113000, 113146);
insert into card_set_white_card (card_set_id, white_card_id) values (113000, 113147);
insert into card_set_white_card (card_set_id, white_card_id) values (113000, 113148);
insert into card_set_white_card (card_set_id, white_card_id) values (113000, 113149);
insert into card_set_white_card (card_set_id, white_card_id) values (113000, 113150);
insert into card_set_white_card (card_set_id, white_card_id) values (113000, 113151);
insert into card_set_white_card (card_set_id, white_card_id) values (113000, 113152);
insert into card_set_white_card (card_set_id, white_card_id) values (113000, 113153);
insert into card_set_white_card (card_set_id, white_card_id) values (113000, 113154);
insert into card_set_white_card (card_set_id, white_card_id) values (113000, 113155);
insert into card_set_white_card (card_set_id, white_card_id) values (113000, 113156);
insert into card_set_white_card (card_set_id, white_card_id) values (113000, 113157);
insert into card_set_white_card (card_set_id, white_card_id) values (113000, 113158);
insert into card_set_white_card (card_set_id, white_card_id) values (113000, 113159);
insert into card_set_white_card (card_set_id, white_card_id) values (113000, 113160);
insert into card_set_white_card (card_set_id, white_card_id) values (113000, 113161);
insert into card_set_white_card (card_set_id, white_card_id) values (113000, 113162);
insert into card_set_white_card (card_set_id, white_card_id) values (113000, 113163);
insert into card_set_white_card (card_set_id, white_card_id) values (113000, 113164);
insert into card_set_white_card (card_set_id, white_card_id) values (113000, 113165);
insert into card_set_white_card (card_set_id, white_card_id) values (113000, 113166);
insert into card_set_white_card (card_set_id, white_card_id) values (113000, 113167);
insert into card_set_white_card (card_set_id, white_card_id) values (113000, 113168);
insert into card_set_white_card (card_set_id, white_card_id) values (113000, 113169);
insert into card_set_white_card (card_set_id, white_card_id) values (113000, 113170);
insert into card_set_white_card (card_set_id, white_card_id) values (113000, 113171);
insert into card_set_white_card (card_set_id, white_card_id) values (113000, 113172);
insert into card_set_white_card (card_set_id, white_card_id) values (113000, 113173);
insert into card_set_white_card (card_set_id, white_card_id) values (113000, 113174);
insert into card_set_white_card (card_set_id, white_card_id) values (113000, 113175);
insert into card_set_white_card (card_set_id, white_card_id) values (113000, 113176);
insert into card_set_white_card (card_set_id, white_card_id) values (113000, 113177);
insert into card_set_white_card (card_set_id, white_card_id) values (113000, 113178);
insert into card_set_white_card (card_set_id, white_card_id) values (113000, 113179);
insert into card_set_white_card (card_set_id, white_card_id) values (113000, 113180);
insert into card_set_white_card (card_set_id, white_card_id) values (113000, 113181);
insert into card_set_white_card (card_set_id, white_card_id) values (113000, 113182);
insert into card_set_white_card (card_set_id, white_card_id) values (113000, 113183);
insert into card_set_white_card (card_set_id, white_card_id) values (113000, 113184);
insert into card_set_white_card (card_set_id, white_card_id) values (113000, 113185);
insert into card_set_white_card (card_set_id, white_card_id) values (113000, 113186);
insert into card_set_white_card (card_set_id, white_card_id) values (113000, 113187);
insert into card_set_white_card (card_set_id, white_card_id) values (113000, 113188);
insert into card_set_white_card (card_set_id, white_card_id) values (113000, 113189);
insert into card_set_white_card (card_set_id, white_card_id) values (113000, 113190);
insert into card_set_white_card (card_set_id, white_card_id) values (113000, 113191);
insert into card_set_white_card (card_set_id, white_card_id) values (113000, 113192);
insert into card_set_white_card (card_set_id, white_card_id) values (113000, 113193);
insert into card_set_white_card (card_set_id, white_card_id) values (113000, 113194);
insert into card_set_white_card (card_set_id, white_card_id) values (113000, 113195);
insert into card_set_white_card (card_set_id, white_card_id) values (113000, 113196);
insert into card_set_white_card (card_set_id, white_card_id) values (113000, 113197);
insert into card_set_white_card (card_set_id, white_card_id) values (113000, 113198);
insert into card_set_white_card (card_set_id, white_card_id) values (113000, 113199);
insert into card_set_white_card (card_set_id, white_card_id) values (113000, 113200);
insert into card_set_white_card (card_set_id, white_card_id) values (113000, 113201);
insert into card_set_white_card (card_set_id, white_card_id) values (113000, 113202);
insert into card_set_white_card (card_set_id, white_card_id) values (113000, 113203);
insert into card_set_white_card (card_set_id, white_card_id) values (113000, 113204);
insert into card_set_white_card (card_set_id, white_card_id) values (113000, 113205);
insert into card_set_white_card (card_set_id, white_card_id) values (113000, 113206);
insert into card_set_white_card (card_set_id, white_card_id) values (113000, 113207);
insert into card_set_white_card (card_set_id, white_card_id) values (113000, 113208);
insert into card_set_white_card (card_set_id, white_card_id) values (113000, 113209);
insert into card_set_white_card (card_set_id, white_card_id) values (113000, 113210);
insert into card_set_white_card (card_set_id, white_card_id) values (113000, 113211);
insert into card_set_white_card (card_set_id, white_card_id) values (113000, 113212);
insert into card_set_white_card (card_set_id, white_card_id) values (113000, 113213);
insert into card_set_white_card (card_set_id, white_card_id) values (113000, 113214);
insert into card_set_white_card (card_set_id, white_card_id) values (113000, 113215);
insert into card_set_white_card (card_set_id, white_card_id) values (113000, 113216);
insert into card_set_white_card (card_set_id, white_card_id) values (113000, 113217);
insert into card_set_white_card (card_set_id, white_card_id) values (113000, 113218);
insert into card_set_white_card (card_set_id, white_card_id) values (113000, 113219);
insert into card_set_white_card (card_set_id, white_card_id) values (113000, 113220);
insert into card_set_white_card (card_set_id, white_card_id) values (113000, 113221);
insert into card_set_white_card (card_set_id, white_card_id) values (113000, 113222);
insert into card_set_white_card (card_set_id, white_card_id) values (113000, 113223);
insert into card_set_white_card (card_set_id, white_card_id) values (113000, 113224);
insert into card_set_white_card (card_set_id, white_card_id) values (113000, 113225);
insert into card_set_white_card (card_set_id, white_card_id) values (113000, 113226);
insert into card_set_white_card (card_set_id, white_card_id) values (113000, 113227);
insert into card_set_white_card (card_set_id, white_card_id) values (113000, 113228);
insert into card_set_white_card (card_set_id, white_card_id) values (113000, 113229);
insert into card_set_white_card (card_set_id, white_card_id) values (113000, 113230);
insert into card_set_white_card (card_set_id, white_card_id) values (113000, 113231);
insert into card_set_white_card (card_set_id, white_card_id) values (113000, 113232);
insert into card_set_white_card (card_set_id, white_card_id) values (113000, 113233);
insert into card_set_white_card (card_set_id, white_card_id) values (113000, 113234);
insert into card_set_white_card (card_set_id, white_card_id) values (113000, 113235);
insert into card_set_white_card (card_set_id, white_card_id) values (113000, 113236);
insert into card_set_white_card (card_set_id, white_card_id) values (113000, 113237);
insert into card_set_white_card (card_set_id, white_card_id) values (113000, 113238);
insert into card_set_white_card (card_set_id, white_card_id) values (113000, 113239);
insert into card_set_white_card (card_set_id, white_card_id) values (113000, 113240);
insert into card_set_white_card (card_set_id, white_card_id) values (113000, 113241);
insert into card_set_white_card (card_set_id, white_card_id) values (113000, 113242);
insert into card_set_white_card (card_set_id, white_card_id) values (113000, 113243);
insert into card_set_white_card (card_set_id, white_card_id) values (113000, 113244);
insert into card_set_white_card (card_set_id, white_card_id) values (113000, 113245);
insert into card_set_white_card (card_set_id, white_card_id) values (113000, 113246);
insert into card_set_white_card (card_set_id, white_card_id) values (113000, 113247);
insert into card_set_white_card (card_set_id, white_card_id) values (113000, 113248);
insert into card_set_white_card (card_set_id, white_card_id) values (113000, 113249);

insert into black_cards (id, text, draw, pick, watermark) values (113500,'A new adventure awaits at Walt Disney''s Magical Kingdom of ____!',0,1,'every');
insert into black_cards (id, text, draw, pick, watermark) values (113501,'After phasing out orca shows, SeaWorld is now attracting customers with ____.',0,1,'every');
insert into black_cards (id, text, draw, pick, watermark) values (113502,'Alright, I''m done with ____. It''s time for ____.',1,2,'every');
insert into black_cards (id, text, draw, pick, watermark) values (113503,'And now, from WHYY in Philadelphia, it''s "____ with Terry Gross."',0,1,'every');
insert into black_cards (id, text, draw, pick, watermark) values (113504,'As a feminist, I cannot support ____.',0,1,'every');
insert into black_cards (id, text, draw, pick, watermark) values (113505,'"Because I could not stop for Death, He kindly stopped for me, The Carriage held but just Ourselves, And ____. -- Emily Dickinson"',0,1,'every');
insert into black_cards (id, text, draw, pick, watermark) values (113506,'Every Tuesday, I purchase a box of donuts. I sit on the toilet. I eat the donuts. I remember ____, and I cry.',0,1,'every');
insert into black_cards (id, text, draw, pick, watermark) values (113507,'Few remember Beethoven''s lesser-known symphony, "Ode to ____."',0,1,'every');
insert into black_cards (id, text, draw, pick, watermark) values (113508,'FIRST LOOK: Nike drops hot new sneakers designed exclusively for ____.',0,1,'every');
insert into black_cards (id, text, draw, pick, watermark) values (113509,'Hey everybody! It''s "____ Guy."',0,1,'every');
insert into black_cards (id, text, draw, pick, watermark) values (113510,'Hey, check out my podcast! It''s just two regular guys talking about ____.',0,1,'every');
insert into black_cards (id, text, draw, pick, watermark) values (113511,'Holy MOLY! Now THAT''S what I call ____!',0,1,'every');
insert into black_cards (id, text, draw, pick, watermark) values (113512,'How am I, the Card Czar, going to die?',0,1,'every');
insert into black_cards (id, text, draw, pick, watermark) values (113513,'I only saw my father cry twice: once after Mom died, and once after ____.',0,1,'every');
insert into black_cards (id, text, draw, pick, watermark) values (113514,'I''m ____, you''re ____, let''s party!',0,1,'every');
insert into black_cards (id, text, draw, pick, watermark) values (113515,'I''m Ted Cruz, and I''m proud to endorse ____.',0,1,'every');
insert into black_cards (id, text, draw, pick, watermark) values (113516,'"I''m that bad type, Make your mama sad type, Might seduce your dad type, I''m ____."',0,1,'every');
insert into black_cards (id, text, draw, pick, watermark) values (113517,'Incredible! Biologists have discovered an octopus capable of ____.',0,1,'every');
insert into black_cards (id, text, draw, pick, watermark) values (113518,'It is a truth universally acknowledged, that a single man in possession of a good fortune, must be in want of ____.',0,1,'every');
insert into black_cards (id, text, draw, pick, watermark) values (113519,'"It''s very simple. You give me sex. I give you ____."',0,1,'every');
insert into black_cards (id, text, draw, pick, watermark) values (113520,'Join our peaceful community. We eat grapes. We live in tents. We enjoy ____, together.',0,1,'every');
insert into black_cards (id, text, draw, pick, watermark) values (113521,'Lord, please guide my baby girl back to you and away from ____. Amen.',0,1,'every');
insert into black_cards (id, text, draw, pick, watermark) values (113522,'Lucky to be ALIVE! Kylie Jenner''s TERRIFYING encounter with ____.',0,1,'every');
insert into black_cards (id, text, draw, pick, watermark) values (113523,'"Me: Hey, Randy! What''s going on? Randy: Aw nothing, man. Just ____."',0,1,'every');
insert into black_cards (id, text, draw, pick, watermark) values (113524,'Men like ____.',0,1,'every');
insert into black_cards (id, text, draw, pick, watermark) values (113525,'Mom! Mom! Look at me, Mom! I''m ____!',0,1,'every');
insert into black_cards (id, text, draw, pick, watermark) values (113526,'Momma always said, "Life is like ____. You never know what you''re gonna get."',0,1,'every');
insert into black_cards (id, text, draw, pick, watermark) values (113527,'Mr. Musk, as your legal counsel, I must strongly advise against ____.',0,1,'every');
insert into black_cards (id, text, draw, pick, watermark) values (113528,'My favorite rapper is "Lil ____."',0,1,'every');
insert into black_cards (id, text, draw, pick, watermark) values (113529,'My penis is ____.',0,1,'every');
insert into black_cards (id, text, draw, pick, watermark) values (113530,'My vagina is ____.',0,1,'every');
insert into black_cards (id, text, draw, pick, watermark) values (113531,'Now on Disney+! Pirates of the Caribbean: The Curse of ____.',0,1,'every');
insert into black_cards (id, text, draw, pick, watermark) values (113532,'Pssst. You go around back. I''ll distract the guards with ____.',0,1,'every');
insert into black_cards (id, text, draw, pick, watermark) values (113533,'Ready or not, here comes ____!',0,1,'every');
insert into black_cards (id, text, draw, pick, watermark) values (113534,'"The first rule of Fight Club is: don''t talk about Fight Club. The second rule of Fight Club is: don''t talk about ____."',0,1,'every');
insert into black_cards (id, text, draw, pick, watermark) values (113535,'The year is 2150. The president is ____.',0,1,'every');
insert into black_cards (id, text, draw, pick, watermark) values (113536,'There is a video circulating the Internet that does not represent who I am. I made a vile mistake in my youth, and I deeply regret it. Please don''t watch the ____ video.',0,1,'every');
insert into black_cards (id, text, draw, pick, watermark) values (113537,'Today''s technical challenge comes from Paul Hollywood. He would like six identical pastries in the shape of ____.',0,1,'every');
insert into black_cards (id, text, draw, pick, watermark) values (113538,'"Two roads diverged in a yellow wood-- I chose ____, and that has made all the difference"',0,1,'every');
insert into black_cards (id, text, draw, pick, watermark) values (113539,'"Two roads diverged in a yellow wood-- I chose ____."',0,1,'every');
insert into black_cards (id, text, draw, pick, watermark) values (113540,'Up next on Fox News: Are millennials ruining ____? Yes. Yes they are.',0,1,'every');
insert into black_cards (id, text, draw, pick, watermark) values (113541,'Up next on Fox News: Are college students being radicalized by ____?',0,1,'every');
insert into black_cards (id, text, draw, pick, watermark) values (113542,'WARNING: ____ may cause ____.',1,2,'every');
insert into black_cards (id, text, draw, pick, watermark) values (113543,'Welcome the jungle! We''ve got ____.',0,1,'every');
insert into black_cards (id, text, draw, pick, watermark) values (113544,'Welcome to Hidden Creek Water Park. Please remember that we do not allow ____ in the pool.',0,1,'every');
insert into black_cards (id, text, draw, pick, watermark) values (113545,'What''s better when clowns are involved?',0,1,'every');
insert into black_cards (id, text, draw, pick, watermark) values (113546,'What''s big, sweaty, and fantastic?',0,1,'every');
insert into black_cards (id, text, draw, pick, watermark) values (113547,'What''s kind of sad, kind of beautiful, but also kind of funny?',0,1,'every');
insert into black_cards (id, text, draw, pick, watermark) values (113548,'Yo, is ____ racist?',0,1,'every');
insert into black_cards (id, text, draw, pick, watermark) values (113549,'You ____, bro!',0,1,'every');
insert into black_cards (id, text, draw, pick, watermark) values (113550,'"You better lose yourself in the music, the moment you own it, you better never let it go. You only get one shot, do not miss your chance for ____."',0,1,'every');
insert into black_cards (id, text, draw, pick, watermark) values (113551,'You''re on a first date. What''s an instant red flag?',0,1,'every');

insert into card_set_black_card (card_set_id, black_card_id) values (113000, 113500);
insert into card_set_black_card (card_set_id, black_card_id) values (113000, 113501);
insert into card_set_black_card (card_set_id, black_card_id) values (113000, 113502);
insert into card_set_black_card (card_set_id, black_card_id) values (113000, 113503);
insert into card_set_black_card (card_set_id, black_card_id) values (113000, 113504);
insert into card_set_black_card (card_set_id, black_card_id) values (113000, 113505);
insert into card_set_black_card (card_set_id, black_card_id) values (113000, 113506);
insert into card_set_black_card (card_set_id, black_card_id) values (113000, 113507);
insert into card_set_black_card (card_set_id, black_card_id) values (113000, 113508);
insert into card_set_black_card (card_set_id, black_card_id) values (113000, 113509);
insert into card_set_black_card (card_set_id, black_card_id) values (113000, 113510);
insert into card_set_black_card (card_set_id, black_card_id) values (113000, 113511);
insert into card_set_black_card (card_set_id, black_card_id) values (113000, 113512);
insert into card_set_black_card (card_set_id, black_card_id) values (113000, 113513);
insert into card_set_black_card (card_set_id, black_card_id) values (113000, 113514);
insert into card_set_black_card (card_set_id, black_card_id) values (113000, 113515);
insert into card_set_black_card (card_set_id, black_card_id) values (113000, 113516);
insert into card_set_black_card (card_set_id, black_card_id) values (113000, 113517);
insert into card_set_black_card (card_set_id, black_card_id) values (113000, 113518);
insert into card_set_black_card (card_set_id, black_card_id) values (113000, 113519);
insert into card_set_black_card (card_set_id, black_card_id) values (113000, 113520);
insert into card_set_black_card (card_set_id, black_card_id) values (113000, 113521);
insert into card_set_black_card (card_set_id, black_card_id) values (113000, 113522);
insert into card_set_black_card (card_set_id, black_card_id) values (113000, 113523);
insert into card_set_black_card (card_set_id, black_card_id) values (113000, 113524);
insert into card_set_black_card (card_set_id, black_card_id) values (113000, 113525);
insert into card_set_black_card (card_set_id, black_card_id) values (113000, 113526);
insert into card_set_black_card (card_set_id, black_card_id) values (113000, 113527);
insert into card_set_black_card (card_set_id, black_card_id) values (113000, 113528);
insert into card_set_black_card (card_set_id, black_card_id) values (113000, 113529);
insert into card_set_black_card (card_set_id, black_card_id) values (113000, 113530);
insert into card_set_black_card (card_set_id, black_card_id) values (113000, 113531);
insert into card_set_black_card (card_set_id, black_card_id) values (113000, 113532);
insert into card_set_black_card (card_set_id, black_card_id) values (113000, 113533);
insert into card_set_black_card (card_set_id, black_card_id) values (113000, 113534);
insert into card_set_black_card (card_set_id, black_card_id) values (113000, 113535);
insert into card_set_black_card (card_set_id, black_card_id) values (113000, 113536);
insert into card_set_black_card (card_set_id, black_card_id) values (113000, 113537);
insert into card_set_black_card (card_set_id, black_card_id) values (113000, 113538);
insert into card_set_black_card (card_set_id, black_card_id) values (113000, 113539);
insert into card_set_black_card (card_set_id, black_card_id) values (113000, 113540);
insert into card_set_black_card (card_set_id, black_card_id) values (113000, 113541);
insert into card_set_black_card (card_set_id, black_card_id) values (113000, 113542);
insert into card_set_black_card (card_set_id, black_card_id) values (113000, 113543);
insert into card_set_black_card (card_set_id, black_card_id) values (113000, 113544);
insert into card_set_black_card (card_set_id, black_card_id) values (113000, 113545);
insert into card_set_black_card (card_set_id, black_card_id) values (113000, 113546);
insert into card_set_black_card (card_set_id, black_card_id) values (113000, 113547);
insert into card_set_black_card (card_set_id, black_card_id) values (113000, 113548);
insert into card_set_black_card (card_set_id, black_card_id) values (113000, 113549);
insert into card_set_black_card (card_set_id, black_card_id) values (113000, 113550);
insert into card_set_black_card (card_set_id, black_card_id) values (113000, 113551);

COMMIT;
