BEGIN;

delete from card_set_white_card where card_set_id = 116000;
delete from card_set_black_card where card_set_id = 116000;
delete from white_cards where id >= 116000 and id <= 116999;
delete from black_cards where id >= 116000 and id <= 116999;
delete from card_set where id=116000;

insert into card_set (id, active, name, base_deck, description, weight) values (116000, 't', 'Absurd Box', 'f', 'The Absurd Box contains 300 all-new cards that came to use after taking peyote and wandering the desert.', 999);

insert into white_cards (id, text, watermark) values (116000, '14 cheeseburgers, 6 large fries, and a medium Sprite.', 'fam');
insert into card_set_white_card (card_set_id, white_card_id) values (116000, 116000);
insert into white_cards (id, text, watermark) values (116001, 'A baby boomer.', 'fam');
insert into card_set_white_card (card_set_id, white_card_id) values (116000, 116001);
insert into white_cards (id, text, watermark) values (116002, 'A baby with a full mustache.', 'fam');
insert into card_set_white_card (card_set_id, white_card_id) values (116000, 116002);
insert into white_cards (id, text, watermark) values (116003, 'A bear.', 'fam');
insert into card_set_white_card (card_set_id, white_card_id) values (116000, 116003);
insert into white_cards (id, text, watermark) values (116004, 'A big sad dragon with no friends.', 'fam');
insert into card_set_white_card (card_set_id, white_card_id) values (116000, 116004);
insert into white_cards (id, text, watermark) values (116005, 'A big, and I mean BIG turtle.', 'fam');
insert into card_set_white_card (card_set_id, white_card_id) values (116000, 116005);
insert into white_cards (id, text, watermark) values (116006, 'A bird pooping on the president''s head.', 'fam');
insert into card_set_white_card (card_set_id, white_card_id) values (116000, 116006);
insert into white_cards (id, text, watermark) values (116007, 'A black hole.', 'fam');
insert into card_set_white_card (card_set_id, white_card_id) values (116000, 116007);
insert into white_cards (id, text, watermark) values (116008, 'A bunch of dead squirrels on a trampoline.', 'fam');
insert into card_set_white_card (card_set_id, white_card_id) values (116000, 116008);
insert into white_cards (id, text, watermark) values (116009, 'A butt that eats underwear.', 'fam');
insert into card_set_white_card (card_set_id, white_card_id) values (116000, 116009);
insert into white_cards (id, text, watermark) values (116010, 'A corn dog.', 'fam');
insert into card_set_white_card (card_set_id, white_card_id) values (116000, 116010);
insert into white_cards (id, text, watermark) values (116011, 'A cowboy who is half boy, half cow.', 'fam');
insert into card_set_white_card (card_set_id, white_card_id) values (116000, 116011);
insert into white_cards (id, text, watermark) values (116012, 'A dead body.', 'fam');
insert into card_set_white_card (card_set_id, white_card_id) values (116000, 116012);
insert into white_cards (id, text, watermark) values (116013, 'A dead whale.', 'fam');
insert into card_set_white_card (card_set_id, white_card_id) values (116000, 116013);
insert into white_cards (id, text, watermark) values (116014, 'A Democrat.', 'fam');
insert into card_set_white_card (card_set_id, white_card_id) values (116000, 116014);
insert into white_cards (id, text, watermark) values (116015, 'A doll that pees real pee!', 'fam');
insert into card_set_white_card (card_set_id, white_card_id) values (116000, 116015);
insert into white_cards (id, text, watermark) values (116016, 'A fake kid made out of wood.', 'fam');
insert into card_set_white_card (card_set_id, white_card_id) values (116000, 116016);
insert into white_cards (id, text, watermark) values (116017, 'A flamethrower.', 'fam');
insert into card_set_white_card (card_set_id, white_card_id) values (116000, 116017);
insert into white_cards (id, text, watermark) values (116018, 'A gerbil named "Gerbil."', 'fam');
insert into card_set_white_card (card_set_id, white_card_id) values (116000, 116018);
insert into white_cards (id, text, watermark) values (116019, 'A hot air balloon powered by fart gas.', 'fam');
insert into card_set_white_card (card_set_id, white_card_id) values (116000, 116019);
insert into white_cards (id, text, watermark) values (116020, 'A hug.', 'fam');
insert into card_set_white_card (card_set_id, white_card_id) values (116000, 116020);
insert into white_cards (id, text, watermark) values (116021, 'A hundred screaming monkeys.', 'fam');
insert into card_set_white_card (card_set_id, white_card_id) values (116000, 116021);
insert into white_cards (id, text, watermark) values (116022, 'A killer clown.', 'fam');
insert into card_set_white_card (card_set_id, white_card_id) values (116000, 116022);
insert into white_cards (id, text, watermark) values (116023, 'A long, hot pee.', 'fam');
insert into card_set_white_card (card_set_id, white_card_id) values (116000, 116023);
insert into white_cards (id, text, watermark) values (116024, 'A long, long snake.', 'fam');
insert into card_set_white_card (card_set_id, white_card_id) values (116000, 116024);
insert into white_cards (id, text, watermark) values (116025, 'A naked lady in a painting.', 'fam');
insert into card_set_white_card (card_set_id, white_card_id) values (116000, 116025);
insert into white_cards (id, text, watermark) values (116026, 'A nice, warm glass of pee.', 'fam');
insert into card_set_white_card (card_set_id, white_card_id) values (116000, 116026);
insert into white_cards (id, text, watermark) values (116027, 'A plant-devouring space-worm named "Rachel."', 'fam');
insert into card_set_white_card (card_set_id, white_card_id) values (116000, 116027);
insert into white_cards (id, text, watermark) values (116028, 'A poop as big as mom.', 'fam');
insert into card_set_white_card (card_set_id, white_card_id) values (116000, 116028);
insert into white_cards (id, text, watermark) values (116029, 'A pregnant person.', 'fam');
insert into card_set_white_card (card_set_id, white_card_id) values (116000, 116029);
insert into white_cards (id, text, watermark) values (116030, 'A Republican.', 'fam');
insert into card_set_white_card (card_set_id, white_card_id) values (116000, 116030);
insert into white_cards (id, text, watermark) values (116031, 'A scoop of tuna.', 'fam');
insert into card_set_white_card (card_set_id, white_card_id) values (116000, 116031);
insert into white_cards (id, text, watermark) values (116032, 'A screaming soccer dad.', 'fam');
insert into card_set_white_card (card_set_id, white_card_id) values (116000, 116032);
insert into white_cards (id, text, watermark) values (116033, 'A super angry cat I found outside.', 'fam');
insert into card_set_white_card (card_set_id, white_card_id) values (116000, 116033);
insert into white_cards (id, text, watermark) values (116034, 'A turd that just won''t flush.', 'fam');
insert into card_set_white_card (card_set_id, white_card_id) values (116000, 116034);
insert into white_cards (id, text, watermark) values (116035, 'A whole thing of cottage cheese.', 'fam');
insert into card_set_white_card (card_set_id, white_card_id) values (116000, 116035);
insert into white_cards (id, text, watermark) values (116036, 'A wise, old woman with no teeth and cloudy eyes.', 'fam');
insert into card_set_white_card (card_set_id, white_card_id) values (116000, 116036);
insert into white_cards (id, text, watermark) values (116037, 'Abraham Lincoln.', 'fam');
insert into card_set_white_card (card_set_id, white_card_id) values (116000, 116037);
insert into white_cards (id, text, watermark) values (116038, 'An invisible giant who takes giant, visible poops.', 'fam');
insert into card_set_white_card (card_set_id, white_card_id) values (116000, 116038);
insert into white_cards (id, text, watermark) values (116039, 'An old, dirty cat with bad breath.', 'fam');
insert into card_set_white_card (card_set_id, white_card_id) values (116000, 116039);
insert into white_cards (id, text, watermark) values (116040, 'An order of mozzarella sticks.', 'fam');
insert into card_set_white_card (card_set_id, white_card_id) values (116000, 116040);
insert into white_cards (id, text, watermark) values (116041, 'An owl that hates you.', 'fam');
insert into card_set_white_card (card_set_id, white_card_id) values (116000, 116041);
insert into white_cards (id, text, watermark) values (116042, 'Ariana Grande.', 'fam');
insert into card_set_white_card (card_set_id, white_card_id) values (116000, 116042);
insert into white_cards (id, text, watermark) values (116043, 'Aunt Linda.', 'fam');
insert into card_set_white_card (card_set_id, white_card_id) values (116000, 116043);
insert into white_cards (id, text, watermark) values (116044, 'Baby Yoda.', 'fam');
insert into card_set_white_card (card_set_id, white_card_id) values (116000, 116044);
insert into white_cards (id, text, watermark) values (116045, 'Bad parenting.', 'fam');
insert into card_set_white_card (card_set_id, white_card_id) values (116000, 116045);
insert into white_cards (id, text, watermark) values (116046, 'Balls.', 'fam');
insert into card_set_white_card (card_set_id, white_card_id) values (116000, 116046);
insert into white_cards (id, text, watermark) values (116047, 'Barf.', 'fam');
insert into card_set_white_card (card_set_id, white_card_id) values (116000, 116047);
insert into white_cards (id, text, watermark) values (116048, 'Barfing into a popcorn bucket.', 'fam');
insert into card_set_white_card (card_set_id, white_card_id) values (116000, 116048);
insert into white_cards (id, text, watermark) values (116049, 'Batman.', 'fam');
insert into card_set_white_card (card_set_id, white_card_id) values (116000, 116049);
insert into white_cards (id, text, watermark) values (116050, 'Beautiful grandma.', 'fam');
insert into card_set_white_card (card_set_id, white_card_id) values (116000, 116050);
insert into white_cards (id, text, watermark) values (116051, 'Becoming taller and stronger than Father.', 'fam');
insert into card_set_white_card (card_set_id, white_card_id) values (116000, 116051);
insert into white_cards (id, text, watermark) values (116052, 'Becoming the president.', 'fam');
insert into card_set_white_card (card_set_id, white_card_id) values (116000, 116052);
insert into white_cards (id, text, watermark) values (116053, 'Beer.', 'fam');
insert into card_set_white_card (card_set_id, white_card_id) values (116000, 116053);
insert into white_cards (id, text, watermark) values (116054, 'Being adopted.', 'fam');
insert into card_set_white_card (card_set_id, white_card_id) values (116000, 116054);
insert into white_cards (id, text, watermark) values (116055, 'Being dead.', 'fam');
insert into card_set_white_card (card_set_id, white_card_id) values (116000, 116055);
insert into white_cards (id, text, watermark) values (116056, 'Being famous on YouTube.', 'fam');
insert into card_set_white_card (card_set_id, white_card_id) values (116000, 116056);
insert into white_cards (id, text, watermark) values (116057, 'Being French, hoh-hoh-hoh!', 'fam');
insert into card_set_white_card (card_set_id, white_card_id) values (116000, 116057);
insert into white_cards (id, text, watermark) values (116058, 'Being super serious right now.', 'fam');
insert into card_set_white_card (card_set_id, white_card_id) values (116000, 116058);
insert into white_cards (id, text, watermark) values (116059, 'Bench pressing a horse.', 'fam');
insert into card_set_white_card (card_set_id, white_card_id) values (116000, 116059);
insert into white_cards (id, text, watermark) values (116060, 'Beyoncé.', 'fam');
insert into card_set_white_card (card_set_id, white_card_id) values (116000, 116060);
insert into white_cards (id, text, watermark) values (116061, 'Big butt cheeks filled with poop.', 'fam');
insert into card_set_white_card (card_set_id, white_card_id) values (116000, 116061);
insert into white_cards (id, text, watermark) values (116062, 'Big Mississippi boys.', 'fam');
insert into card_set_white_card (card_set_id, white_card_id) values (116000, 116062);
insert into white_cards (id, text, watermark) values (116063, 'Big Randy.', 'fam');
insert into card_set_white_card (card_set_id, white_card_id) values (116000, 116063);
insert into white_cards (id, text, watermark) values (116064, 'Big, juicy pimples.', 'fam');
insert into card_set_white_card (card_set_id, white_card_id) values (116000, 116064);
insert into white_cards (id, text, watermark) values (116065, 'Big, slappy hands.', 'fam');
insert into card_set_white_card (card_set_id, white_card_id) values (116000, 116065);
insert into white_cards (id, text, watermark) values (116066, 'Biting a rich person.', 'fam');
insert into card_set_white_card (card_set_id, white_card_id) values (116000, 116066);
insert into white_cards (id, text, watermark) values (116067, 'Blasting farts in the powder room.', 'fam');
insert into card_set_white_card (card_set_id, white_card_id) values (116000, 116067);
insert into white_cards (id, text, watermark) values (116068, 'Blasting my math teacher into the sun.', 'fam');
insert into card_set_white_card (card_set_id, white_card_id) values (116000, 116068);
insert into white_cards (id, text, watermark) values (116069, 'Bleeding.', 'fam');
insert into card_set_white_card (card_set_id, white_card_id) values (116000, 116069);
insert into white_cards (id, text, watermark) values (116070, 'Blossoming into a beautiful young man.', 'fam');
insert into card_set_white_card (card_set_id, white_card_id) values (116000, 116070);
insert into white_cards (id, text, watermark) values (116071, 'Blowing up the Moon.', 'fam');
insert into card_set_white_card (card_set_id, white_card_id) values (116000, 116071);
insert into white_cards (id, text, watermark) values (116072, 'Boobies.', 'fam');
insert into card_set_white_card (card_set_id, white_card_id) values (116000, 116072);
insert into white_cards (id, text, watermark) values (116073, 'Boogers.', 'fam');
insert into card_set_white_card (card_set_id, white_card_id) values (116000, 116073);
insert into white_cards (id, text, watermark) values (116074, 'Boys.', 'fam');
insert into card_set_white_card (card_set_id, white_card_id) values (116000, 116074);
insert into white_cards (id, text, watermark) values (116075, 'Building a ladder of hot dogs to the moon.', 'fam');
insert into card_set_white_card (card_set_id, white_card_id) values (116000, 116075);
insert into white_cards (id, text, watermark) values (116076, 'BULBASAUR.', 'fam');
insert into card_set_white_card (card_set_id, white_card_id) values (116000, 116076);
insert into white_cards (id, text, watermark) values (116077, 'Burning books.', 'fam');
insert into card_set_white_card (card_set_id, white_card_id) values (116000, 116077);
insert into white_cards (id, text, watermark) values (116078, 'Bursting into flames.', 'fam');
insert into card_set_white_card (card_set_id, white_card_id) values (116000, 116078);
insert into white_cards (id, text, watermark) values (116079, 'Butt hair.', 'fam');
insert into card_set_white_card (card_set_id, white_card_id) values (116000, 116079);
insert into white_cards (id, text, watermark) values (116080, 'Butt surgery.', 'fam');
insert into card_set_white_card (card_set_id, white_card_id) values (116000, 116080);
insert into white_cards (id, text, watermark) values (116081, 'Butthole.', 'fam');
insert into card_set_white_card (card_set_id, white_card_id) values (116000, 116081);
insert into white_cards (id, text, watermark) values (116082, 'Butts of all shapes and sizes.', 'fam');
insert into card_set_white_card (card_set_id, white_card_id) values (116000, 116082);
insert into white_cards (id, text, watermark) values (116083, 'Cat pee.', 'fam');
insert into card_set_white_card (card_set_id, white_card_id) values (116000, 116083);
insert into white_cards (id, text, watermark) values (116084, 'Cavities.', 'fam');
insert into card_set_white_card (card_set_id, white_card_id) values (116000, 116084);
insert into white_cards (id, text, watermark) values (116085, 'Cheeto fingers.', 'fam');
insert into card_set_white_card (card_set_id, white_card_id) values (116000, 116085);
insert into white_cards (id, text, watermark) values (116086, 'Chest hair.', 'fam');
insert into card_set_white_card (card_set_id, white_card_id) values (116000, 116086);
insert into white_cards (id, text, watermark) values (116087, 'China.', 'fam');
insert into card_set_white_card (card_set_id, white_card_id) values (116000, 116087);
insert into white_cards (id, text, watermark) values (116088, 'Chugging a gallon of milk and then vomiting a gallon of milk.', 'fam');
insert into card_set_white_card (card_set_id, white_card_id) values (116000, 116088);
insert into white_cards (id, text, watermark) values (116089, 'Chungo, the talking gorilla.', 'fam');
insert into card_set_white_card (card_set_id, white_card_id) values (116000, 116089);
insert into white_cards (id, text, watermark) values (116090, 'Chunks.', 'fam');
insert into card_set_white_card (card_set_id, white_card_id) values (116000, 116090);
insert into white_cards (id, text, watermark) values (116091, 'Cigarettes.', 'fam');
insert into card_set_white_card (card_set_id, white_card_id) values (116000, 116091);
insert into white_cards (id, text, watermark) values (116092, 'Climate change.', 'fam');
insert into card_set_white_card (card_set_id, white_card_id) values (116000, 116092);
insert into white_cards (id, text, watermark) values (116093, 'Climbing into a cow''s butt.', 'fam');
insert into card_set_white_card (card_set_id, white_card_id) values (116000, 116093);
insert into white_cards (id, text, watermark) values (116094, 'Coffee.', 'fam');
insert into card_set_white_card (card_set_id, white_card_id) values (116000, 116094);
insert into white_cards (id, text, watermark) values (116095, 'Coming back from the dead.', 'fam');
insert into card_set_white_card (card_set_id, white_card_id) values (116000, 116095);
insert into white_cards (id, text, watermark) values (116096, 'Complaining.', 'fam');
insert into card_set_white_card (card_set_id, white_card_id) values (116000, 116096);
insert into white_cards (id, text, watermark) values (116097, 'Covering myself with ketchup and mustard because I am a hot dog.', 'fam');
insert into card_set_white_card (card_set_id, white_card_id) values (116000, 116097);
insert into white_cards (id, text, watermark) values (116098, 'Crab-walking from the toilet to get more toilet paper.', 'fam');
insert into card_set_white_card (card_set_id, white_card_id) values (116000, 116098);
insert into white_cards (id, text, watermark) values (116099, 'Crying in the bathroom.', 'fam');
insert into card_set_white_card (card_set_id, white_card_id) values (116000, 116099);
insert into white_cards (id, text, watermark) values (116100, 'Dad''s famous poops.', 'fam');
insert into card_set_white_card (card_set_id, white_card_id) values (116000, 116100);
insert into white_cards (id, text, watermark) values (116101, 'Dad''s meatloaf.', 'fam');
insert into card_set_white_card (card_set_id, white_card_id) values (116000, 116101);
insert into white_cards (id, text, watermark) values (116102, 'Dancing with my son.', 'fam');
insert into card_set_white_card (card_set_id, white_card_id) values (116000, 116102);
insert into white_cards (id, text, watermark) values (116103, 'Death.', 'fam');
insert into card_set_white_card (card_set_id, white_card_id) values (116000, 116103);
insert into white_cards (id, text, watermark) values (116104, 'Diarrhea.', 'fam');
insert into card_set_white_card (card_set_id, white_card_id) values (116000, 116104);
insert into white_cards (id, text, watermark) values (116105, 'Doing karate.', 'fam');
insert into card_set_white_card (card_set_id, white_card_id) values (116000, 116105);
insert into white_cards (id, text, watermark) values (116106, 'Dreaming about boys.', 'fam');
insert into card_set_white_card (card_set_id, white_card_id) values (116000, 116106);
insert into white_cards (id, text, watermark) values (116107, 'Drinkig a whole bottle of ranch.', 'fam');
insert into card_set_white_card (card_set_id, white_card_id) values (116000, 116107);
insert into white_cards (id, text, watermark) values (116108, 'Drinking gasoline to see what it tastes like.', 'fam');
insert into card_set_white_card (card_set_id, white_card_id) values (116000, 116108);
insert into white_cards (id, text, watermark) values (116109, 'Drinking out of the toilet and eating garbage.', 'fam');
insert into card_set_white_card (card_set_id, white_card_id) values (116000, 116109);
insert into white_cards (id, text, watermark) values (116110, 'Dump cake.', 'fam');
insert into card_set_white_card (card_set_id, white_card_id) values (116000, 116110);
insert into white_cards (id, text, watermark) values (116111, 'Dwayne "The Rock" Johnson.', 'fam');
insert into card_set_white_card (card_set_id, white_card_id) values (116000, 116111);
insert into white_cards (id, text, watermark) values (116112, 'Dying of old age.', 'fam');
insert into card_set_white_card (card_set_id, white_card_id) values (116000, 116112);
insert into white_cards (id, text, watermark) values (116113, 'Eating a baby.', 'fam');
insert into card_set_white_card (card_set_id, white_card_id) values (116000, 116113);
insert into white_cards (id, text, watermark) values (116114, 'Eating a whole roll of toilet paper.', 'fam');
insert into card_set_white_card (card_set_id, white_card_id) values (116000, 116114);
insert into white_cards (id, text, watermark) values (116115, 'Eating toenail clippings.', 'fam');
insert into card_set_white_card (card_set_id, white_card_id) values (116000, 116115);
insert into white_cards (id, text, watermark) values (116116, 'Elegant party hats.', 'fam');
insert into card_set_white_card (card_set_id, white_card_id) values (116000, 116116);
insert into white_cards (id, text, watermark) values (116117, 'Evil.', 'fam');
insert into card_set_white_card (card_set_id, white_card_id) values (116000, 116117);
insert into white_cards (id, text, watermark) values (116118, 'Failure.', 'fam');
insert into card_set_white_card (card_set_id, white_card_id) values (116000, 116118);
insert into white_cards (id, text, watermark) values (116119, 'Fake news.', 'fam');
insert into card_set_white_card (card_set_id, white_card_id) values (116000, 116119);
insert into white_cards (id, text, watermark) values (116120, 'Falling in love.', 'fam');
insert into card_set_white_card (card_set_id, white_card_id) values (116000, 116120);
insert into white_cards (id, text, watermark) values (116121, 'Famous peanut scientist George Washington Carver.', 'fam');
insert into card_set_white_card (card_set_id, white_card_id) values (116000, 116121);
insert into white_cards (id, text, watermark) values (116122, 'Farting a lot today.', 'fam');
insert into card_set_white_card (card_set_id, white_card_id) values (116000, 116122);
insert into white_cards (id, text, watermark) values (116123, 'Farting and walking away.', 'fam');
insert into card_set_white_card (card_set_id, white_card_id) values (116000, 116123);
insert into white_cards (id, text, watermark) values (116124, 'Farting, barfing, and passing out.', 'fam');
insert into card_set_white_card (card_set_id, white_card_id) values (116000, 116124);
insert into white_cards (id, text, watermark) values (116125, 'Fat stacks of cash.', 'fam');
insert into card_set_white_card (card_set_id, white_card_id) values (116000, 116125);
insert into white_cards (id, text, watermark) values (116126, 'Father''s forbidden chocolates.', 'fam');
insert into card_set_white_card (card_set_id, white_card_id) values (116000, 116126);
insert into white_cards (id, text, watermark) values (116127, 'Feasting upon human flesh.', 'fam');
insert into card_set_white_card (card_set_id, white_card_id) values (116000, 116127);
insert into white_cards (id, text, watermark) values (116128, 'Feminism.', 'fam');
insert into card_set_white_card (card_set_id, white_card_id) values (116000, 116128);
insert into white_cards (id, text, watermark) values (116129, 'Filling my butt with spaghetti.', 'fam');
insert into card_set_white_card (card_set_id, white_card_id) values (116000, 116129);
insert into white_cards (id, text, watermark) values (116130, 'Finger teeth.', 'fam');
insert into card_set_white_card (card_set_id, white_card_id) values (116000, 116130);
insert into white_cards (id, text, watermark) values (116131, 'Fire farts.', 'fam');
insert into card_set_white_card (card_set_id, white_card_id) values (116000, 116131);
insert into white_cards (id, text, watermark) values (116132, 'Flamin'' Hot Cheetos.', 'fam');
insert into card_set_white_card (card_set_id, white_card_id) values (116000, 116132);
insert into white_cards (id, text, watermark) values (116133, 'Floating through the void of space and time.', 'fam');
insert into card_set_white_card (card_set_id, white_card_id) values (116000, 116133);
insert into white_cards (id, text, watermark) values (116134, 'Flushing myself down the toilet.', 'fam');
insert into card_set_white_card (card_set_id, white_card_id) values (116000, 116134);
insert into white_cards (id, text, watermark) values (116135, 'Forgetting to put on underwear.', 'fam');
insert into card_set_white_card (card_set_id, white_card_id) values (116000, 116135);
insert into white_cards (id, text, watermark) values (116136, 'Fortnite.', 'fam');
insert into card_set_white_card (card_set_id, white_card_id) values (116000, 116136);
insert into white_cards (id, text, watermark) values (116137, 'Freeing a fart from its butt prison.', 'fam');
insert into card_set_white_card (card_set_id, white_card_id) values (116000, 116137);
insert into white_cards (id, text, watermark) values (116138, 'Garbage.', 'fam');
insert into card_set_white_card (card_set_id, white_card_id) values (116000, 116138);
insert into white_cards (id, text, watermark) values (116139, 'Getting a girlfriend.', 'fam');
insert into card_set_white_card (card_set_id, white_card_id) values (116000, 116139);
insert into white_cards (id, text, watermark) values (116140, 'Getting a skull tattoo.', 'fam');
insert into card_set_white_card (card_set_id, white_card_id) values (116000, 116140);
insert into white_cards (id, text, watermark) values (116141, 'Getting crushed by a piano.', 'fam');
insert into card_set_white_card (card_set_id, white_card_id) values (116000, 116141);
insert into white_cards (id, text, watermark) values (116142, 'Getting drunk.', 'fam');
insert into card_set_white_card (card_set_id, white_card_id) values (116000, 116142);
insert into white_cards (id, text, watermark) values (116143, 'Getting kicked in the nuts.', 'fam');
insert into card_set_white_card (card_set_id, white_card_id) values (116000, 116143);
insert into white_cards (id, text, watermark) values (116144, 'Getting married.', 'fam');
insert into card_set_white_card (card_set_id, white_card_id) values (116000, 116144);
insert into white_cards (id, text, watermark) values (116145, 'Getting my ponytail stuck in my butt.', 'fam');
insert into card_set_white_card (card_set_id, white_card_id) values (116000, 116145);
insert into white_cards (id, text, watermark) values (116146, 'Getting naked.', 'fam');
insert into card_set_white_card (card_set_id, white_card_id) values (116000, 116146);
insert into white_cards (id, text, watermark) values (116147, 'Getting run over by a train.', 'fam');
insert into card_set_white_card (card_set_id, white_card_id) values (116000, 116147);
insert into white_cards (id, text, watermark) values (116148, 'Getting scalded in the face with hot beans.', 'fam');
insert into card_set_white_card (card_set_id, white_card_id) values (116000, 116148);
insert into white_cards (id, text, watermark) values (116149, 'Getting shot out of a cannon.', 'fam');
insert into card_set_white_card (card_set_id, white_card_id) values (116000, 116149);
insert into white_cards (id, text, watermark) values (116150, 'Getting slapped with a fish.', 'fam');
insert into card_set_white_card (card_set_id, white_card_id) values (116000, 116150);
insert into white_cards (id, text, watermark) values (116151, 'Getting struck in the toilet.', 'fam');
insert into card_set_white_card (card_set_id, white_card_id) values (116000, 116151);
insert into white_cards (id, text, watermark) values (116152, 'Giggling and farting and slurping milkshakes.', 'fam');
insert into card_set_white_card (card_set_id, white_card_id) values (116000, 116152);
insert into white_cards (id, text, watermark) values (116153, 'Girls.', 'fam');
insert into card_set_white_card (card_set_id, white_card_id) values (116000, 116153);
insert into white_cards (id, text, watermark) values (116154, 'Glen''s fabulous body.', 'fam');
insert into card_set_white_card (card_set_id, white_card_id) values (116000, 116154);
insert into white_cards (id, text, watermark) values (116155, 'Gluing my butt cheeks together.', 'fam');
insert into card_set_white_card (card_set_id, white_card_id) values (116000, 116155);
insert into white_cards (id, text, watermark) values (116156, 'Going around sniffing people''s armpits.', 'fam');
insert into card_set_white_card (card_set_id, white_card_id) values (116000, 116156);
insert into white_cards (id, text, watermark) values (116157, 'Going bald.', 'fam');
insert into card_set_white_card (card_set_id, white_card_id) values (116000, 116157);
insert into white_cards (id, text, watermark) values (116158, 'Going beast mode.', 'fam');
insert into card_set_white_card (card_set_id, white_card_id) values (116000, 116158);
insert into white_cards (id, text, watermark) values (116159, 'Going night night.', 'fam');
insert into card_set_white_card (card_set_id, white_card_id) values (116000, 116159);
insert into white_cards (id, text, watermark) values (116160, 'Going to Hell.', 'fam');
insert into card_set_white_card (card_set_id, white_card_id) values (116000, 116160);
insert into white_cards (id, text, watermark) values (116161, 'Grandma panties.', 'fam');
insert into card_set_white_card (card_set_id, white_card_id) values (116000, 116161);
insert into white_cards (id, text, watermark) values (116162, 'Grandpa.', 'fam');
insert into card_set_white_card (card_set_id, white_card_id) values (116000, 116162);
insert into white_cards (id, text, watermark) values (116163, 'Greta Thunberg.', 'fam');
insert into card_set_white_card (card_set_id, white_card_id) values (116000, 116163);
insert into white_cards (id, text, watermark) values (116164, 'Ham.', 'fam');
insert into card_set_white_card (card_set_id, white_card_id) values (116000, 116164);
insert into white_cards (id, text, watermark) values (116165, 'Happy daddies with happy sandals.', 'fam');
insert into card_set_white_card (card_set_id, white_card_id) values (116000, 116165);
insert into white_cards (id, text, watermark) values (116166, 'Harry Potter.', 'fam');
insert into card_set_white_card (card_set_id, white_card_id) values (116000, 116166);
insert into white_cards (id, text, watermark) values (116167, 'Having a baby.', 'fam');
insert into card_set_white_card (card_set_id, white_card_id) values (116000, 116167);
insert into white_cards (id, text, watermark) values (116168, 'Having a really big head.', 'fam');
insert into card_set_white_card (card_set_id, white_card_id) values (116000, 116168);
insert into white_cards (id, text, watermark) values (116169, 'Having many husbands.', 'fam');
insert into card_set_white_card (card_set_id, white_card_id) values (116000, 116169);
insert into white_cards (id, text, watermark) values (116170, 'Having no bones.', 'fam');
insert into card_set_white_card (card_set_id, white_card_id) values (116000, 116170);
insert into white_cards (id, text, watermark) values (116171, 'Having no friends.', 'fam');
insert into card_set_white_card (card_set_id, white_card_id) values (116000, 116171);
insert into white_cards (id, text, watermark) values (116172, 'Having to pee so bad.', 'fam');
insert into card_set_white_card (card_set_id, white_card_id) values (116000, 116172);
insert into white_cards (id, text, watermark) values (116173, 'Hogs.', 'fam');
insert into card_set_white_card (card_set_id, white_card_id) values (116000, 116173);
insert into white_cards (id, text, watermark) values (116174, 'Horrible allergies.', 'fam');
insert into card_set_white_card (card_set_id, white_card_id) values (116000, 116174);
insert into white_cards (id, text, watermark) values (116175, 'Hot, fresh doodies.', 'fam');
insert into card_set_white_card (card_set_id, white_card_id) values (116000, 116175);
insert into white_cards (id, text, watermark) values (116176, 'How much wood a woodchuck would chuck if a woodchuck could chuck wood.', 'fam');
insert into card_set_white_card (card_set_id, white_card_id) values (116000, 116176);
insert into white_cards (id, text, watermark) values (116177, 'Huge pants.', 'fam');
insert into card_set_white_card (card_set_id, white_card_id) values (116000, 116177);
insert into white_cards (id, text, watermark) values (116178, 'Huge, hairy men.', 'fam');
insert into card_set_white_card (card_set_id, white_card_id) values (116000, 116178);
insert into white_cards (id, text, watermark) values (116179, 'Hurting people''s feelings.', 'fam');
insert into card_set_white_card (card_set_id, white_card_id) values (116000, 116179);
insert into white_cards (id, text, watermark) values (116180, 'Idiots.', 'fam');
insert into card_set_white_card (card_set_id, white_card_id) values (116000, 116180);
insert into white_cards (id, text, watermark) values (116181, 'Illegal drugs.', 'fam');
insert into card_set_white_card (card_set_id, white_card_id) values (116000, 116181);
insert into white_cards (id, text, watermark) values (116182, 'Jesus.', 'fam');
insert into card_set_white_card (card_set_id, white_card_id) values (116000, 116182);
insert into white_cards (id, text, watermark) values (116183, 'John Wilkes Booth.', 'fam');
insert into card_set_white_card (card_set_id, white_card_id) values (116000, 116183);
insert into white_cards (id, text, watermark) values (116184, 'JoJo Siwa.', 'fam');
insert into card_set_white_card (card_set_id, white_card_id) values (116000, 116184);
insert into white_cards (id, text, watermark) values (116185, 'Josh.', 'fam');
insert into card_set_white_card (card_set_id, white_card_id) values (116000, 116185);
insert into white_cards (id, text, watermark) values (116186, 'Kevin''s mom.', 'fam');
insert into card_set_white_card (card_set_id, white_card_id) values (116000, 116186);
insert into white_cards (id, text, watermark) values (116187, 'Kisisng mom on the lips.', 'fam');
insert into card_set_white_card (card_set_id, white_card_id) values (116000, 116187);
insert into white_cards (id, text, watermark) values (116188, 'Knives.', 'fam');
insert into card_set_white_card (card_set_id, white_card_id) values (116000, 116188);
insert into white_cards (id, text, watermark) values (116189, 'Legs.', 'fam');
insert into card_set_white_card (card_set_id, white_card_id) values (116000, 116189);
insert into white_cards (id, text, watermark) values (116190, 'Lice.', 'fam');
insert into card_set_white_card (card_set_id, white_card_id) values (116000, 116190);
insert into white_cards (id, text, watermark) values (116191, 'Licking a used bandaid.', 'fam');
insert into card_set_white_card (card_set_id, white_card_id) values (116000, 116191);
insert into white_cards (id, text, watermark) values (116192, 'Lighting stuff on fire.', 'fam');
insert into card_set_white_card (card_set_id, white_card_id) values (116000, 116192);
insert into white_cards (id, text, watermark) values (116193, 'Literally ruining my life.', 'fam');
insert into card_set_white_card (card_set_id, white_card_id) values (116000, 116193);
insert into white_cards (id, text, watermark) values (116194, 'Living in a pineapple under the sea.', 'fam');
insert into card_set_white_card (card_set_id, white_card_id) values (116000, 116194);
insert into white_cards (id, text, watermark) values (116195, 'Living in the dumpster.', 'fam');
insert into card_set_white_card (card_set_id, white_card_id) values (116000, 116195);
insert into white_cards (id, text, watermark) values (116196, 'Locking Mother in the pantry.', 'fam');
insert into card_set_white_card (card_set_id, white_card_id) values (116000, 116196);
insert into white_cards (id, text, watermark) values (116197, 'Love.', 'fam');
insert into card_set_white_card (card_set_id, white_card_id) values (116000, 116197);
insert into white_cards (id, text, watermark) values (116198, 'Making out in a closet.', 'fam');
insert into card_set_white_card (card_set_id, white_card_id) values (116000, 116198);
insert into white_cards (id, text, watermark) values (116199, 'Many wolves.', 'fam');
insert into card_set_white_card (card_set_id, white_card_id) values (116000, 116199);
insert into white_cards (id, text, watermark) values (116200, 'Martin Luther King Jr.', 'fam');
insert into card_set_white_card (card_set_id, white_card_id) values (116000, 116200);
insert into white_cards (id, text, watermark) values (116201, 'Mashing a banana into your belly button.', 'fam');
insert into card_set_white_card (card_set_id, white_card_id) values (116000, 116201);
insert into white_cards (id, text, watermark) values (116202, 'Mayonaise.', 'fam');
insert into card_set_white_card (card_set_id, white_card_id) values (116000, 116202);
insert into white_cards (id, text, watermark) values (116203, 'Me, your dad.', 'fam');
insert into card_set_white_card (card_set_id, white_card_id) values (116000, 116203);
insert into white_cards (id, text, watermark) values (116204, 'Me.', 'fam');
insert into card_set_white_card (card_set_id, white_card_id) values (116000, 116204);
insert into white_cards (id, text, watermark) values (116205, 'Mom''s butt.', 'fam');
insert into card_set_white_card (card_set_id, white_card_id) values (116000, 116205);
insert into white_cards (id, text, watermark) values (116206, 'Mom''s friend, Donna.', 'fam');
insert into card_set_white_card (card_set_id, white_card_id) values (116000, 116206);
insert into white_cards (id, text, watermark) values (116207, 'Mom''s new haircut.', 'fam');
insert into card_set_white_card (card_set_id, white_card_id) values (116000, 116207);
insert into white_cards (id, text, watermark) values (116208, 'Most of a horse.', 'fam');
insert into card_set_white_card (card_set_id, white_card_id) values (116000, 116208);
insert into white_cards (id, text, watermark) values (116209, 'Moving to Ohio.', 'fam');
insert into card_set_white_card (card_set_id, white_card_id) values (116000, 116209);
insert into white_cards (id, text, watermark) values (116210, 'Mowing the stupid lawn.', 'fam');
insert into card_set_white_card (card_set_id, white_card_id) values (116000, 116210);
insert into white_cards (id, text, watermark) values (116211, 'Murdering.', 'fam');
insert into card_set_white_card (card_set_id, white_card_id) values (116000, 116211);
insert into white_cards (id, text, watermark) values (116212, 'My annoying brother.', 'fam');
insert into card_set_white_card (card_set_id, white_card_id) values (116000, 116212);
insert into white_cards (id, text, watermark) values (116213, 'My annoying sister.', 'fam');
insert into card_set_white_card (card_set_id, white_card_id) values (116000, 116213);
insert into white_cards (id, text, watermark) values (116214, 'My big donkey brother.', 'fam');
insert into card_set_white_card (card_set_id, white_card_id) values (116000, 116214);
insert into white_cards (id, text, watermark) values (116215, 'My father, who is a walrus.', 'fam');
insert into card_set_white_card (card_set_id, white_card_id) values (116000, 116215);
insert into white_cards (id, text, watermark) values (116216, 'My future husband.', 'fam');
insert into card_set_white_card (card_set_id, white_card_id) values (116000, 116216);
insert into white_cards (id, text, watermark) values (116217, 'My girlfriend, who goes to another school.', 'fam');
insert into card_set_white_card (card_set_id, white_card_id) values (116000, 116217);
insert into white_cards (id, text, watermark) values (116218, 'My sister''s stupid boyfriend.', 'fam');
insert into card_set_white_card (card_set_id, white_card_id) values (116000, 116218);
insert into white_cards (id, text, watermark) values (116219, 'Naked people.', 'fam');
insert into card_set_white_card (card_set_id, white_card_id) values (116000, 116219);
insert into white_cards (id, text, watermark) values (116220, 'Never showering.', 'fam');
insert into card_set_white_card (card_set_id, white_card_id) values (116000, 116220);
insert into white_cards (id, text, watermark) values (116221, 'Nipples.', 'fam');
insert into card_set_white_card (card_set_id, white_card_id) values (116000, 116221);
insert into white_cards (id, text, watermark) values (116222, 'Not wearing pants.', 'fam');
insert into card_set_white_card (card_set_id, white_card_id) values (116000, 116222);
insert into white_cards (id, text, watermark) values (116223, 'Nothing.', 'fam');
insert into card_set_white_card (card_set_id, white_card_id) values (116000, 116223);
insert into white_cards (id, text, watermark) values (116224, 'Nunchucks.', 'fam');
insert into card_set_white_card (card_set_id, white_card_id) values (116000, 116224);
insert into white_cards (id, text, watermark) values (116225, 'Obama.', 'fam');
insert into card_set_white_card (card_set_id, white_card_id) values (116000, 116225);
insert into white_cards (id, text, watermark) values (116226, 'Old Jim''s Steamy Butt Sauce.', 'fam');
insert into card_set_white_card (card_set_id, white_card_id) values (116000, 116226);
insert into white_cards (id, text, watermark) values (116227, 'Old people.', 'fam');
insert into card_set_white_card (card_set_id, white_card_id) values (116000, 116227);
insert into white_cards (id, text, watermark) values (116228, 'One long hair growing out of a mole.', 'fam');
insert into card_set_white_card (card_set_id, white_card_id) values (116000, 116228);
insert into white_cards (id, text, watermark) values (116229, 'One tough mama.', 'fam');
insert into card_set_white_card (card_set_id, white_card_id) values (116000, 116229);
insert into white_cards (id, text, watermark) values (116230, 'One weird lookin'' toe.', 'fam');
insert into card_set_white_card (card_set_id, white_card_id) values (116000, 116230);
insert into white_cards (id, text, watermark) values (116231, 'Only beans.', 'fam');
insert into card_set_white_card (card_set_id, white_card_id) values (116000, 116231);
insert into white_cards (id, text, watermark) values (116232, 'Overthrowing the government.', 'fam');
insert into card_set_white_card (card_set_id, white_card_id) values (116000, 116232);
insert into white_cards (id, text, watermark) values (116233, 'Pee-pee.', 'fam');
insert into card_set_white_card (card_set_id, white_card_id) values (116000, 116233);
insert into white_cards (id, text, watermark) values (116234, 'Peeing in the cat''s litter box.', 'fam');
insert into card_set_white_card (card_set_id, white_card_id) values (116000, 116234);
insert into white_cards (id, text, watermark) values (116235, 'Peeing into everyone''s mouth.', 'fam');
insert into card_set_white_card (card_set_id, white_card_id) values (116000, 116235);
insert into white_cards (id, text, watermark) values (116236, 'Peer pressure.', 'fam');
insert into card_set_white_card (card_set_id, white_card_id) values (116000, 116236);
insert into white_cards (id, text, watermark) values (116237, 'Person milk.', 'fam');
insert into card_set_white_card (card_set_id, white_card_id) values (116000, 116237);
insert into white_cards (id, text, watermark) values (116238, 'Pizza.', 'fam');
insert into card_set_white_card (card_set_id, white_card_id) values (116000, 116238);
insert into white_cards (id, text, watermark) values (116239, 'Playing trumpet for the mayor.', 'fam');
insert into card_set_white_card (card_set_id, white_card_id) values (116000, 116239);
insert into white_cards (id, text, watermark) values (116240, 'Politics.', 'fam');
insert into card_set_white_card (card_set_id, white_card_id) values (116000, 116240);
insert into white_cards (id, text, watermark) values (116241, 'Poo-poo.', 'fam');
insert into card_set_white_card (card_set_id, white_card_id) values (116000, 116241);
insert into white_cards (id, text, watermark) values (116242, 'Pooping barf forever.', 'fam');
insert into card_set_white_card (card_set_id, white_card_id) values (116000, 116242);
insert into white_cards (id, text, watermark) values (116243, 'Pooping on the neighbor''s lawn.', 'fam');
insert into card_set_white_card (card_set_id, white_card_id) values (116000, 116243);
insert into white_cards (id, text, watermark) values (116244, 'Pork.', 'fam');
insert into card_set_white_card (card_set_id, white_card_id) values (116000, 116244);
insert into white_cards (id, text, watermark) values (116245, 'Poseidon, Lord of the Sea.', 'fam');
insert into card_set_white_card (card_set_id, white_card_id) values (116000, 116245);
insert into white_cards (id, text, watermark) values (116246, 'Principal Butthead.', 'fam');
insert into card_set_white_card (card_set_id, white_card_id) values (116000, 116246);
insert into white_cards (id, text, watermark) values (116247, 'Puberty.', 'fam');
insert into card_set_white_card (card_set_id, white_card_id) values (116000, 116247);
insert into white_cards (id, text, watermark) values (116248, 'Punching a guy through a wall.', 'fam');
insert into card_set_white_card (card_set_id, white_card_id) values (116000, 116248);
insert into white_cards (id, text, watermark) values (116249, 'Punching everyone.', 'fam');
insert into card_set_white_card (card_set_id, white_card_id) values (116000, 116249);
insert into white_cards (id, text, watermark) values (116250, 'Putting my brain into the body of a tiger.', 'fam');
insert into card_set_white_card (card_set_id, white_card_id) values (116000, 116250);
insert into white_cards (id, text, watermark) values (116251, 'Putting my butt on stuff.', 'fam');
insert into card_set_white_card (card_set_id, white_card_id) values (116000, 116251);
insert into white_cards (id, text, watermark) values (116252, 'Questioning authority.', 'fam');
insert into card_set_white_card (card_set_id, white_card_id) values (116000, 116252);
insert into white_cards (id, text, watermark) values (116253, 'Racism, sexism, and homophobia.', 'fam');
insert into card_set_white_card (card_set_id, white_card_id) values (116000, 116253);
insert into white_cards (id, text, watermark) values (116254, 'Rated-R stuff.', 'fam');
insert into card_set_white_card (card_set_id, white_card_id) values (116000, 116254);
insert into white_cards (id, text, watermark) values (116255, 'Respecting personal boundaries.', 'fam');
insert into card_set_white_card (card_set_id, white_card_id) values (116000, 116255);
insert into white_cards (id, text, watermark) values (116256, 'Rich people.', 'fam');
insert into card_set_white_card (card_set_id, white_card_id) values (116000, 116256);
insert into white_cards (id, text, watermark) values (116257, 'Running away from home.', 'fam');
insert into card_set_white_card (card_set_id, white_card_id) values (116000, 116257);
insert into white_cards (id, text, watermark) values (116258, 'Running full speed into a wall.', 'fam');
insert into card_set_white_card (card_set_id, white_card_id) values (116000, 116258);
insert into white_cards (id, text, watermark) values (116259, 'Sacrificing Uncle Tim.', 'fam');
insert into card_set_white_card (card_set_id, white_card_id) values (116000, 116259);
insert into white_cards (id, text, watermark) values (116260, 'Satan.', 'fam');
insert into card_set_white_card (card_set_id, white_card_id) values (116000, 116260);
insert into white_cards (id, text, watermark) values (116261, 'Saving up my boogers for ten years and then building the world''s largest booger.', 'fam');
insert into card_set_white_card (card_set_id, white_card_id) values (116000, 116261);
insert into white_cards (id, text, watermark) values (116262, 'Screaming and screaming and never waking up.', 'fam');
insert into card_set_white_card (card_set_id, white_card_id) values (116000, 116262);
insert into white_cards (id, text, watermark) values (116263, 'Screaming into a can of Pringles.', 'fam');
insert into card_set_white_card (card_set_id, white_card_id) values (116000, 116263);
insert into white_cards (id, text, watermark) values (116264, 'Screaming the F-word.', 'fam');
insert into card_set_white_card (card_set_id, white_card_id) values (116000, 116264);
insert into white_cards (id, text, watermark) values (116265, 'Seymour Butts.', 'fam');
insert into card_set_white_card (card_set_id, white_card_id) values (116000, 116265);
insert into white_cards (id, text, watermark) values (116266, 'Sharks.', 'fam');
insert into card_set_white_card (card_set_id, white_card_id) values (116000, 116266);
insert into white_cards (id, text, watermark) values (116267, 'Shaving Dad''s back.', 'fam');
insert into card_set_white_card (card_set_id, white_card_id) values (116000, 116267);
insert into white_cards (id, text, watermark) values (116268, 'Shoplifiting.', 'fam');
insert into card_set_white_card (card_set_id, white_card_id) values (116000, 116268);
insert into white_cards (id, text, watermark) values (116269, 'Shrek.', 'fam');
insert into card_set_white_card (card_set_id, white_card_id) values (116000, 116269);
insert into white_cards (id, text, watermark) values (116270, 'Shutting up.', 'fam');
insert into card_set_white_card (card_set_id, white_card_id) values (116000, 116270);
insert into white_cards (id, text, watermark) values (116271, 'SILENCE!', 'fam');
insert into card_set_white_card (card_set_id, white_card_id) values (116000, 116271);
insert into white_cards (id, text, watermark) values (116272, 'Sitting on a cake.', 'fam');
insert into card_set_white_card (card_set_id, white_card_id) values (116000, 116272);
insert into white_cards (id, text, watermark) values (116273, 'Sitting on the toilet and going poop.', 'fam');
insert into card_set_white_card (card_set_id, white_card_id) values (116000, 116273);
insert into white_cards (id, text, watermark) values (116274, 'Slapping that butt.', 'fam');
insert into card_set_white_card (card_set_id, white_card_id) values (116000, 116274);
insert into white_cards (id, text, watermark) values (116275, 'Slowly turning into cheese.', 'fam');
insert into card_set_white_card (card_set_id, white_card_id) values (116000, 116275);
insert into white_cards (id, text, watermark) values (116276, 'Smelling like onions.', 'fam');
insert into card_set_white_card (card_set_id, white_card_id) values (116000, 116276);
insert into white_cards (id, text, watermark) values (116277, 'Sniffing a dog''s butt.', 'fam');
insert into card_set_white_card (card_set_id, white_card_id) values (116000, 116277);
insert into white_cards (id, text, watermark) values (116278, 'Social media.', 'fam');
insert into card_set_white_card (card_set_id, white_card_id) values (116000, 116278);
insert into white_cards (id, text, watermark) values (116279, 'Some freakin'' privacy.', 'fam');
insert into card_set_white_card (card_set_id, white_card_id) values (116000, 116279);
insert into white_cards (id, text, watermark) values (116280, 'Soup.', 'fam');
insert into card_set_white_card (card_set_id, white_card_id) values (116000, 116280);
insert into white_cards (id, text, watermark) values (116281, 'Space lasers.', 'fam');
insert into card_set_white_card (card_set_id, white_card_id) values (116000, 116281);
insert into white_cards (id, text, watermark) values (116282, 'Spending my parent''s hard-earned money.', 'fam');
insert into card_set_white_card (card_set_id, white_card_id) values (116000, 116282);
insert into white_cards (id, text, watermark) values (116283, 'Spider-Man.', 'fam');
insert into card_set_white_card (card_set_id, white_card_id) values (116000, 116283);
insert into white_cards (id, text, watermark) values (116284, 'Squirty cheese.', 'fam');
insert into card_set_white_card (card_set_id, white_card_id) values (116000, 116284);
insert into white_cards (id, text, watermark) values (116285, 'Stank breath.', 'fam');
insert into card_set_white_card (card_set_id, white_card_id) values (116000, 116285);
insert into white_cards (id, text, watermark) values (116286, 'Stealing people''s money and going to jail.', 'fam');
insert into card_set_white_card (card_set_id, white_card_id) values (116000, 116286);
insert into white_cards (id, text, watermark) values (116287, 'Stuff.', 'fam');
insert into card_set_white_card (card_set_id, white_card_id) values (116000, 116287);
insert into white_cards (id, text, watermark) values (116288, 'Stuffing my underwear with pancakes.', 'fam');
insert into card_set_white_card (card_set_id, white_card_id) values (116000, 116288);
insert into white_cards (id, text, watermark) values (116289, 'Supreme Court Justice Ruth Bader Ginsburg.', 'fam');
insert into card_set_white_card (card_set_id, white_card_id) values (116000, 116289);
insert into white_cards (id, text, watermark) values (116290, 'Swords.', 'fam');
insert into card_set_white_card (card_set_id, white_card_id) values (116000, 116290);
insert into white_cards (id, text, watermark) values (116291, 'Taking a dump in the pool.', 'fam');
insert into card_set_white_card (card_set_id, white_card_id) values (116000, 116291);
insert into white_cards (id, text, watermark) values (116292, 'Teaching a chicken to kill.', 'fam');
insert into card_set_white_card (card_set_id, white_card_id) values (116000, 116292);
insert into white_cards (id, text, watermark) values (116293, 'Teeny, tiny turds.', 'fam');
insert into card_set_white_card (card_set_id, white_card_id) values (116000, 116293);
insert into white_cards (id, text, watermark) values (116294, 'The baby.', 'fam');
insert into card_set_white_card (card_set_id, white_card_id) values (116000, 116294);
insert into white_cards (id, text, watermark) values (116295, 'The babysitter.', 'fam');
insert into card_set_white_card (card_set_id, white_card_id) values (116000, 116295);
insert into white_cards (id, text, watermark) values (116296, 'The beautiful potato.', 'fam');
insert into card_set_white_card (card_set_id, white_card_id) values (116000, 116296);
insert into white_cards (id, text, watermark) values (116297, 'The British.', 'fam');
insert into card_set_white_card (card_set_id, white_card_id) values (116000, 116297);
insert into white_cards (id, text, watermark) values (116298, 'The bus driver.', 'fam');
insert into card_set_white_card (card_set_id, white_card_id) values (116000, 116298);
insert into white_cards (id, text, watermark) values (116299, 'The dentist.', 'fam');
insert into card_set_white_card (card_set_id, white_card_id) values (116000, 116299);
insert into white_cards (id, text, watermark) values (116300, 'The divorce.', 'fam');
insert into card_set_white_card (card_set_id, white_card_id) values (116000, 116300);
insert into white_cards (id, text, watermark) values (116301, 'The entire state of Texas.', 'fam');
insert into card_set_white_card (card_set_id, white_card_id) values (116000, 116301);
insert into white_cards (id, text, watermark) values (116302, 'The first female President of the United States of America.', 'fam');
insert into card_set_white_card (card_set_id, white_card_id) values (116000, 116302);
insert into white_cards (id, text, watermark) values (116303, 'The garbage man.', 'fam');
insert into card_set_white_card (card_set_id, white_card_id) values (116000, 116303);
insert into white_cards (id, text, watermark) values (116304, 'The gluteus maximus.', 'fam');
insert into card_set_white_card (card_set_id, white_card_id) values (116000, 116304);
insert into white_cards (id, text, watermark) values (116305, 'The government.', 'fam');
insert into card_set_white_card (card_set_id, white_card_id) values (116000, 116305);
insert into white_cards (id, text, watermark) values (116306, 'The huge, stupid moon.', 'fam');
insert into card_set_white_card (card_set_id, white_card_id) values (116000, 116306);
insert into white_cards (id, text, watermark) values (116307, 'The loose skin at the joint of the elbow known as "the weenus."', 'fam');
insert into card_set_white_card (card_set_id, white_card_id) values (116000, 116307);
insert into white_cards (id, text, watermark) values (116308, 'The middle finger.', 'fam');
insert into card_set_white_card (card_set_id, white_card_id) values (116000, 116308);
insert into white_cards (id, text, watermark) values (116309, 'The octopus stuck to my face.', 'fam');
insert into card_set_white_card (card_set_id, white_card_id) values (116000, 116309);
insert into white_cards (id, text, watermark) values (116310, 'The old man with the rake who lives down the dark and winding road.', 'fam');
insert into card_set_white_card (card_set_id, white_card_id) values (116000, 116310);
insert into white_cards (id, text, watermark) values (116311, 'The oppressive system of capitalism.', 'fam');
insert into card_set_white_card (card_set_id, white_card_id) values (116000, 116311);
insert into white_cards (id, text, watermark) values (116312, 'The police.', 'fam');
insert into card_set_white_card (card_set_id, white_card_id) values (116000, 116312);
insert into white_cards (id, text, watermark) values (116313, 'The president.', 'fam');
insert into card_set_white_card (card_set_id, white_card_id) values (116000, 116313);
insert into white_cards (id, text, watermark) values (116314, 'The Russians.', 'fam');
insert into card_set_white_card (card_set_id, white_card_id) values (116000, 116314);
insert into white_cards (id, text, watermark) values (116315, 'The sweet honking or Karen''s bassoon.', 'fam');
insert into card_set_white_card (card_set_id, white_card_id) values (116000, 116315);
insert into white_cards (id, text, watermark) values (116316, 'The terrible winter of 1609.', 'fam');
insert into card_set_white_card (card_set_id, white_card_id) values (116000, 116316);
insert into white_cards (id, text, watermark) values (116317, 'The Underground Railroad.', 'fam');
insert into card_set_white_card (card_set_id, white_card_id) values (116000, 116317);
insert into white_cards (id, text, watermark) values (116318, 'The way grandpa smells.', 'fam');
insert into card_set_white_card (card_set_id, white_card_id) values (116000, 116318);
insert into white_cards (id, text, watermark) values (116319, 'The way I feel when I see Kyle.', 'fam');
insert into card_set_white_card (card_set_id, white_card_id) values (116000, 116319);
insert into white_cards (id, text, watermark) values (116320, 'The wettest fart you ever heard.', 'fam');
insert into card_set_white_card (card_set_id, white_card_id) values (116000, 116320);
insert into white_cards (id, text, watermark) values (116321, 'The whole family.', 'fam');
insert into card_set_white_card (card_set_id, white_card_id) values (116000, 116321);
insert into white_cards (id, text, watermark) values (116322, 'Thick, nasty burps.', 'fam');
insert into card_set_white_card (card_set_id, white_card_id) values (116000, 116322);
insert into white_cards (id, text, watermark) values (116323, 'This goat, who is my friend.', 'fam');
insert into card_set_white_card (card_set_id, white_card_id) values (116000, 116323);
insert into white_cards (id, text, watermark) values (116324, 'This stupid game.', 'fam');
insert into card_set_white_card (card_set_id, white_card_id) values (116000, 116324);
insert into white_cards (id, text, watermark) values (116325, 'Thousands of lasagna', 'fam');
insert into card_set_white_card (card_set_id, white_card_id) values (116000, 116325);
insert into white_cards (id, text, watermark) values (116326, 'Throwing up double peace signs with my besties at Starbucks.', 'fam');
insert into card_set_white_card (card_set_id, white_card_id) values (116000, 116326);
insert into white_cards (id, text, watermark) values (116327, 'Tongue kissing.', 'fam');
insert into card_set_white_card (card_set_id, white_card_id) values (116000, 116327);
insert into white_cards (id, text, watermark) values (116328, 'Tossed salads and scrambled eggs.', 'fam');
insert into card_set_white_card (card_set_id, white_card_id) values (116000, 116328);
insert into white_cards (id, text, watermark) values (116329, 'Total crap.', 'fam');
insert into card_set_white_card (card_set_id, white_card_id) values (116000, 116329);
insert into white_cards (id, text, watermark) values (116330, 'Trees.', 'fam');
insert into card_set_white_card (card_set_id, white_card_id) values (116000, 116330);
insert into white_cards (id, text, watermark) values (116331, 'Triangles.', 'fam');
insert into card_set_white_card (card_set_id, white_card_id) values (116000, 116331);
insert into white_cards (id, text, watermark) values (116332, 'Trying to catch that dang raccoon.', 'fam');
insert into card_set_white_card (card_set_id, white_card_id) values (116000, 116332);
insert into white_cards (id, text, watermark) values (116333, 'Turning 40.', 'fam');
insert into card_set_white_card (card_set_id, white_card_id) values (116000, 116333);
insert into white_cards (id, text, watermark) values (116334, 'Twerking.', 'fam');
insert into card_set_white_card (card_set_id, white_card_id) values (116000, 116334);
insert into white_cards (id, text, watermark) values (116335, 'Uncle Bob.', 'fam');
insert into card_set_white_card (card_set_id, white_card_id) values (116000, 116335);
insert into white_cards (id, text, watermark) values (116336, 'Unleashing a hell demon that will destroy our world.', 'fam');
insert into card_set_white_card (card_set_id, white_card_id) values (116000, 116336);
insert into white_cards (id, text, watermark) values (116337, 'Uranus.', 'fam');
insert into card_set_white_card (card_set_id, white_card_id) values (116000, 116337);
insert into white_cards (id, text, watermark) values (116338, 'Using balloons as boobies.', 'fam');
insert into card_set_white_card (card_set_id, white_card_id) values (116000, 116338);
insert into white_cards (id, text, watermark) values (116339, 'Using my butt as a microwave.', 'fam');
insert into card_set_white_card (card_set_id, white_card_id) values (116000, 116339);
insert into white_cards (id, text, watermark) values (116340, 'Voldemort.', 'fam');
insert into card_set_white_card (card_set_id, white_card_id) values (116000, 116340);
insert into white_cards (id, text, watermark) values (116341, 'Water.', 'fam');
insert into card_set_white_card (card_set_id, white_card_id) values (116000, 116341);
insert into white_cards (id, text, watermark) values (116342, 'Whatever dad does at work.', 'fam');
insert into card_set_white_card (card_set_id, white_card_id) values (116000, 116342);
insert into white_cards (id, text, watermark) values (116343, 'Wiping my butt.', 'fam');
insert into card_set_white_card (card_set_id, white_card_id) values (116000, 116343);
insert into white_cards (id, text, watermark) values (116344, 'You.', 'fam');
insert into card_set_white_card (card_set_id, white_card_id) values (116000, 116344);
insert into white_cards (id, text, watermark) values (116345, 'Your face.', 'fam');
insert into card_set_white_card (card_set_id, white_card_id) values (116000, 116345);
insert into white_cards (id, text, watermark) values (116346, 'Your mom!', 'fam');
insert into card_set_white_card (card_set_id, white_card_id) values (116000, 116346);

insert into black_cards (id, text, draw, pick, watermark) values (116000, '____? No.', '0', '1', 'fam');
insert into card_set_black_card (card_set_id, black_card_id) values (116000, 116000);
insert into black_cards (id, text, draw, pick, watermark) values (116001, 'Alright, which one of you little terds is responsible for ____?!', '0', '1', 'fam');
insert into card_set_black_card (card_set_id, black_card_id) values (116000, 116001);
insert into black_cards (id, text, draw, pick, watermark) values (116002, 'At school, I''m just Mandy. But at summer camp, I''m "____ Mandy."', '0', '1', 'fam');
insert into card_set_black_card (card_set_id, black_card_id) values (116000, 116002);
insert into black_cards (id, text, draw, pick, watermark) values (116003, 'Attention students. This is Principal Butthead. Please remember that we do not alow ____ in the hallway. Thank you.', '0', '1', 'fam');
insert into card_set_black_card (card_set_id, black_card_id) values (116000, 116003);
insert into black_cards (id, text, draw, pick, watermark) values (116004, 'Beep beep! ____ coming through!', '0', '1', 'fam');
insert into card_set_black_card (card_set_id, black_card_id) values (116000, 116004);
insert into black_cards (id, text, draw, pick, watermark) values (116005, 'Before I attend your sleepover, I must inform you: toys bore me, and I don''t care for sweets. I prefer ____.', '0', '1', 'fam');
insert into card_set_black_card (card_set_id, black_card_id) values (116000, 116005);
insert into black_cards (id, text, draw, pick, watermark) values (116006, 'Bow before me, for I am the Queen of ____!', '0', '1', 'fam');
insert into card_set_black_card (card_set_id, black_card_id) values (116000, 116006);
insert into black_cards (id, text, draw, pick, watermark) values (116007, 'Boys? No. ____? Yes!', '0', '1', 'fam');
insert into card_set_black_card (card_set_id, black_card_id) values (116000, 116007);
insert into black_cards (id, text, draw, pick, watermark) values (116008, 'CHUNGO FEEL SICK. CHUNGO NO LIKE ____ ANYMORE.', '0', '1', 'fam');
insert into card_set_black_card (card_set_id, black_card_id) values (116000, 116008);
insert into black_cards (id, text, draw, pick, watermark) values (116009, 'Class, pay close attention. I will now demonstrate the physics of ____.', '0', '1', 'fam');
insert into card_set_black_card (card_set_id, black_card_id) values (116000, 116009);
insert into black_cards (id, text, draw, pick, watermark) values (116010, 'Come on, Danny. All the cool kids are doin'' it. Wanna try ____?', '0', '1', 'fam');
insert into card_set_black_card (card_set_id, black_card_id) values (116000, 116010);
insert into black_cards (id, text, draw, pick, watermark) values (116011, 'Come with me, and I will show you a world of ____.', '0', '1', 'fam');
insert into card_set_black_card (card_set_id, black_card_id) values (116000, 116011);
insert into black_cards (id, text, draw, pick, watermark) values (116012, 'Coming soon! Batman vs. ____.', '0', '1', 'fam');
insert into card_set_black_card (card_set_id, black_card_id) values (116000, 116012);
insert into black_cards (id, text, draw, pick, watermark) values (116013, 'Coming to theaters this holiday season, "Star Wars: The Rise of ____."', '0', '1', 'fam');
insert into card_set_black_card (card_set_id, black_card_id) values (116000, 116013);
insert into black_cards (id, text, draw, pick, watermark) values (116014, 'Did you know that Benjamin Franklin invented ____?', '0', '1', 'fam');
insert into card_set_black_card (card_set_id, black_card_id) values (116000, 116014);
insert into black_cards (id, text, draw, pick, watermark) values (116015, 'ENOUGH! I will not let ____ tear this family apart!', '0', '1', 'fam');
insert into card_set_black_card (card_set_id, black_card_id) values (116000, 116015);
insert into black_cards (id, text, draw, pick, watermark) values (116016, 'Ew. Grandpa smells like ____.', '0', '1', 'fam');
insert into card_set_black_card (card_set_id, black_card_id) values (116000, 116016);
insert into black_cards (id, text, draw, pick, watermark) values (116017, 'Foolish child! Did you think you could escape from ____?', '0', '1', 'fam');
insert into card_set_black_card (card_set_id, black_card_id) values (116000, 116017);
insert into black_cards (id, text, draw, pick, watermark) values (116018, 'Guys, stop it! There''s nothing funny about ____.', '0', '1', 'fam');
insert into card_set_black_card (card_set_id, black_card_id) values (116000, 116018);
insert into black_cards (id, text, draw, pick, watermark) values (116019, 'Hey guys. I just want to tell all my followers who are struggling with ____: it DOES get better.', '0', '1', 'fam');
insert into card_set_black_card (card_set_id, black_card_id) values (116000, 116019);
insert into black_cards (id, text, draw, pick, watermark) values (116020, 'Hey, check out my band! We''re called "Rage Against ____."', '0', '1', 'fam');
insert into card_set_black_card (card_set_id, black_card_id) values (116000, 116020);
insert into black_cards (id, text, draw, pick, watermark) values (116021, 'Hey, kids. I''m Sensei Todd. Today, I''m gonna teach you how to defend yourself against ____.', '0', '1', 'fam');
insert into card_set_black_card (card_set_id, black_card_id) values (116000, 116021);
insert into black_cards (id, text, draw, pick, watermark) values (116022, 'Huddle up, Wildcats! They may be bigger. They may be faster. But we''ve got a secret weapon: ____.', '0', '1', 'fam');
insert into card_set_black_card (card_set_id, black_card_id) values (116000, 116022);
insert into black_cards (id, text, draw, pick, watermark) values (116023, 'I don’t really know what my mom''s job is, but I think it has something to do with ____.', '0', '1', 'fam');
insert into card_set_black_card (card_set_id, black_card_id) values (116000, 116023);
insert into black_cards (id, text, draw, pick, watermark) values (116024, 'I have invented a new sport. I call it "____ ball."', '0', '1', 'fam');
insert into card_set_black_card (card_set_id, black_card_id) values (116000, 116024);
insert into black_cards (id, text, draw, pick, watermark) values (116025, 'I lost my arm in a ____ accident.', '0', '1', 'fam');
insert into card_set_black_card (card_set_id, black_card_id) values (116000, 116025);
insert into black_cards (id, text, draw, pick, watermark) values (116026, 'Isn''t this great, honey? Just you, me, the kids, and ____.', '0', '1', 'fam');
insert into card_set_black_card (card_set_id, black_card_id) values (116000, 116026);
insert into black_cards (id, text, draw, pick, watermark) values (116027, '"It''s BIG. It''s SCARY. It''s ____!"', '0', '1', 'fam');
insert into card_set_black_card (card_set_id, black_card_id) values (116000, 116027);
insert into black_cards (id, text, draw, pick, watermark) values (116028, 'James Bond will return in "No Time for ____."', '0', '1', 'fam');
insert into card_set_black_card (card_set_id, black_card_id) values (116000, 116028);
insert into black_cards (id, text, draw, pick, watermark) values (116029, 'Joey, look out behind you! It''s ____!', '0', '1', 'fam');
insert into card_set_black_card (card_set_id, black_card_id) values (116000, 116029);
insert into black_cards (id, text, draw, pick, watermark) values (116030, 'Kids, Dad is trying something new this week. It''s called "____".', '0', '1', 'fam');
insert into card_set_black_card (card_set_id, black_card_id) values (116000, 116030);
insert into black_cards (id, text, draw, pick, watermark) values (116031, 'Ladies and gentlemen, I have discovered something amazing. I have discovered ____.', '0', '1', 'fam');
insert into card_set_black_card (card_set_id, black_card_id) values (116000, 116031);
insert into black_cards (id, text, draw, pick, watermark) values (116032, 'Madam President, we''ve run out of time. The only option is ____.', '0', '1', 'fam');
insert into card_set_black_card (card_set_id, black_card_id) values (116000, 116032);
insert into black_cards (id, text, draw, pick, watermark) values (116033, 'Me and my friends don''t play with dolls anymore. We''re into ____ now.', '0', '1', 'fam');
insert into card_set_black_card (card_set_id, black_card_id) values (116000, 116033);
insert into black_cards (id, text, draw, pick, watermark) values (116034, 'ME HUNGRY. ME WANT ____.', '0', '1', 'fam');
insert into card_set_black_card (card_set_id, black_card_id) values (116000, 116034);
insert into black_cards (id, text, draw, pick, watermark) values (116035, 'Mom? You have to come pick me up! There''s ____ at this party.', '0', '1', 'fam');
insert into card_set_black_card (card_set_id, black_card_id) values (116000, 116035);
insert into black_cards (id, text, draw, pick, watermark) values (116036, 'Moms love ____.', '0', '1', 'fam');
insert into card_set_black_card (card_set_id, black_card_id) values (116000, 116036);
insert into black_cards (id, text, draw, pick, watermark) values (116037, 'My dad and I enjoy ____ together.', '0', '1', 'fam');
insert into card_set_black_card (card_set_id, black_card_id) values (116000, 116037);
insert into black_cards (id, text, draw, pick, watermark) values (116038, 'My favorite book is "The Amazing Adventures of ____."', '0', '1', 'fam');
insert into card_set_black_card (card_set_id, black_card_id) values (116000, 116038);
insert into black_cards (id, text, draw, pick, watermark) values (116039, 'MY NAME IS CHUNGO. CHUNGO LOVE ____.', '0', '1', 'fam');
insert into card_set_black_card (card_set_id, black_card_id) values (116000, 116039);
insert into black_cards (id, text, draw, pick, watermark) values (116040, 'My name is Peter Parker. I was bitten by ____, and now I''m ____.', '1', '2', 'fam');
insert into card_set_black_card (card_set_id, black_card_id) values (116000, 116040);
insert into black_cards (id, text, draw, pick, watermark) values (116041, 'Never fear, Captain ____ is here!', '0', '1', 'fam');
insert into card_set_black_card (card_set_id, black_card_id) values (116000, 116041);
insert into black_cards (id, text, draw, pick, watermark) values (116042, 'New from Mattel! It''s BUNGO: The Game of ____."', '0', '1', 'fam');
insert into card_set_black_card (card_set_id, black_card_id) values (116000, 116042);
insert into black_cards (id, text, draw, pick, watermark) values (116043, 'Next from J.K. Rowling: Harry Potter and the Chamber of ____.', '0', '1', 'fam');
insert into card_set_black_card (card_set_id, black_card_id) values (116000, 116043);
insert into black_cards (id, text, draw, pick, watermark) values (116044, 'Now in bookstores: Nancy Drew and the Mystery of ____.', '0', '1', 'fam');
insert into card_set_black_card (card_set_id, black_card_id) values (116000, 116044);
insert into black_cards (id, text, draw, pick, watermark) values (116045, 'Oh Dark Lord, we show our devotion with a humble offering of ____!', '0', '1', 'fam');
insert into card_set_black_card (card_set_id, black_card_id) values (116000, 116045);
insert into black_cards (id, text, draw, pick, watermark) values (116046, 'Oh, no thank you, Mrs. Lee. I''ve had plenty of ____ for now.', '0', '1', 'fam');
insert into card_set_black_card (card_set_id, black_card_id) values (116000, 116046);
insert into black_cards (id, text, draw, pick, watermark) values (116047, 'One nation, under God, indivisible, with liberty and ____ for all.', '0', '1', 'fam');
insert into card_set_black_card (card_set_id, black_card_id) values (116000, 116047);
insert into black_cards (id, text, draw, pick, watermark) values (116048, 'Outback Steakhouse: No rules. Just ____.', '0', '1', 'fam');
insert into card_set_black_card (card_set_id, black_card_id) values (116000, 116048);
insert into black_cards (id, text, draw, pick, watermark) values (116049, 'Police! Arrest this man! He''s ____!', '0', '1', 'fam');
insert into card_set_black_card (card_set_id, black_card_id) values (116000, 116049);
insert into black_cards (id, text, draw, pick, watermark) values (116050, 'Run, run, as fast as you can. You can''t catch me, I''m ____!', '0', '1', 'fam');
insert into card_set_black_card (card_set_id, black_card_id) values (116000, 116050);
insert into black_cards (id, text, draw, pick, watermark) values (116051, 'Shut up, Becky! At least I''m not ____.', '0', '1', 'fam');
insert into card_set_black_card (card_set_id, black_card_id) values (116000, 116051);
insert into black_cards (id, text, draw, pick, watermark) values (116052, 'Thanks for watching! IF you want to seee more vids of ____, smash that subscribe.', '0', '1', 'fam');
insert into card_set_black_card (card_set_id, black_card_id) values (116000, 116052);
insert into black_cards (id, text, draw, pick, watermark) values (116053, 'The easiest way to tell me and my twin apart is that I have a freckle on my cheek and she''s ____.', '0', '1', 'fam');
insert into card_set_black_card (card_set_id, black_card_id) values (116000, 116053);
insert into black_cards (id, text, draw, pick, watermark) values (116054, 'The warm August air was filled with change. Things were different, for Emily was now ____.', '0', '1', 'fam');
insert into card_set_black_card (card_set_id, black_card_id) values (116000, 116054);
insert into black_cards (id, text, draw, pick, watermark) values (116055, 'There''s nothing better than a peanut butter and ____ sandwich.', '0', '1', 'fam');
insert into card_set_black_card (card_set_id, black_card_id) values (116000, 116055);
insert into black_cards (id, text, draw, pick, watermark) values (116056, 'They call me "Mr. ____."', '0', '1', 'fam');
insert into card_set_black_card (card_set_id, black_card_id) values (116000, 116056);
insert into black_cards (id, text, draw, pick, watermark) values (116057, 'This is gonna be the best sleepover ever. Once Mom and Dad go to bed, it''s time for ____!', '0', '1', 'fam');
insert into card_set_black_card (card_set_id, black_card_id) values (116000, 116057);
insert into black_cards (id, text, draw, pick, watermark) values (116058, 'Time to put on my favorite t-shirt, the one that says "I heart ____."', '0', '1', 'fam');
insert into card_set_black_card (card_set_id, black_card_id) values (116000, 116058);
insert into black_cards (id, text, draw, pick, watermark) values (116059, 'Today we honor St. Mungo, the patron saint of ____.', '0', '1', 'fam');
insert into card_set_black_card (card_set_id, black_card_id) values (116000, 116059);
insert into black_cards (id, text, draw, pick, watermark) values (116060, 'We''re off to see the wizard, the wonderful wizard of ____!', '0', '1', 'fam');
insert into card_set_black_card (card_set_id, black_card_id) values (116000, 116060);
insert into black_cards (id, text, draw, pick, watermark) values (116061, 'Well, look at what we have here! A big fancy man walkin'' like he''s ____.', '0', '1', 'fam');
insert into card_set_black_card (card_set_id, black_card_id) values (116000, 116061);
insert into black_cards (id, text, draw, pick, watermark) values (116062, 'What killed Old Jim?', '0', '1', 'fam');
insert into card_set_black_card (card_set_id, black_card_id) values (116000, 116062);
insert into black_cards (id, text, draw, pick, watermark) values (116063, 'What''s about to take this school to the next level?', '0', '1', 'fam');
insert into card_set_black_card (card_set_id, black_card_id) values (116000, 116063);
insert into black_cards (id, text, draw, pick, watermark) values (116064, 'Where do babies come from?', '0', '1', 'fam');
insert into card_set_black_card (card_set_id, black_card_id) values (116000, 116064);
insert into black_cards (id, text, draw, pick, watermark) values (116065, 'Whoa there, partner! Looks like ____ spooked my horse.', '0', '1', 'fam');
insert into card_set_black_card (card_set_id, black_card_id) values (116000, 116065);
insert into black_cards (id, text, draw, pick, watermark) values (116066, 'You don''t love me, Sam. All you care about is ____.', '0', '1', 'fam');
insert into card_set_black_card (card_set_id, black_card_id) values (116000, 116066);

COMMIT;
