BEGIN;

delete from card_set_white_card where card_set_id = 132000;
delete from card_set_black_card where card_set_id = 132000;
delete from white_cards where id >= 132000 and id <= 132999;
delete from black_cards where id >= 132000 and id <= 132999;
delete from card_set where id=132000;

insert into card_set (id, active, name, base_deck, description, weight) values (132000, 't', 'Fantasy Pack', 'f', 'A pack co-written with make-believers Pat Rothfuss, Neil Gaiman, Sam Sykes, Myke Cole, Jacqueline Carey, Martha Wells, Sherwood Smith, Elizabeth Bear, and Wesley Chu. Released November 19, 2015. Icon: A Hitachi Magic Wand.', 999);

insert into white_cards (id, text, watermark) values (132000, 'A CGI dragon.', 'fntsy');
insert into card_set_white_card (card_set_id, white_card_id) values (132000, 132000);
insert into white_cards (id, text, watermark) values (132001, 'A dwarf who won''t leave you alone until you compare penis sizes.', 'fntsy');
insert into card_set_white_card (card_set_id, white_card_id) values (132000, 132001);
insert into white_cards (id, text, watermark) values (132002, 'A gay sorcerer who turns everyone gay.', 'fntsy');
insert into card_set_white_card (card_set_id, white_card_id) values (132000, 132002);
insert into white_cards (id, text, watermark) values (132003, 'A ghoul.', 'fntsy');
insert into card_set_white_card (card_set_id, white_card_id) values (132000, 132003);
insert into white_cards (id, text, watermark) values (132004, 'A gnome who won’t leave you alone until you compare penis sizes.', 'fntsy');
insert into card_set_white_card (card_set_id, white_card_id) values (132000, 132004);
insert into white_cards (id, text, watermark) values (132005, 'A Hitachi Magic Wand.', 'fntsy');
insert into card_set_white_card (card_set_id, white_card_id) values (132000, 132005);
insert into white_cards (id, text, watermark) values (132006, 'A hot swamp full of horny witches.', 'fntsy');
insert into card_set_white_card (card_set_id, white_card_id) values (132000, 132006);
insert into white_cards (id, text, watermark) values (132007, 'A magical kingdom with dragons and elves and no black people.', 'fntsy');
insert into card_set_white_card (card_set_id, white_card_id) values (132000, 132007);
insert into white_cards (id, text, watermark) values (132008, 'A mysterious, floating orb.', 'fntsy');
insert into card_set_white_card (card_set_id, white_card_id) values (132000, 132008);
insert into white_cards (id, text, watermark) values (132009, 'A weed elemental who gets everyone high.', 'fntsy');
insert into card_set_white_card (card_set_id, white_card_id) values (132000, 132009);
insert into white_cards (id, text, watermark) values (132010, 'Accidentally conjuring a legless horse that can''t stop ejaculating.', 'fntsy');
insert into card_set_white_card (card_set_id, white_card_id) values (132000, 132010);
insert into white_cards (id, text, watermark) values (132011, 'Astral-projecting into the Goat Realm.', 'fntsy');
insert into card_set_white_card (card_set_id, white_card_id) values (132000, 132011);
insert into white_cards (id, text, watermark) values (132012, 'Bathing naked in a moonlit grove.', 'fntsy');
insert into card_set_white_card (card_set_id, white_card_id) values (132000, 132012);
insert into white_cards (id, text, watermark) values (132013, 'Dinosaurs who wear armor and you ride them and they kick ass.', 'fntsy');
insert into card_set_white_card (card_set_id, white_card_id) values (132000, 132013);
insert into white_cards (id, text, watermark) values (132014, 'Eternal darkness.', 'fntsy');
insert into card_set_white_card (card_set_id, white_card_id) values (132000, 132014);
insert into white_cards (id, text, watermark) values (132015, 'Foraging for berries in yonder wood.', 'fntsy');
insert into card_set_white_card (card_set_id, white_card_id) values (132000, 132015);
insert into white_cards (id, text, watermark) values (132016, 'Freaky, pan-dimensional sex with a demigod.', 'fntsy');
insert into card_set_white_card (card_set_id, white_card_id) values (132000, 132016);
insert into white_cards (id, text, watermark) values (132017, 'Gender equality.', 'fntsy');
insert into card_set_white_card (card_set_id, white_card_id) values (132000, 132017);
insert into white_cards (id, text, watermark) values (132018, 'Going on an epic adventure and learning a valuable lesson about friendship.', 'fntsy');
insert into card_set_white_card (card_set_id, white_card_id) values (132000, 132018);
insert into white_cards (id, text, watermark) values (132019, 'Handcuffing a wizard to a radiator and dousing him with kerosene.', 'fntsy');
insert into card_set_white_card (card_set_id, white_card_id) values (132000, 132019);
insert into white_cards (id, text, watermark) values (132020, 'Hodor.', 'fntsy');
insert into card_set_white_card (card_set_id, white_card_id) values (132000, 132020);
insert into white_cards (id, text, watermark) values (132021, 'How hot Orlando Bloom was in Lord of the Rings.', 'fntsy');
insert into card_set_white_card (card_set_id, white_card_id) values (132000, 132021);
insert into white_cards (id, text, watermark) values (132022, 'Kneeing a wizard in the balls.', 'fntsy');
insert into card_set_white_card (card_set_id, white_card_id) values (132000, 132022);
insert into white_cards (id, text, watermark) values (132023, 'Make-believe stories for autistic white men.', 'fntsy');
insert into card_set_white_card (card_set_id, white_card_id) values (132000, 132023);
insert into white_cards (id, text, watermark) values (132024, 'Reading The Hobbit under the covers while mom and dad scream at each other downstairs.', 'fntsy');
insert into card_set_white_card (card_set_id, white_card_id) values (132000, 132024);
insert into white_cards (id, text, watermark) values (132025, 'Shitting in a wizard''s spell book and jizzing in his hat.', 'fntsy');
insert into card_set_white_card (card_set_id, white_card_id) values (132000, 132025);
insert into white_cards (id, text, watermark) values (132026, 'Shooting a wizard with a gun.', 'fntsy');
insert into card_set_white_card (card_set_id, white_card_id) values (132000, 132026);
insert into white_cards (id, text, watermark) values (132027, 'The all-seeing Eye of Sauron.', 'fntsy');
insert into card_set_white_card (card_set_id, white_card_id) values (132000, 132027);
insert into white_cards (id, text, watermark) values (132028, 'The bond of brotherhood forged in battle, unbreakable and eternal.', 'fntsy');
insert into card_set_white_card (card_set_id, white_card_id) values (132000, 132028);
insert into white_cards (id, text, watermark) values (132029, 'The card Neil Gaiman wrote: "Three elves at a time."', 'fntsy');
insert into card_set_white_card (card_set_id, white_card_id) values (132000, 132029);
insert into white_cards (id, text, watermark) values (132030, 'Ticketmaster, LORD of Tickets, ENFORCER of Surcharges, DENIER of Refunds!', 'fntsy');
insert into card_set_white_card (card_set_id, white_card_id) values (132000, 132030);
insert into white_cards (id, text, watermark) values (132031, 'True love''s kiss.', 'fntsy');
insert into card_set_white_card (card_set_id, white_card_id) values (132000, 132031);

insert into black_cards (id, text, draw, pick, watermark) values (132000, 'n the end, the dragon was not evil; he just wanted ____.', '0', '1', 'fntsy');
insert into card_set_black_card (card_set_id, black_card_id) values (132000, 132000);
insert into black_cards (id, text, draw, pick, watermark) values (132001, 'Critics are raving about HBO''s new Game of Thrones spin-off, "____ of ____."', '1', '2', 'fntsy');
insert into card_set_black_card (card_set_id, black_card_id) values (132000, 132001);
insert into black_cards (id, text, draw, pick, watermark) values (132002, 'Having tired of poetry and music, the immortal elves now fill their days with ____.', '0', '1', 'fntsy');
insert into card_set_black_card (card_set_id, black_card_id) values (132000, 132002);
insert into black_cards (id, text, draw, pick, watermark) values (132003, 'Legend tells of a princess who has been asleep for a thousand years and can only be awoken by ____.', '0', '1', 'fntsy');
insert into card_set_black_card (card_set_id, black_card_id) values (132000, 132003);
insert into black_cards (id, text, draw, pick, watermark) values (132004, 'Who blasphemes and bubbles at the center of all infinity, whose name no lips dare speak aloud, and who gnaws hungrily in inconceivable, unlighted chambers beyond time?', '0', '1', 'fntsy');
insert into card_set_black_card (card_set_id, black_card_id) values (132000, 132004);
insert into black_cards (id, text, draw, pick, watermark) values (132005, 'Your father was a powerful wizard, Harry. Before he died, he left you something very precious: ____.', '0', '1', 'fntsy');
insert into card_set_black_card (card_set_id, black_card_id) values (132000, 132005);

COMMIT;
