BEGIN;

delete from card_set_white_card where card_set_id = 154000;
delete from card_set_black_card where card_set_id = 154000;
delete from white_cards where id >= 154000 and id <= 154999;
delete from black_cards where id >= 154000 and id <= 154999;
delete from card_set where id=154000;

insert into card_set (id, active, name, base_deck, description, weight) values (154000, 't', 'Food Pack', 'f', 'Originally released as three separate promo packs sold with popsicles', 999);

insert into white_cards (id, text, watermark) values (154000, 'A belly full of hard-boiled eggs.', 'food');
insert into card_set_white_card (card_set_id, white_card_id) values (154000, 154000);
insert into white_cards (id, text, watermark) values (154001, 'A joyless vegan patty.', 'food');
insert into card_set_white_card (card_set_id, white_card_id) values (154000, 154001);
insert into white_cards (id, text, watermark) values (154002, 'A sobering quantity of chili cheese fries.', 'food');
insert into card_set_white_card (card_set_id, white_card_id) values (154000, 154002);
insert into white_cards (id, text, watermark) values (154003, 'A table for one at The Cheesecake Factory.', 'food');
insert into card_set_white_card (card_set_id, white_card_id) values (154000, 154003);
insert into white_cards (id, text, watermark) values (154004, 'Being emotionally and physically dominated by Gordon Ramsay.', 'food');
insert into card_set_white_card (card_set_id, white_card_id) values (154000, 154004);
insert into white_cards (id, text, watermark) values (154005, 'Clamping down on a gazelle’s jugular and tasting its warm life waters.', 'food');
insert into card_set_white_card (card_set_id, white_card_id) values (154000, 154005);
insert into white_cards (id, text, watermark) values (154006, 'Committing suicide at the Old Country Buffet.', 'food');
insert into card_set_white_card (card_set_id, white_card_id) values (154000, 154006);
insert into white_cards (id, text, watermark) values (154007, 'Father’s forbidden chocolates.', 'food');
insert into card_set_white_card (card_set_id, white_card_id) values (154000, 154007);
insert into white_cards (id, text, watermark) values (154008, 'Going vegetarian and feeling so great all the time.', 'food');
insert into card_set_white_card (card_set_id, white_card_id) values (154000, 154008);
insert into white_cards (id, text, watermark) values (154009, 'Jizz Twinkies.', 'food');
insert into card_set_white_card (card_set_id, white_card_id) values (154000, 154009);
insert into white_cards (id, text, watermark) values (154010, 'Kale farts.', 'food');
insert into card_set_white_card (card_set_id, white_card_id) values (154000, 154010);
insert into white_cards (id, text, watermark) values (154011, 'Kevin Bacon Bits.', 'food');
insert into card_set_white_card (card_set_id, white_card_id) values (154000, 154011);
insert into white_cards (id, text, watermark) values (154012, 'Licking the cake batter off of grandma’s fingers.', 'food');
insert into card_set_white_card (card_set_id, white_card_id) values (154000, 154012);
insert into white_cards (id, text, watermark) values (154013, 'Motherfucking tater tots.', 'food');
insert into card_set_white_card (card_set_id, white_card_id) values (154000, 154013);
insert into white_cards (id, text, watermark) values (154014, 'Not knowing what to believe anymore about butter.', 'food');
insert into card_set_white_card (card_set_id, white_card_id) values (154000, 154014);
insert into white_cards (id, text, watermark) values (154015, 'Oreos for dinner.', 'food');
insert into card_set_white_card (card_set_id, white_card_id) values (154000, 154015);
insert into white_cards (id, text, watermark) values (154016, 'Real cheese flavor.', 'food');
insert into card_set_white_card (card_set_id, white_card_id) values (154000, 154016);
insert into white_cards (id, text, watermark) values (154017, 'Soup that’s better than pussy.', 'food');
insert into card_set_white_card (card_set_id, white_card_id) values (154000, 154017);
insert into white_cards (id, text, watermark) values (154018, 'Sucking down thousands of pounds of krill every day.', 'food');
insert into card_set_white_card (card_set_id, white_card_id) values (154000, 154018);
insert into white_cards (id, text, watermark) values (154019, 'Swishing the wine around and sniffing it like a big fancy man.', 'food');
insert into card_set_white_card (card_set_id, white_card_id) values (154000, 154019);
insert into white_cards (id, text, watermark) values (154020, 'The $1 Beefy Fritos Burrito from Taco Bell.', 'food');
insert into card_set_white_card (card_set_id, white_card_id) values (154000, 154020);
insert into white_cards (id, text, watermark) values (154021, 'The Dial-A-Slice Apple Divider from Williams-Sonoma.', 'food');
insert into card_set_white_card (card_set_id, white_card_id) values (154000, 154021);
insert into white_cards (id, text, watermark) values (154022, 'The Hellman’s Mayonnaise Corporation.', 'food');
insert into card_set_white_card (card_set_id, white_card_id) values (154000, 154022);
insert into white_cards (id, text, watermark) values (154023, 'The hot dog I put in my vagina ten days ago.', 'food');
insert into card_set_white_card (card_set_id, white_card_id) values (154000, 154023);
insert into white_cards (id, text, watermark) values (154024, 'The inaudible screams of carrots.', 'food');
insert into card_set_white_card (card_set_id, white_card_id) values (154000, 154024);
insert into white_cards (id, text, watermark) values (154025, 'What to do with all of this chocolate on my penis.', 'food');
insert into card_set_white_card (card_set_id, white_card_id) values (154000, 154025);

insert into black_cards (id, text, draw, pick, watermark) values (154000, 'Aw babe, your burbs smell like ____.', '0', '1', 'food');
insert into card_set_black_card (card_set_id, black_card_id) values (154000, 154000);
insert into black_cards (id, text, draw, pick, watermark) values (154001, 'Don’t miss Rachel Ray’s hit new show, Cooking with ____.', '0', '1', 'food');
insert into card_set_black_card (card_set_id, black_card_id) values (154000, 154001);
insert into black_cards (id, text, draw, pick, watermark) values (154002, 'Don''t miss Rachael Ray''s hit new show, Cooking with ____.', '0', '1', 'food');
insert into card_set_black_card (card_set_id, black_card_id) values (154000, 154002);
insert into black_cards (id, text, draw, pick, watermark) values (154003, 'Excuse me, waiter. Could you take this back? This soup tastes like ____.', '0', '1', 'food');
insert into card_set_black_card (card_set_id, black_card_id) values (154000, 154003);
insert into black_cards (id, text, draw, pick, watermark) values (154004, 'I’m Bobby Flay, and if you can’t stand ____. get out of the kitchen!', '0', '1', 'food');
insert into card_set_black_card (card_set_id, black_card_id) values (154000, 154004);
insert into black_cards (id, text, draw, pick, watermark) values (154005, 'It’s not delivery. It’s ____.', '0', '1', 'food');
insert into card_set_black_card (card_set_id, black_card_id) values (154000, 154005);
insert into black_cards (id, text, draw, pick, watermark) values (154006, 'Now on Netflix: Jiro Dreams Of ____.', '0', '1', 'food');
insert into card_set_black_card (card_set_id, black_card_id) values (154000, 154006);

COMMIT;
