BEGIN;

delete from card_set_white_card where card_set_id = 112000;
delete from card_set_black_card where card_set_id = 112000;
delete from white_cards where id >= 112000 and id <= 112244;
delete from black_cards where id >= 112300 and id <= 112354;
delete from card_set where id=112000;

insert into card_set (id, active, name, base_deck, description, weight) values (112000, 't', 'Cards Against Humanity Green Expansion', 'f', '', 275);

insert into white_cards (id, text, watermark) values (112000, 'Content.', 'green');
insert into white_cards (id, text, watermark) values (112001, 'Fucking me good and taking me to Red Lobster.®', 'green');
insert into white_cards (id, text, watermark) values (112002, 'Self-identifying as a DJ.', 'green');
insert into white_cards (id, text, watermark) values (112003, 'Getting high with mom.', 'green');
insert into white_cards (id, text, watermark) values (112004, 'Beyoncé.', 'green');
insert into white_cards (id, text, watermark) values (112005, 'Gazpacho.', 'green');
insert into white_cards (id, text, watermark) values (112006, 'Discovering that what I really want in life is to kill people and have sex with their corpses.', 'green');
insert into white_cards (id, text, watermark) values (112007, 'A man with the head of a goat and the body of a goat.', 'green');
insert into white_cards (id, text, watermark) values (112008, 'How good lead paint taste.', 'green');
insert into white_cards (id, text, watermark) values (112009, 'Dropping dead in a Sbarro''s bathroom and not being found for 72 hours.', 'green');
insert into white_cards (id, text, watermark) values (112010, 'Eating too many Cinnabons and then vomiting and then eating the vomit.', 'green');
insert into white_cards (id, text, watermark) values (112011, 'Some of that good dick.', 'green');
insert into white_cards (id, text, watermark) values (112012, 'Two shitty kids and a garbage husband.', 'green');
insert into white_cards (id, text, watermark) values (112013, 'Pooping in the potty.', 'green');
insert into white_cards (id, text, watermark) values (112014, 'Bad emotions I don''t want.', 'green');
insert into white_cards (id, text, watermark) values (112015, 'Mixing M&Ms and Skittles like some kind of psychopath.', 'green');
insert into white_cards (id, text, watermark) values (112016, 'Fucking my therapist.', 'green');
insert into white_cards (id, text, watermark) values (112017, 'The best, deepest quotes from *The Dark Knight*.', 'green');
insert into white_cards (id, text, watermark) values (112018, 'Meatloaf, the man.', 'green');
insert into white_cards (id, text, watermark) values (112019, 'Meatloaf, the food.', 'green');
insert into white_cards (id, text, watermark) values (112020, 'My huge penis and substantial fortune.', 'green');
insert into white_cards (id, text, watermark) values (112021, 'Hot lettuce.', 'green');
insert into white_cards (id, text, watermark) values (112022, 'It being too late to stop having sex with a horse.', 'green');
insert into white_cards (id, text, watermark) values (112023, 'Becoming the President of the United States.', 'green');
insert into white_cards (id, text, watermark) values (112024, 'Microaggressions.', 'green');
insert into white_cards (id, text, watermark) values (112025, 'Getting the Dorito crumbs out of my purse.', 'green');
insert into white_cards (id, text, watermark) values (112026, 'The sweet, forbidden meat of the monkey.', 'green');
insert into white_cards (id, text, watermark) values (112027, 'Consensual, nonreproductive incest.', 'green');
insert into white_cards (id, text, watermark) values (112028, 'Grunting for ten minutes and then peeing sand.', 'green');
insert into white_cards (id, text, watermark) values (112029, 'Prematurely ejaculating like a total loser.', 'green');
insert into white_cards (id, text, watermark) values (112030, 'Jazz.', 'green');
insert into white_cards (id, text, watermark) values (112031, 'Straight blazin'' 24/7.', 'green');
insert into white_cards (id, text, watermark) values (112032, 'Having sex with a beautiful person.', 'green');
insert into white_cards (id, text, watermark) values (112033, 'Going around pulling people''s tampons out.', 'green');
insert into white_cards (id, text, watermark) values (112034, 'Reaching an age where barbecue chips are better than sex.', 'green');
insert into white_cards (id, text, watermark) values (112035, 'Daddy going away forever.', 'green');
insert into white_cards (id, text, watermark) values (112036, 'Three hours of nonstop penetration.', 'green');
insert into white_cards (id, text, watermark) values (112037, 'Holding the proper political beliefs of my time to attract a mate.', 'green');
insert into white_cards (id, text, watermark) values (112038, 'Scissoring, if that''s a thing.', 'green');
insert into white_cards (id, text, watermark) values (112039, 'Creamy slices of real, California avocado.', 'green');
insert into white_cards (id, text, watermark) values (112040, 'ISIS.', 'green');
insert into white_cards (id, text, watermark) values (112041, 'A weird guy who says weird stuff and weirds me out.', 'green');
insert into white_cards (id, text, watermark) values (112042, 'Rubbing my bush all over your bald head.', 'green');
insert into white_cards (id, text, watermark) values (112043, 'Farting all over my face with your tight little asshole.', 'green');
insert into white_cards (id, text, watermark) values (112044, 'Quinoa.', 'green');
insert into white_cards (id, text, watermark) values (112045, 'How sad it will be when Morgan Freeman dies.', 'green');
insert into white_cards (id, text, watermark) values (112046, 'A cheerfulness that belies a deep-seated self-loathing.', 'green');
insert into white_cards (id, text, watermark) values (112047, 'Farting a huge shit out of my pussy.', 'green');
insert into white_cards (id, text, watermark) values (112048, 'Defeating a gorilla in single combat.', 'green');
insert into white_cards (id, text, watermark) values (112049, 'A big ol'' plate of fettuccine alfredo.', 'green');
insert into white_cards (id, text, watermark) values (112050, 'Brunch.', 'green');
insert into white_cards (id, text, watermark) values (112051, 'Anal.', 'green');
insert into white_cards (id, text, watermark) values (112052, 'A women''s perspective.', 'green');
insert into white_cards (id, text, watermark) values (112053, 'A long business meeting with no obvious purpose.', 'green');
insert into white_cards (id, text, watermark) values (112054, 'Thinking about what eating even is.', 'green');
insert into white_cards (id, text, watermark) values (112055, 'Doing a somersault and barfing.', 'green');
insert into white_cards (id, text, watermark) values (112056, 'Trees.', 'green');
insert into white_cards (id, text, watermark) values (112057, 'Hating Jews.', 'green');
insert into white_cards (id, text, watermark) values (112058, 'Whooping your ass at *Mario Kart*.', 'green');
insert into white_cards (id, text, watermark) values (112059, 'A massive collection of child pornography.', 'green');
insert into white_cards (id, text, watermark) values (112060, 'Systems and policies designed to preserve centuries-old power structures.', 'green');
insert into white_cards (id, text, watermark) values (112061, 'Having an awesome time drinking and driving.', 'green');
insert into white_cards (id, text, watermark) values (112062, 'Muchin'' puss.', 'green');
insert into white_cards (id, text, watermark) values (112063, 'Moon people.', 'green');
insert into white_cards (id, text, watermark) values (112064, 'Picking up a glass of water and taking a sip and being the president.', 'green');
insert into white_cards (id, text, watermark) values (112065, 'Critical thinking.', 'green');
insert into white_cards (id, text, watermark) values (112066, 'Showing all the boys my pussy.', 'green');
insert into white_cards (id, text, watermark) values (112067, 'Homework.', 'green');
insert into white_cards (id, text, watermark) values (112068, 'China.', 'green');
insert into white_cards (id, text, watermark) values (112069, 'Putting more black people in jail.', 'green');
insert into white_cards (id, text, watermark) values (112070, 'The ol'' penis-in-the-popcorn surprise.', 'green');
insert into white_cards (id, text, watermark) values (112071, 'One of them big-city Jew lawyers.', 'green');
insert into white_cards (id, text, watermark) values (112072, 'Informing you that I am a registered sex offender.', 'green');
insert into white_cards (id, text, watermark) values (112073, 'Rolling so hard.', 'green');
insert into white_cards (id, text, watermark) values (112074, 'Who really did 9/11.', 'green');
insert into white_cards (id, text, watermark) values (112075, 'Being turned into sausages.', 'green');
insert into white_cards (id, text, watermark) values (112076, 'Eating ass.', 'green');
insert into white_cards (id, text, watermark) values (112077, 'A dolphin that learns to talk and becomes the Dead of Harvard Law School.', 'green');
insert into white_cards (id, text, watermark) values (112078, 'Gay thoughts.', 'green');
insert into white_cards (id, text, watermark) values (112079, 'My dog dying.', 'green');
insert into white_cards (id, text, watermark) values (112080, 'Dominating a man by peeing on his eldest son.', 'green');
insert into white_cards (id, text, watermark) values (112081, 'Dis bitch.', 'green');
insert into white_cards (id, text, watermark) values (112082, 'A strong horse and enough rations for thirty days.', 'green');
insert into white_cards (id, text, watermark) values (112083, 'Feminism.', 'green');
insert into white_cards (id, text, watermark) values (112084, 'A cold and indifferent universe.', 'green');
insert into white_cards (id, text, watermark) values (112085, 'An incurable homosexual.', 'green');
insert into white_cards (id, text, watermark) values (112086, 'The amount of baby carrots I can fit up my ass.', 'green');
insert into white_cards (id, text, watermark) values (112087, 'Huge big balls full of jizz.', 'green');
insert into white_cards (id, text, watermark) values (112088, 'Gregor, my largest son.', 'green');
insert into white_cards (id, text, watermark) values (112089, 'Esmeralda, my most beautiful daughter.', 'green');
insert into white_cards (id, text, watermark) values (112090, 'Trevor, the world''s greatest boyfriend.', 'green');
insert into white_cards (id, text, watermark) values (112091, 'Jason, the teen mayor.', 'green');
insert into white_cards (id, text, watermark) values (112092, 'That bitch, Stacy.', 'green');
insert into white_cards (id, text, watermark) values (112093, 'Gayle from HR.', 'green');
insert into white_cards (id, text, watermark) values (112094, 'Gary.', 'green');
insert into white_cards (id, text, watermark) values (112095, 'Just now finding out about the Armenian Genocide.', 'green');
insert into white_cards (id, text, watermark) values (112096, 'Opening your mouth to talk and a big penis fops out.', 'green');
insert into white_cards (id, text, watermark) values (112097, 'Twisting my cock and balls into a balloon poodle.', 'green');
insert into white_cards (id, text, watermark) values (112098, 'The wind.', 'green');
insert into white_cards (id, text, watermark) values (112099, 'A gun that shoots cobras.', 'green');
insert into white_cards (id, text, watermark) values (112100, 'Out-of-control teenage blowjob parties.', 'green');
insert into white_cards (id, text, watermark) values (112101, 'A black friend.', 'green');
insert into white_cards (id, text, watermark) values (112102, 'The body of a 46-year-old man.', 'green');
insert into white_cards (id, text, watermark) values (112103, 'Art.', 'green');
insert into white_cards (id, text, watermark) values (112104, 'Water.', 'green');
insert into white_cards (id, text, watermark) values (112105, 'Doritos *and* a Fruit Roll-Up.', 'green');
insert into white_cards (id, text, watermark) values (112106, 'Sucking each other''s penises for hours on end.', 'green');
insert into white_cards (id, text, watermark) values (112107, '10,000 shrieking teenage girls.', 'green');
insert into white_cards (id, text, watermark) values (112108, 'Whomsoever let the dogs out.', 'green');
insert into white_cards (id, text, watermark) values (112109, 'The chicken from Popeyes.®', 'green');
insert into white_cards (id, text, watermark) values (112110, 'Assassinating the president.', 'green');
insert into white_cards (id, text, watermark) values (112111, 'Having sex with a man and then eating his head.', 'green');
insert into white_cards (id, text, watermark) values (112112, 'A burrito that''s just sour cream.', 'green');
insert into white_cards (id, text, watermark) values (112113, 'An arrangement wherein I give a person money they have sex with me.', 'green');
insert into white_cards (id, text, watermark) values (112114, 'Facilitating dialogue and deconstructing binaries.', 'green');
insert into white_cards (id, text, watermark) values (112115, 'Taking the form of a falcon.', 'green');
insert into white_cards (id, text, watermark) values (112116, 'Watching you die.', 'green');
insert into white_cards (id, text, watermark) values (112117, 'An X-Man whose power is that he has sex with dogs and children.', 'green');
insert into white_cards (id, text, watermark) values (112118, 'Loud, scary thunder.', 'green');
insert into white_cards (id, text, watermark) values (112119, 'Every man''s ultimate fantasy: a perfectly cylindrical vagina.', 'green');
insert into white_cards (id, text, watermark) values (112120, 'Tiny, rancid girl farts.', 'green');
insert into white_cards (id, text, watermark) values (112121, 'Math.', 'green');
insert into white_cards (id, text, watermark) values (112122, 'Founding a major world religion.', 'green');
insert into white_cards (id, text, watermark) values (112123, 'Plowing that ass like a New England corn farmer.', 'green');
insert into white_cards (id, text, watermark) values (112124, 'Period poops.', 'green');
insert into white_cards (id, text, watermark) values (112125, 'The feeling of going to McDonald''s as a 6-year-old.', 'green');
insert into white_cards (id, text, watermark) values (112126, 'Misogyny.', 'green');
insert into white_cards (id, text, watermark) values (112127, 'Tables.', 'green');
insert into white_cards (id, text, watermark) values (112128, 'Feeling the emotion of anger.', 'green');
insert into white_cards (id, text, watermark) values (112129, 'One of those “blow jobs” I''ve been hearing so much about.', 'green');
insert into white_cards (id, text, watermark) values (112130, 'A creepy child singing a nursery rhyme.', 'green');
insert into white_cards (id, text, watermark) values (112131, 'Blossoming into a beautiful young woman.', 'green');
insert into white_cards (id, text, watermark) values (112132, 'The secret to truly resilient hair.', 'green');
insert into white_cards (id, text, watermark) values (112133, 'Rock-hard tits and a huge vagina.', 'green');
insert into white_cards (id, text, watermark) values (112134, 'The lived experience of African Americans.', 'green');
insert into white_cards (id, text, watermark) values (112135, 'Mental illness.', 'green');
insert into white_cards (id, text, watermark) values (112136, 'Getting eaten out by a dog.', 'green');
insert into white_cards (id, text, watermark) values (112137, '10 football players with erections barreling towards you at full speed.', 'green');
insert into white_cards (id, text, watermark) values (112138, 'Starting a shitty podcast.', 'green');
insert into white_cards (id, text, watermark) values (112139, 'Overthrowing the democratically-elected government of Chile.', 'green');
insert into white_cards (id, text, watermark) values (112140, 'Guns.', 'green');
insert into white_cards (id, text, watermark) values (112141, 'A hug.', 'green');
insert into white_cards (id, text, watermark) values (112142, 'Getting aborted.', 'green');
insert into white_cards (id, text, watermark) values (112143, 'Crazy anal orgasms.', 'green');
insert into white_cards (id, text, watermark) values (112144, 'Getting this party started!', 'green');
insert into white_cards (id, text, watermark) values (112145, 'Being sexually attracted to children.', 'green');
insert into white_cards (id, text, watermark) values (112146, 'Antidepressants.', 'green');
insert into white_cards (id, text, watermark) values (112147, 'Getting trapped in a conversation about Ayn Rand.', 'green');
insert into white_cards (id, text, watermark) values (112148, 'Swearing praise upon the Sultan''s hideous daughters.', 'green');
insert into white_cards (id, text, watermark) values (112149, 'Turning 32.', 'green');
insert into white_cards (id, text, watermark) values (112150, 'Sudden and unwanted slam poetry.', 'green');
insert into white_cards (id, text, watermark) values (112151, 'A negative body image that is totally justified.', 'green');
insert into white_cards (id, text, watermark) values (112152, 'Exploring each other''s buttholes.', 'green');
insert into white_cards (id, text, watermark) values (112153, 'You.', 'green');
insert into white_cards (id, text, watermark) values (112154, 'Quacking like a duck in lieu of a cogent argument.', 'green');
insert into white_cards (id, text, watermark) values (112155, 'Catching a live salmon in your mouth.', 'green');
insert into white_cards (id, text, watermark) values (112156, 'Eating people.', 'green');
insert into white_cards (id, text, watermark) values (112157, 'Our baby.', 'green');
insert into white_cards (id, text, watermark) values (112158, 'Breastfeeding in public like a radiant earth goddess.', 'green');
insert into white_cards (id, text, watermark) values (112159, 'Big, smart money boys tap-tapping on their keyboards.', 'green');
insert into white_cards (id, text, watermark) values (112160, 'Finding a nice elevator to poop in.', 'green');
insert into white_cards (id, text, watermark) values (112161, 'The mysterious fog rolling into town.', 'green');
insert into white_cards (id, text, watermark) values (112162, 'Two beautiful pig sisters.', 'green');
insert into white_cards (id, text, watermark) values (112163, 'Condoleezza Rice.', 'green');
insert into white_cards (id, text, watermark) values (112164, 'The full force of the American military.', 'green');
insert into white_cards (id, text, watermark) values (112165, 'A woman''s right to choose.', 'green');
insert into white_cards (id, text, watermark) values (112166, 'A terrified fat child who won''t come out of the bushes.', 'green');
insert into white_cards (id, text, watermark) values (112167, 'A medium horchata.', 'green');
insert into white_cards (id, text, watermark) values (112168, 'How great my ass looks in these jeans.', 'green');
insert into white_cards (id, text, watermark) values (112169, 'Raising three kids on minimum wage.', 'green');
insert into white_cards (id, text, watermark) values (112170, 'The bond between a woman and her horse.', 'green');
insert into white_cards (id, text, watermark) values (112171, 'Slamming a dunk.', 'green');
insert into white_cards (id, text, watermark) values (112172, 'Chris Hemsworth.', 'green');
insert into white_cards (id, text, watermark) values (112173, 'Ejaculating at the apex of a cartwheel.', 'green');
insert into white_cards (id, text, watermark) values (112174, 'Child labor.', 'green');
insert into white_cards (id, text, watermark) values (112175, 'An older man.', 'green');
insert into white_cards (id, text, watermark) values (112176, 'Crushing the patriarchy.', 'green');
insert into white_cards (id, text, watermark) values (112177, 'Denying the Holocaust.', 'green');
insert into white_cards (id, text, watermark) values (112178, 'Falling into a pit of waffles.', 'green');
insert into white_cards (id, text, watermark) values (112179, 'Objectifying women.', 'green');
insert into white_cards (id, text, watermark) values (112180, 'Everything.', 'green');
insert into white_cards (id, text, watermark) values (112181, 'A creature made of penises that must constantly arouse itself to survive.', 'green');
insert into white_cards (id, text, watermark) values (112182, 'Getting blasted in the face by a t-shirt cannon.', 'green');
insert into white_cards (id, text, watermark) values (112183, 'Onions.', 'green');
insert into white_cards (id, text, watermark) values (112184, 'Dumpster juice.', 'green');
insert into white_cards (id, text, watermark) values (112185, 'Forty-five minutes of finger blasting.', 'green');
insert into white_cards (id, text, watermark) values (112186, 'Film roles for actresses over 40.', 'green');
insert into white_cards (id, text, watermark) values (112187, 'Having sex with your mom.', 'green');
insert into white_cards (id, text, watermark) values (112188, 'Having a vagina.', 'green');
insert into white_cards (id, text, watermark) values (112189, 'Regurgitating a half-digested sparrow.', 'green');
insert into white_cards (id, text, watermark) values (112190, 'The hottest MILF in Dallas.', 'green');
insert into white_cards (id, text, watermark) values (112191, 'Some real spicy shrimps.', 'green');
insert into white_cards (id, text, watermark) values (112192, 'The Rwandan Genocide.', 'green');
insert into white_cards (id, text, watermark) values (112193, 'The LGBT community.', 'green');
insert into white_cards (id, text, watermark) values (112194, 'Twenty bucks.', 'green');
insert into white_cards (id, text, watermark) values (112195, 'The full blown marginalization of ugly people.', 'green');
insert into white_cards (id, text, watermark) values (112196, 'A finger up the butt.', 'green');
insert into white_cards (id, text, watermark) values (112197, 'A big, beautiful mouth packed to the brim with sparkling teeth.', 'green');
insert into white_cards (id, text, watermark) values (112198, 'Getting laid like all the time.', 'green');
insert into white_cards (id, text, watermark) values (112199, 'Happy daddies with happy sandals.', 'green');
insert into white_cards (id, text, watermark) values (112200, 'Libertarians.', 'green');
insert into white_cards (id, text, watermark) values (112201, 'Late-stage dementia.', 'green');
insert into white_cards (id, text, watermark) values (112202, 'How strange it is to be anything at all.', 'green');
insert into white_cards (id, text, watermark) values (112203, 'Pooping in a leotard and hoping no one notices.', 'green');
insert into white_cards (id, text, watermark) values (112204, 'Restoring Germany to its former glory.', 'green');
insert into white_cards (id, text, watermark) values (112205, 'Participating.', 'green');
insert into white_cards (id, text, watermark) values (112206, 'Going to bed at a reasonable hour.', 'green');
insert into white_cards (id, text, watermark) values (112207, 'Smashing my balls at the moment of climax.', 'green');
insert into white_cards (id, text, watermark) values (112208, 'Making out and stuff.', 'green');
insert into white_cards (id, text, watermark) values (112209, 'Menopause.', 'green');
insert into white_cards (id, text, watermark) values (112210, 'The government.', 'green');
insert into white_cards (id, text, watermark) values (112211, 'The graceful path of an autumn leaf as it falls to its earthen cradle.', 'green');
insert into white_cards (id, text, watermark) values (112212, 'Tender chunks of all-white-meat chicken.', 'green');
insert into white_cards (id, text, watermark) values (112213, 'Twenty cheerleaders laughing at your tiny penis.', 'green');
insert into white_cards (id, text, watermark) values (112214, 'Mommy and daddy fighting all the time.', 'green');
insert into white_cards (id, text, watermark) values (112215, 'Playing my asshole like a trumpet.', 'green');
insert into white_cards (id, text, watermark) values (112216, 'Getting naked too soon.', 'green');
insert into white_cards (id, text, watermark) values (112217, 'A slowly encroaching circle of wolves.', 'green');
insert into white_cards (id, text, watermark) values (112218, 'A man in a suit with perfect hair who tells you beautiful lies.', 'green');
insert into white_cards (id, text, watermark) values (112219, 'Seizing control of the means of production.', 'green');
insert into white_cards (id, text, watermark) values (112220, 'Comprehensive immigration reform.', 'green');
insert into white_cards (id, text, watermark) values (112221, 'Awesome pictures of planets and stuff.', 'green');
insert into white_cards (id, text, watermark) values (112222, 'Aborting the shit out of a fetus.', 'green');
insert into white_cards (id, text, watermark) values (112223, 'A genetic predisposition for alcoholism.', 'green');
insert into white_cards (id, text, watermark) values (112224, 'The flaming wreckage of the International Space Station.', 'green');
insert into white_cards (id, text, watermark) values (112225, 'Waking up inside of a tornado.', 'green');
insert into white_cards (id, text, watermark) values (112226, 'When the big truck goes “Toot! Toot!”', 'green');
insert into white_cards (id, text, watermark) values (112227, 'The fear and hatred in men''s hearts.', 'green');
insert into white_cards (id, text, watermark) values (112228, 'Getting killed and dragged up a tree by a leopard.', 'green');
insert into white_cards (id, text, watermark) values (112229, 'Eternal screaming madness.', 'green');
insert into white_cards (id, text, watermark) values (112230, 'My brother''s hot friends.', 'green');
insert into white_cards (id, text, watermark) values (112231, 'Salsa Night at Dave''s Cantina.', 'green');
insert into white_cards (id, text, watermark) values (112232, 'The clown that followed me home from the grocery store.', 'green');
insert into white_cards (id, text, watermark) values (112233, 'Watching a hot person eat.', 'green');
insert into white_cards (id, text, watermark) values (112234, 'Pretending to be one of the guys but actually being the spider god.', 'green');
insert into white_cards (id, text, watermark) values (112235, 'Getting pegged.', 'green');
insert into white_cards (id, text, watermark) values (112236, 'An empowered woman.', 'green');
insert into white_cards (id, text, watermark) values (112237, 'An old dog full of tumors.', 'green');
insert into white_cards (id, text, watermark) values (112238, 'A duffel bag full of lizards.', 'green');
insert into white_cards (id, text, watermark) values (112239, 'All these people I''ve killed.', 'green');
insert into white_cards (id, text, watermark) values (112240, 'Working so hard to have muscles and then having them.', 'green');
insert into white_cards (id, text, watermark) values (112241, 'Political correctness.', 'green');
insert into white_cards (id, text, watermark) values (112242, 'A tiny fireman who puts out tiny fires.', 'green');
insert into white_cards (id, text, watermark) values (112243, 'Albert Einstein but if he had a huge muscles and a rhinoceros cock.', 'green');
insert into white_cards (id, text, watermark) values (112244, 'Chipotle.', 'green');

insert into card_set_white_card (card_set_id, white_card_id) values (112000, 112000);
insert into card_set_white_card (card_set_id, white_card_id) values (112000, 112001);
insert into card_set_white_card (card_set_id, white_card_id) values (112000, 112002);
insert into card_set_white_card (card_set_id, white_card_id) values (112000, 112003);
insert into card_set_white_card (card_set_id, white_card_id) values (112000, 112004);
insert into card_set_white_card (card_set_id, white_card_id) values (112000, 112005);
insert into card_set_white_card (card_set_id, white_card_id) values (112000, 112006);
insert into card_set_white_card (card_set_id, white_card_id) values (112000, 112007);
insert into card_set_white_card (card_set_id, white_card_id) values (112000, 112008);
insert into card_set_white_card (card_set_id, white_card_id) values (112000, 112009);
insert into card_set_white_card (card_set_id, white_card_id) values (112000, 112010);
insert into card_set_white_card (card_set_id, white_card_id) values (112000, 112011);
insert into card_set_white_card (card_set_id, white_card_id) values (112000, 112012);
insert into card_set_white_card (card_set_id, white_card_id) values (112000, 112013);
insert into card_set_white_card (card_set_id, white_card_id) values (112000, 112014);
insert into card_set_white_card (card_set_id, white_card_id) values (112000, 112015);
insert into card_set_white_card (card_set_id, white_card_id) values (112000, 112016);
insert into card_set_white_card (card_set_id, white_card_id) values (112000, 112017);
insert into card_set_white_card (card_set_id, white_card_id) values (112000, 112018);
insert into card_set_white_card (card_set_id, white_card_id) values (112000, 112019);
insert into card_set_white_card (card_set_id, white_card_id) values (112000, 112020);
insert into card_set_white_card (card_set_id, white_card_id) values (112000, 112021);
insert into card_set_white_card (card_set_id, white_card_id) values (112000, 112022);
insert into card_set_white_card (card_set_id, white_card_id) values (112000, 112023);
insert into card_set_white_card (card_set_id, white_card_id) values (112000, 112024);
insert into card_set_white_card (card_set_id, white_card_id) values (112000, 112025);
insert into card_set_white_card (card_set_id, white_card_id) values (112000, 112026);
insert into card_set_white_card (card_set_id, white_card_id) values (112000, 112027);
insert into card_set_white_card (card_set_id, white_card_id) values (112000, 112028);
insert into card_set_white_card (card_set_id, white_card_id) values (112000, 112029);
insert into card_set_white_card (card_set_id, white_card_id) values (112000, 112030);
insert into card_set_white_card (card_set_id, white_card_id) values (112000, 112031);
insert into card_set_white_card (card_set_id, white_card_id) values (112000, 112032);
insert into card_set_white_card (card_set_id, white_card_id) values (112000, 112033);
insert into card_set_white_card (card_set_id, white_card_id) values (112000, 112034);
insert into card_set_white_card (card_set_id, white_card_id) values (112000, 112035);
insert into card_set_white_card (card_set_id, white_card_id) values (112000, 112036);
insert into card_set_white_card (card_set_id, white_card_id) values (112000, 112037);
insert into card_set_white_card (card_set_id, white_card_id) values (112000, 112038);
insert into card_set_white_card (card_set_id, white_card_id) values (112000, 112039);
insert into card_set_white_card (card_set_id, white_card_id) values (112000, 112040);
insert into card_set_white_card (card_set_id, white_card_id) values (112000, 112041);
insert into card_set_white_card (card_set_id, white_card_id) values (112000, 112042);
insert into card_set_white_card (card_set_id, white_card_id) values (112000, 112043);
insert into card_set_white_card (card_set_id, white_card_id) values (112000, 112044);
insert into card_set_white_card (card_set_id, white_card_id) values (112000, 112045);
insert into card_set_white_card (card_set_id, white_card_id) values (112000, 112046);
insert into card_set_white_card (card_set_id, white_card_id) values (112000, 112047);
insert into card_set_white_card (card_set_id, white_card_id) values (112000, 112048);
insert into card_set_white_card (card_set_id, white_card_id) values (112000, 112049);
insert into card_set_white_card (card_set_id, white_card_id) values (112000, 112050);
insert into card_set_white_card (card_set_id, white_card_id) values (112000, 112051);
insert into card_set_white_card (card_set_id, white_card_id) values (112000, 112052);
insert into card_set_white_card (card_set_id, white_card_id) values (112000, 112053);
insert into card_set_white_card (card_set_id, white_card_id) values (112000, 112054);
insert into card_set_white_card (card_set_id, white_card_id) values (112000, 112055);
insert into card_set_white_card (card_set_id, white_card_id) values (112000, 112056);
insert into card_set_white_card (card_set_id, white_card_id) values (112000, 112057);
insert into card_set_white_card (card_set_id, white_card_id) values (112000, 112058);
insert into card_set_white_card (card_set_id, white_card_id) values (112000, 112059);
insert into card_set_white_card (card_set_id, white_card_id) values (112000, 112060);
insert into card_set_white_card (card_set_id, white_card_id) values (112000, 112061);
insert into card_set_white_card (card_set_id, white_card_id) values (112000, 112062);
insert into card_set_white_card (card_set_id, white_card_id) values (112000, 112063);
insert into card_set_white_card (card_set_id, white_card_id) values (112000, 112064);
insert into card_set_white_card (card_set_id, white_card_id) values (112000, 112065);
insert into card_set_white_card (card_set_id, white_card_id) values (112000, 112066);
insert into card_set_white_card (card_set_id, white_card_id) values (112000, 112067);
insert into card_set_white_card (card_set_id, white_card_id) values (112000, 112068);
insert into card_set_white_card (card_set_id, white_card_id) values (112000, 112069);
insert into card_set_white_card (card_set_id, white_card_id) values (112000, 112070);
insert into card_set_white_card (card_set_id, white_card_id) values (112000, 112071);
insert into card_set_white_card (card_set_id, white_card_id) values (112000, 112072);
insert into card_set_white_card (card_set_id, white_card_id) values (112000, 112073);
insert into card_set_white_card (card_set_id, white_card_id) values (112000, 112074);
insert into card_set_white_card (card_set_id, white_card_id) values (112000, 112075);
insert into card_set_white_card (card_set_id, white_card_id) values (112000, 112076);
insert into card_set_white_card (card_set_id, white_card_id) values (112000, 112077);
insert into card_set_white_card (card_set_id, white_card_id) values (112000, 112078);
insert into card_set_white_card (card_set_id, white_card_id) values (112000, 112079);
insert into card_set_white_card (card_set_id, white_card_id) values (112000, 112080);
insert into card_set_white_card (card_set_id, white_card_id) values (112000, 112081);
insert into card_set_white_card (card_set_id, white_card_id) values (112000, 112082);
insert into card_set_white_card (card_set_id, white_card_id) values (112000, 112083);
insert into card_set_white_card (card_set_id, white_card_id) values (112000, 112084);
insert into card_set_white_card (card_set_id, white_card_id) values (112000, 112085);
insert into card_set_white_card (card_set_id, white_card_id) values (112000, 112086);
insert into card_set_white_card (card_set_id, white_card_id) values (112000, 112087);
insert into card_set_white_card (card_set_id, white_card_id) values (112000, 112088);
insert into card_set_white_card (card_set_id, white_card_id) values (112000, 112089);
insert into card_set_white_card (card_set_id, white_card_id) values (112000, 112090);
insert into card_set_white_card (card_set_id, white_card_id) values (112000, 112091);
insert into card_set_white_card (card_set_id, white_card_id) values (112000, 112092);
insert into card_set_white_card (card_set_id, white_card_id) values (112000, 112093);
insert into card_set_white_card (card_set_id, white_card_id) values (112000, 112094);
insert into card_set_white_card (card_set_id, white_card_id) values (112000, 112095);
insert into card_set_white_card (card_set_id, white_card_id) values (112000, 112096);
insert into card_set_white_card (card_set_id, white_card_id) values (112000, 112097);
insert into card_set_white_card (card_set_id, white_card_id) values (112000, 112098);
insert into card_set_white_card (card_set_id, white_card_id) values (112000, 112099);
insert into card_set_white_card (card_set_id, white_card_id) values (112000, 112100);
insert into card_set_white_card (card_set_id, white_card_id) values (112000, 112101);
insert into card_set_white_card (card_set_id, white_card_id) values (112000, 112102);
insert into card_set_white_card (card_set_id, white_card_id) values (112000, 112103);
insert into card_set_white_card (card_set_id, white_card_id) values (112000, 112104);
insert into card_set_white_card (card_set_id, white_card_id) values (112000, 112105);
insert into card_set_white_card (card_set_id, white_card_id) values (112000, 112106);
insert into card_set_white_card (card_set_id, white_card_id) values (112000, 112107);
insert into card_set_white_card (card_set_id, white_card_id) values (112000, 112108);
insert into card_set_white_card (card_set_id, white_card_id) values (112000, 112109);
insert into card_set_white_card (card_set_id, white_card_id) values (112000, 112110);
insert into card_set_white_card (card_set_id, white_card_id) values (112000, 112111);
insert into card_set_white_card (card_set_id, white_card_id) values (112000, 112112);
insert into card_set_white_card (card_set_id, white_card_id) values (112000, 112113);
insert into card_set_white_card (card_set_id, white_card_id) values (112000, 112114);
insert into card_set_white_card (card_set_id, white_card_id) values (112000, 112115);
insert into card_set_white_card (card_set_id, white_card_id) values (112000, 112116);
insert into card_set_white_card (card_set_id, white_card_id) values (112000, 112117);
insert into card_set_white_card (card_set_id, white_card_id) values (112000, 112118);
insert into card_set_white_card (card_set_id, white_card_id) values (112000, 112119);
insert into card_set_white_card (card_set_id, white_card_id) values (112000, 112120);
insert into card_set_white_card (card_set_id, white_card_id) values (112000, 112121);
insert into card_set_white_card (card_set_id, white_card_id) values (112000, 112122);
insert into card_set_white_card (card_set_id, white_card_id) values (112000, 112123);
insert into card_set_white_card (card_set_id, white_card_id) values (112000, 112124);
insert into card_set_white_card (card_set_id, white_card_id) values (112000, 112125);
insert into card_set_white_card (card_set_id, white_card_id) values (112000, 112126);
insert into card_set_white_card (card_set_id, white_card_id) values (112000, 112127);
insert into card_set_white_card (card_set_id, white_card_id) values (112000, 112128);
insert into card_set_white_card (card_set_id, white_card_id) values (112000, 112129);
insert into card_set_white_card (card_set_id, white_card_id) values (112000, 112130);
insert into card_set_white_card (card_set_id, white_card_id) values (112000, 112131);
insert into card_set_white_card (card_set_id, white_card_id) values (112000, 112132);
insert into card_set_white_card (card_set_id, white_card_id) values (112000, 112133);
insert into card_set_white_card (card_set_id, white_card_id) values (112000, 112134);
insert into card_set_white_card (card_set_id, white_card_id) values (112000, 112135);
insert into card_set_white_card (card_set_id, white_card_id) values (112000, 112136);
insert into card_set_white_card (card_set_id, white_card_id) values (112000, 112137);
insert into card_set_white_card (card_set_id, white_card_id) values (112000, 112138);
insert into card_set_white_card (card_set_id, white_card_id) values (112000, 112139);
insert into card_set_white_card (card_set_id, white_card_id) values (112000, 112140);
insert into card_set_white_card (card_set_id, white_card_id) values (112000, 112141);
insert into card_set_white_card (card_set_id, white_card_id) values (112000, 112142);
insert into card_set_white_card (card_set_id, white_card_id) values (112000, 112143);
insert into card_set_white_card (card_set_id, white_card_id) values (112000, 112144);
insert into card_set_white_card (card_set_id, white_card_id) values (112000, 112145);
insert into card_set_white_card (card_set_id, white_card_id) values (112000, 112146);
insert into card_set_white_card (card_set_id, white_card_id) values (112000, 112147);
insert into card_set_white_card (card_set_id, white_card_id) values (112000, 112148);
insert into card_set_white_card (card_set_id, white_card_id) values (112000, 112149);
insert into card_set_white_card (card_set_id, white_card_id) values (112000, 112150);
insert into card_set_white_card (card_set_id, white_card_id) values (112000, 112151);
insert into card_set_white_card (card_set_id, white_card_id) values (112000, 112152);
insert into card_set_white_card (card_set_id, white_card_id) values (112000, 112153);
insert into card_set_white_card (card_set_id, white_card_id) values (112000, 112154);
insert into card_set_white_card (card_set_id, white_card_id) values (112000, 112155);
insert into card_set_white_card (card_set_id, white_card_id) values (112000, 112156);
insert into card_set_white_card (card_set_id, white_card_id) values (112000, 112157);
insert into card_set_white_card (card_set_id, white_card_id) values (112000, 112158);
insert into card_set_white_card (card_set_id, white_card_id) values (112000, 112159);
insert into card_set_white_card (card_set_id, white_card_id) values (112000, 112160);
insert into card_set_white_card (card_set_id, white_card_id) values (112000, 112161);
insert into card_set_white_card (card_set_id, white_card_id) values (112000, 112162);
insert into card_set_white_card (card_set_id, white_card_id) values (112000, 112163);
insert into card_set_white_card (card_set_id, white_card_id) values (112000, 112164);
insert into card_set_white_card (card_set_id, white_card_id) values (112000, 112165);
insert into card_set_white_card (card_set_id, white_card_id) values (112000, 112166);
insert into card_set_white_card (card_set_id, white_card_id) values (112000, 112167);
insert into card_set_white_card (card_set_id, white_card_id) values (112000, 112168);
insert into card_set_white_card (card_set_id, white_card_id) values (112000, 112169);
insert into card_set_white_card (card_set_id, white_card_id) values (112000, 112170);
insert into card_set_white_card (card_set_id, white_card_id) values (112000, 112171);
insert into card_set_white_card (card_set_id, white_card_id) values (112000, 112172);
insert into card_set_white_card (card_set_id, white_card_id) values (112000, 112173);
insert into card_set_white_card (card_set_id, white_card_id) values (112000, 112174);
insert into card_set_white_card (card_set_id, white_card_id) values (112000, 112175);
insert into card_set_white_card (card_set_id, white_card_id) values (112000, 112176);
insert into card_set_white_card (card_set_id, white_card_id) values (112000, 112177);
insert into card_set_white_card (card_set_id, white_card_id) values (112000, 112178);
insert into card_set_white_card (card_set_id, white_card_id) values (112000, 112179);
insert into card_set_white_card (card_set_id, white_card_id) values (112000, 112180);
insert into card_set_white_card (card_set_id, white_card_id) values (112000, 112181);
insert into card_set_white_card (card_set_id, white_card_id) values (112000, 112182);
insert into card_set_white_card (card_set_id, white_card_id) values (112000, 112183);
insert into card_set_white_card (card_set_id, white_card_id) values (112000, 112184);
insert into card_set_white_card (card_set_id, white_card_id) values (112000, 112185);
insert into card_set_white_card (card_set_id, white_card_id) values (112000, 112186);
insert into card_set_white_card (card_set_id, white_card_id) values (112000, 112187);
insert into card_set_white_card (card_set_id, white_card_id) values (112000, 112188);
insert into card_set_white_card (card_set_id, white_card_id) values (112000, 112189);
insert into card_set_white_card (card_set_id, white_card_id) values (112000, 112190);
insert into card_set_white_card (card_set_id, white_card_id) values (112000, 112191);
insert into card_set_white_card (card_set_id, white_card_id) values (112000, 112192);
insert into card_set_white_card (card_set_id, white_card_id) values (112000, 112193);
insert into card_set_white_card (card_set_id, white_card_id) values (112000, 112194);
insert into card_set_white_card (card_set_id, white_card_id) values (112000, 112195);
insert into card_set_white_card (card_set_id, white_card_id) values (112000, 112196);
insert into card_set_white_card (card_set_id, white_card_id) values (112000, 112197);
insert into card_set_white_card (card_set_id, white_card_id) values (112000, 112198);
insert into card_set_white_card (card_set_id, white_card_id) values (112000, 112199);
insert into card_set_white_card (card_set_id, white_card_id) values (112000, 112200);
insert into card_set_white_card (card_set_id, white_card_id) values (112000, 112201);
insert into card_set_white_card (card_set_id, white_card_id) values (112000, 112202);
insert into card_set_white_card (card_set_id, white_card_id) values (112000, 112203);
insert into card_set_white_card (card_set_id, white_card_id) values (112000, 112204);
insert into card_set_white_card (card_set_id, white_card_id) values (112000, 112205);
insert into card_set_white_card (card_set_id, white_card_id) values (112000, 112206);
insert into card_set_white_card (card_set_id, white_card_id) values (112000, 112207);
insert into card_set_white_card (card_set_id, white_card_id) values (112000, 112208);
insert into card_set_white_card (card_set_id, white_card_id) values (112000, 112209);
insert into card_set_white_card (card_set_id, white_card_id) values (112000, 112210);
insert into card_set_white_card (card_set_id, white_card_id) values (112000, 112211);
insert into card_set_white_card (card_set_id, white_card_id) values (112000, 112212);
insert into card_set_white_card (card_set_id, white_card_id) values (112000, 112213);
insert into card_set_white_card (card_set_id, white_card_id) values (112000, 112214);
insert into card_set_white_card (card_set_id, white_card_id) values (112000, 112215);
insert into card_set_white_card (card_set_id, white_card_id) values (112000, 112216);
insert into card_set_white_card (card_set_id, white_card_id) values (112000, 112217);
insert into card_set_white_card (card_set_id, white_card_id) values (112000, 112218);
insert into card_set_white_card (card_set_id, white_card_id) values (112000, 112219);
insert into card_set_white_card (card_set_id, white_card_id) values (112000, 112220);
insert into card_set_white_card (card_set_id, white_card_id) values (112000, 112221);
insert into card_set_white_card (card_set_id, white_card_id) values (112000, 112222);
insert into card_set_white_card (card_set_id, white_card_id) values (112000, 112223);
insert into card_set_white_card (card_set_id, white_card_id) values (112000, 112224);
insert into card_set_white_card (card_set_id, white_card_id) values (112000, 112225);
insert into card_set_white_card (card_set_id, white_card_id) values (112000, 112226);
insert into card_set_white_card (card_set_id, white_card_id) values (112000, 112227);
insert into card_set_white_card (card_set_id, white_card_id) values (112000, 112228);
insert into card_set_white_card (card_set_id, white_card_id) values (112000, 112229);
insert into card_set_white_card (card_set_id, white_card_id) values (112000, 112230);
insert into card_set_white_card (card_set_id, white_card_id) values (112000, 112231);
insert into card_set_white_card (card_set_id, white_card_id) values (112000, 112232);
insert into card_set_white_card (card_set_id, white_card_id) values (112000, 112233);
insert into card_set_white_card (card_set_id, white_card_id) values (112000, 112234);
insert into card_set_white_card (card_set_id, white_card_id) values (112000, 112235);
insert into card_set_white_card (card_set_id, white_card_id) values (112000, 112236);
insert into card_set_white_card (card_set_id, white_card_id) values (112000, 112237);
insert into card_set_white_card (card_set_id, white_card_id) values (112000, 112238);
insert into card_set_white_card (card_set_id, white_card_id) values (112000, 112239);
insert into card_set_white_card (card_set_id, white_card_id) values (112000, 112240);
insert into card_set_white_card (card_set_id, white_card_id) values (112000, 112241);
insert into card_set_white_card (card_set_id, white_card_id) values (112000, 112242);
insert into card_set_white_card (card_set_id, white_card_id) values (112000, 112243);
insert into card_set_white_card (card_set_id, white_card_id) values (112000, 112244);

insert into black_cards (id, text, draw, pick, watermark) values (112300,'I may not be much to look at, but I fuck like ____.', 0, 1, 'green');
insert into black_cards (id, text, draw, pick, watermark) values (112301,'Errbody in the club ____.', 0, 1, 'green');
insert into black_cards (id, text, draw, pick, watermark) values (112302,'The top Google auto-complete results for "Barack Obama":'||chr(10)||'*Barack Obama Height.*'||chr(10)||'*Barack Obama net worth.*'||chr(10)||'*Barack Obama* ____.', 0, 1, 'green');
insert into black_cards (id, text, draw, pick, watermark) values (112303,'Son, take it from someone who''s been around the block a few times. Nothin'' puts her in the mood like ____.', 0, 1, 'green');
insert into black_cards (id, text, draw, pick, watermark) values (112304,'Art isn''t just a painting in a stuffy museum. Art is alive. Art is ____.', 0, 1, 'green');
insert into black_cards (id, text, draw, pick, watermark) values (112305,'You won''t believe what''s in my pussy. It''s ____.', 0, 1, 'green');
insert into black_cards (id, text, draw, pick, watermark) values (112306,'What''s the most problematic?', 0, 1, 'green');
insert into black_cards (id, text, draw, pick, watermark) values (112307,'Feeling so grateful! #amazing #mylife #____.', 0, 1, 'green');
insert into black_cards (id, text, draw, pick, watermark) values (112308,'What''s a total waste of Hillary Clinton''s time?', 0, 1, 'green');
insert into black_cards (id, text, draw, pick, watermark) values (112309,'What''s the gayest?', 0, 1, 'green');
insert into black_cards (id, text, draw, pick, watermark) values (112310,'____ be all like ____.', 0, 2, 'green');
insert into black_cards (id, text, draw, pick, watermark) values (112311,'Girls just wanna have ____.', 0, 1, 'green');
insert into black_cards (id, text, draw, pick, watermark) values (112312,'One more thing. Watch out for Big Mike. They say he killed a man with ____.', 0, 1, 'green');
insert into black_cards (id, text, draw, pick, watermark) values (112313,'Well, shit. My eyes ain''t so good, but I''ll eat my own boot if that ain''t ____!', 0, 1, 'green');
insert into black_cards (id, text, draw, pick, watermark) values (112314,'If at first you don''t succeed, try ____.', 0, 1, 'green');
insert into black_cards (id, text, draw, pick, watermark) values (112315,'What will end racism once and for all?', 0, 1, 'green');
insert into black_cards (id, text, draw, pick, watermark) values (112316,'I''ll take the BBQ bacon burger with friend egg and fuck it how about ____.', 0, 1, 'green');
insert into black_cards (id, text, draw, pick, watermark) values (112317,'Well if ____ is a crime, then lock me up!', 0, 1, 'green');
insert into black_cards (id, text, draw, pick, watermark) values (112318,'We do not shake with our left hands in this country. That is the hand we use for ____.', 0, 1, 'green');
insert into black_cards (id, text, draw, pick, watermark) values (112319,'You know who else liked ____? Hitler.', 0, 1, 'green');
insert into black_cards (id, text, draw, pick, watermark) values (112320,'Poor Brandon, still living in his parent''s basement. I heard he never got over ____.', 0, 1, 'green');
insert into black_cards (id, text, draw, pick, watermark) values (112321,'What totally destroyed my asshole?', 0, 1, 'green');
insert into black_cards (id, text, draw, pick, watermark) values (112322,'I don''t believe in God. I believe in ____.', 0, 1, 'green');
insert into black_cards (id, text, draw, pick, watermark) values (112323,'Then the princess kissed the frog, and all of a sudden the frog was ____!', 0, 1, 'green');
insert into black_cards (id, text, draw, pick, watermark) values (112324,'I got rhythm, I''ve got music, I''ve got ____. Who could ask for anything more?', 0, 1, 'green');
insert into black_cards (id, text, draw, pick, watermark) values (112325,'No, no, no, no, no, no, NO! I will NOT let ____ ruin this wedding.', 0, 1, 'green');
insert into black_cards (id, text, draw, pick, watermark) values (112326,'Coming to Red Lobster® this month, ____.', 0, 1, 'green');
insert into black_cards (id, text, draw, pick, watermark) values (112327,'Ooo, daddy like ____.', 0, 1, 'green');
insert into black_cards (id, text, draw, pick, watermark) values (112328,'Best you go back where you came from, now. We don''t take too kindly to ____ in these parts.', 0, 1, 'green');
insert into black_cards (id, text, draw, pick, watermark) values (112329,'Summer lovin'', had me a blast. ____, happened so fast.', 0, 1, 'green');
insert into black_cards (id, text, draw, pick, watermark) values (112330,'LSD + ____ = really bad time.', 0, 1, 'green');
insert into black_cards (id, text, draw, pick, watermark) values (112331,'What are all those whales singing about?', 0, 1, 'green');
insert into black_cards (id, text, draw, pick, watermark) values (112332,'As Teddy Roosevelt said, the four manly virtues are honor, temperance, industry, and ____.', 0, 1, 'green');
insert into black_cards (id, text, draw, pick, watermark) values (112333,'I tell you, it was a non-stop fuckfest. When it was over, my asshole looked like ____.', 0, 1, 'green');
insert into black_cards (id, text, draw, pick, watermark) values (112334,'What turned me into a Republican?', 0, 1, 'green');
insert into black_cards (id, text, draw, pick, watermark) values (112335,'I''m sorry, sir, but your insurance plan doesn''t cover injuries caused by ____.', 0, 1, 'green');
insert into black_cards (id, text, draw, pick, watermark) values (112336,'Run, run, as fast as you can! You can''t catch me, I''m ____!', 0, 1, 'green');
insert into black_cards (id, text, draw, pick, watermark) values (112337,'There is no God. It''s just ____ and then you die.', 0, 1, 'green');
insert into black_cards (id, text, draw, pick, watermark) values (112338,'She''s just one of the guys, you know? She likes beer, and football, and ____.', 0, 1, 'green');
insert into black_cards (id, text, draw, pick, watermark) values (112339,'This Friday at the Liquid Lunge, it''s ____ Night! Ladies drink free.', 0, 1, 'green');
insert into black_cards (id, text, draw, pick, watermark) values (112340,'What sucks balls?', 0, 1, 'green');
insert into black_cards (id, text, draw, pick, watermark) values (112341,'I''ve had a horrible vision, father. I saw mountains crumbling, stars falling from the sky. I saw ____.', 0, 1, 'green');
insert into black_cards (id, text, draw, pick, watermark) values (112342,'Oh no! Siri, how do I fix ____?', 0, 1, 'green');
insert into black_cards (id, text, draw, pick, watermark) values (112343,'Dance like there''s nobody watching, love like you''ll never be hurt, and live like you''re ____.', 0, 1, 'green');
insert into black_cards (id, text, draw, pick, watermark) values (112344,'Mom''s to-do list:'||chr(10)||'- Buy Groceries'||chr(10)||'Clean up ____.'||chr(10)||'- Soccer Practice.', 0, 1, 'green');
insert into black_cards (id, text, draw, pick, watermark) values (112345,'Why am I laughing and crying and taking off my clothes?', 0, 1, 'green');
insert into black_cards (id, text, draw, pick, watermark) values (112346,'She''s a lady in the streets, ____ in the sheets.', 0, 1, 'green');
insert into black_cards (id, text, draw, pick, watermark) values (112347,'What''s about to take dance floor to the next level?', 0, 1, 'green');
insert into black_cards (id, text, draw, pick, watermark) values (112348,'CNN breaking news! Scientists discover ____.', 0, 1, 'green');
insert into black_cards (id, text, draw, pick, watermark) values (112349,'Most Americans would not vote for a candidate who is openly ____.', 0, 1, 'green');
insert into black_cards (id, text, draw, pick, watermark) values (112350,'Congratulations! You have been selected for our summer internship program. While we are unable to off a salary, we can off you ____.', 0, 1, 'green');
insert into black_cards (id, text, draw, pick, watermark) values (112351,'In the 1950s, psychologists prescribed ____ as a cure for homosexually.', 0, 1, 'green');
insert into black_cards (id, text, draw, pick, watermark) values (112352,'As reparations for slavery, all African Americans will receive ____.', 0, 1, 'green');
insert into black_cards (id, text, draw, pick, watermark) values (112353,'With a one-time gift of just $10, you can save this child from ____.', 0, 1, 'green');
insert into black_cards (id, text, draw, pick, watermark) values (112354,'Google Calendar alert: ____ in 10 minutes.', 0, 1, 'green');

insert into card_set_black_card (card_set_id, black_card_id) values (112000, 112300);
insert into card_set_black_card (card_set_id, black_card_id) values (112000, 112301);
insert into card_set_black_card (card_set_id, black_card_id) values (112000, 112302);
insert into card_set_black_card (card_set_id, black_card_id) values (112000, 112303);
insert into card_set_black_card (card_set_id, black_card_id) values (112000, 112304);
insert into card_set_black_card (card_set_id, black_card_id) values (112000, 112305);
insert into card_set_black_card (card_set_id, black_card_id) values (112000, 112306);
insert into card_set_black_card (card_set_id, black_card_id) values (112000, 112307);
insert into card_set_black_card (card_set_id, black_card_id) values (112000, 112308);
insert into card_set_black_card (card_set_id, black_card_id) values (112000, 112309);
insert into card_set_black_card (card_set_id, black_card_id) values (112000, 112310);
insert into card_set_black_card (card_set_id, black_card_id) values (112000, 112311);
insert into card_set_black_card (card_set_id, black_card_id) values (112000, 112312);
insert into card_set_black_card (card_set_id, black_card_id) values (112000, 112313);
insert into card_set_black_card (card_set_id, black_card_id) values (112000, 112314);
insert into card_set_black_card (card_set_id, black_card_id) values (112000, 112315);
insert into card_set_black_card (card_set_id, black_card_id) values (112000, 112316);
insert into card_set_black_card (card_set_id, black_card_id) values (112000, 112317);
insert into card_set_black_card (card_set_id, black_card_id) values (112000, 112318);
insert into card_set_black_card (card_set_id, black_card_id) values (112000, 112319);
insert into card_set_black_card (card_set_id, black_card_id) values (112000, 112320);
insert into card_set_black_card (card_set_id, black_card_id) values (112000, 112321);
insert into card_set_black_card (card_set_id, black_card_id) values (112000, 112322);
insert into card_set_black_card (card_set_id, black_card_id) values (112000, 112323);
insert into card_set_black_card (card_set_id, black_card_id) values (112000, 112324);
insert into card_set_black_card (card_set_id, black_card_id) values (112000, 112325);
insert into card_set_black_card (card_set_id, black_card_id) values (112000, 112326);
insert into card_set_black_card (card_set_id, black_card_id) values (112000, 112327);
insert into card_set_black_card (card_set_id, black_card_id) values (112000, 112328);
insert into card_set_black_card (card_set_id, black_card_id) values (112000, 112329);
insert into card_set_black_card (card_set_id, black_card_id) values (112000, 112330);
insert into card_set_black_card (card_set_id, black_card_id) values (112000, 112331);
insert into card_set_black_card (card_set_id, black_card_id) values (112000, 112332);
insert into card_set_black_card (card_set_id, black_card_id) values (112000, 112333);
insert into card_set_black_card (card_set_id, black_card_id) values (112000, 112334);
insert into card_set_black_card (card_set_id, black_card_id) values (112000, 112335);
insert into card_set_black_card (card_set_id, black_card_id) values (112000, 112336);
insert into card_set_black_card (card_set_id, black_card_id) values (112000, 112337);
insert into card_set_black_card (card_set_id, black_card_id) values (112000, 112338);
insert into card_set_black_card (card_set_id, black_card_id) values (112000, 112339);
insert into card_set_black_card (card_set_id, black_card_id) values (112000, 112340);
insert into card_set_black_card (card_set_id, black_card_id) values (112000, 112341);
insert into card_set_black_card (card_set_id, black_card_id) values (112000, 112342);
insert into card_set_black_card (card_set_id, black_card_id) values (112000, 112343);
insert into card_set_black_card (card_set_id, black_card_id) values (112000, 112344);
insert into card_set_black_card (card_set_id, black_card_id) values (112000, 112345);
insert into card_set_black_card (card_set_id, black_card_id) values (112000, 112346);
insert into card_set_black_card (card_set_id, black_card_id) values (112000, 112347);
insert into card_set_black_card (card_set_id, black_card_id) values (112000, 112348);
insert into card_set_black_card (card_set_id, black_card_id) values (112000, 112349);
insert into card_set_black_card (card_set_id, black_card_id) values (112000, 112350);
insert into card_set_black_card (card_set_id, black_card_id) values (112000, 112351);
insert into card_set_black_card (card_set_id, black_card_id) values (112000, 112352);
insert into card_set_black_card (card_set_id, black_card_id) values (112000, 112353);
insert into card_set_black_card (card_set_id, black_card_id) values (112000, 112354);

COMMIT;
