BEGIN;

delete from card_set_white_card where card_set_id = 129000;
delete from card_set_black_card where card_set_id = 129000;
delete from white_cards where id >= 129000 and id <= 129999;
delete from black_cards where id >= 129000 and id <= 129999;
delete from card_set where id=129000;

insert into card_set (id, active, name, base_deck, description, weight) values (129000, 't', 'The Hot Box', 'f', 'How HOT do you like your box? Mild, Medium, or OH MY GOD AM I DYING?! Here come 300 scorching new cards to spice up your Cards Against Humanity collection. HOOCHIE MAMA!', 999);

insert into white_cards (id, text, watermark) values (129000, '"Weird Al" Yankovic.', 'hot');
insert into card_set_white_card (card_set_id, white_card_id) values (129000, 129000);
insert into white_cards (id, text, watermark) values (129001, '$200,000 of student loan debt.', 'hot');
insert into card_set_white_card (card_set_id, white_card_id) values (129000, 129001);
insert into white_cards (id, text, watermark) values (129002, '157 open Chrome tabs.', 'hot');
insert into card_set_white_card (card_set_id, white_card_id) values (129000, 129002);
insert into white_cards (id, text, watermark) values (129003, 'A 7-dimensional pie that bakes itself and then never existed.', 'hot');
insert into card_set_white_card (card_set_id, white_card_id) values (129000, 129003);
insert into white_cards (id, text, watermark) values (129004, 'A bottle of lube with a picture of my dad on it.', 'hot');
insert into card_set_white_card (card_set_id, white_card_id) values (129000, 129004);
insert into white_cards (id, text, watermark) values (129005, 'A cat named "Penis."', 'hot');
insert into card_set_white_card (card_set_id, white_card_id) values (129000, 129005);
insert into white_cards (id, text, watermark) values (129006, 'A detective that sits in the car honking the horn and screaming until the murderer shows up.', 'hot');
insert into card_set_white_card (card_set_id, white_card_id) values (129000, 129006);
insert into white_cards (id, text, watermark) values (129007, 'A groundbreaking new kind of discrimination.', 'hot');
insert into card_set_white_card (card_set_id, white_card_id) values (129000, 129007);
insert into white_cards (id, text, watermark) values (129008, 'A grown man.', 'hot');
insert into card_set_white_card (card_set_id, white_card_id) values (129000, 129008);
insert into white_cards (id, text, watermark) values (129009, 'A guitar solo so mind-blowing it reunites your divorced parents.', 'hot');
insert into card_set_white_card (card_set_id, white_card_id) values (129000, 129009);
insert into white_cards (id, text, watermark) values (129010, 'A KNIFE!!!', 'hot');
insert into card_set_white_card (card_set_id, white_card_id) values (129000, 129010);
insert into white_cards (id, text, watermark) values (129011, 'A master''s degree in being a fucking loser.', 'hot');
insert into card_set_white_card (card_set_id, white_card_id) values (129000, 129011);
insert into white_cards (id, text, watermark) values (129012, 'A passive-aggressive frog.', 'hot');
insert into card_set_white_card (card_set_id, white_card_id) values (129000, 129012);
insert into white_cards (id, text, watermark) values (129013, 'A rough, terse blowjob from Ernest Hemingway.', 'hot');
insert into card_set_white_card (card_set_id, white_card_id) values (129000, 129013);
insert into white_cards (id, text, watermark) values (129014, 'A salad that''s just croutons.', 'hot');
insert into card_set_white_card (card_set_id, white_card_id) values (129000, 129014);
insert into white_cards (id, text, watermark) values (129015, 'A seven-hour black-and-white film about the collapse of a farming collective in post-communist Hungary.', 'hot');
insert into card_set_white_card (card_set_id, white_card_id) values (129000, 129015);
insert into white_cards (id, text, watermark) values (129016, 'A sincere apology.', 'hot');
insert into card_set_white_card (card_set_id, white_card_id) values (129000, 129016);
insert into white_cards (id, text, watermark) values (129017, 'A text message that just says "ok."', 'hot');
insert into card_set_white_card (card_set_id, white_card_id) values (129000, 129017);
insert into white_cards (id, text, watermark) values (129018, 'A toddler named "Brench."', 'hot');
insert into card_set_white_card (card_set_id, white_card_id) values (129000, 129018);
insert into white_cards (id, text, watermark) values (129019, 'A total lack of accountability.', 'hot');
insert into card_set_white_card (card_set_id, white_card_id) values (129000, 129019);
insert into white_cards (id, text, watermark) values (129020, 'A turd slowly emerging from my belly button.', 'hot');
insert into card_set_white_card (card_set_id, white_card_id) values (129000, 129020);
insert into white_cards (id, text, watermark) values (129021, 'A white-trash genie trapped in an Arizona® iced tea can.', 'hot');
insert into card_set_white_card (card_set_id, white_card_id) values (129000, 129021);
insert into white_cards (id, text, watermark) values (129022, 'A woman in STEM.', 'hot');
insert into card_set_white_card (card_set_id, white_card_id) values (129000, 129022);
insert into white_cards (id, text, watermark) values (129023, 'Accepting that I''m a 6, at best.', 'hot');
insert into card_set_white_card (card_set_id, white_card_id) values (129000, 129023);
insert into white_cards (id, text, watermark) values (129024, 'Accidentally calling the teacher "mom" during sex.', 'hot');
insert into card_set_white_card (card_set_id, white_card_id) values (129000, 129024);
insert into white_cards (id, text, watermark) values (129025, 'Accidentally shaking a man''s balls instead of his hand.', 'hot');
insert into card_set_white_card (card_set_id, white_card_id) values (129000, 129025);
insert into white_cards (id, text, watermark) values (129026, 'ACTING!', 'hot');
insert into card_set_white_card (card_set_id, white_card_id) values (129000, 129026);
insert into white_cards (id, text, watermark) values (129027, 'Actually reading the Bible.', 'hot');
insert into card_set_white_card (card_set_id, white_card_id) values (129000, 129027);
insert into white_cards (id, text, watermark) values (129028, 'Admitting defeat.', 'hot');
insert into card_set_white_card (card_set_id, white_card_id) values (129000, 129028);
insert into white_cards (id, text, watermark) values (129029, 'An anal-sex-themed roller coaster.', 'hot');
insert into card_set_white_card (card_set_id, white_card_id) values (129000, 129029);
insert into white_cards (id, text, watermark) values (129030, 'An ice cream truck that''s too fast for children to catch.', 'hot');
insert into card_set_white_card (card_set_id, white_card_id) values (129000, 129030);
insert into white_cards (id, text, watermark) values (129031, 'An x-ray of a Buzz Lightyear doll stuck in a man''s ass.', 'hot');
insert into card_set_white_card (card_set_id, white_card_id) values (129000, 129031);
insert into white_cards (id, text, watermark) values (129032, 'Another failed marriage.', 'hot');
insert into card_set_white_card (card_set_id, white_card_id) values (129000, 129032);
insert into white_cards (id, text, watermark) values (129033, 'Ass-flavored LaCroix®.', 'hot');
insert into card_set_white_card (card_set_id, white_card_id) values (129000, 129033);
insert into white_cards (id, text, watermark) values (129034, 'Assisted suicide.', 'hot');
insert into card_set_white_card (card_set_id, white_card_id) values (129000, 129034);
insert into white_cards (id, text, watermark) values (129035, 'Baba Vanga, the blind Bulgarian mystic.', 'hot');
insert into card_set_white_card (card_set_id, white_card_id) values (129000, 129035);
insert into white_cards (id, text, watermark) values (129036, 'Balloons.', 'hot');
insert into card_set_white_card (card_set_id, white_card_id) values (129000, 129036);
insert into white_cards (id, text, watermark) values (129037, 'Basic bitches.', 'hot');
insert into card_set_white_card (card_set_id, white_card_id) values (129000, 129037);
insert into white_cards (id, text, watermark) values (129038, 'Begging for cock.', 'hot');
insert into card_set_white_card (card_set_id, white_card_id) values (129000, 129038);
insert into white_cards (id, text, watermark) values (129039, 'Being an absolute girlboss.', 'hot');
insert into card_set_white_card (card_set_id, white_card_id) values (129000, 129039);
insert into white_cards (id, text, watermark) values (129040, 'Being falsely accused of murder.', 'hot');
insert into card_set_white_card (card_set_id, white_card_id) values (129000, 129040);
insert into white_cards (id, text, watermark) values (129041, 'Being Latino.', 'hot');
insert into card_set_white_card (card_set_id, white_card_id) values (129000, 129041);
insert into white_cards (id, text, watermark) values (129042, 'Big fancy bullshit.', 'hot');
insert into card_set_white_card (card_set_id, white_card_id) values (129000, 129042);
insert into white_cards (id, text, watermark) values (129043, 'Big labia.', 'hot');
insert into card_set_white_card (card_set_id, white_card_id) values (129000, 129043);
insert into white_cards (id, text, watermark) values (129044, 'Black Santa.', 'hot');
insert into card_set_white_card (card_set_id, white_card_id) values (129000, 129044);
insert into white_cards (id, text, watermark) values (129045, 'Body shaming.', 'hot');
insert into card_set_white_card (card_set_id, white_card_id) values (129000, 129045);
insert into white_cards (id, text, watermark) values (129046, 'Breaking my man''s big cock in half and sucking out the sweet pulp.', 'hot');
insert into card_set_white_card (card_set_id, white_card_id) values (129000, 129046);
insert into white_cards (id, text, watermark) values (129047, 'Brown Gatorade that makes you worse at sports.', 'hot');
insert into card_set_white_card (card_set_id, white_card_id) values (129000, 129047);
insert into white_cards (id, text, watermark) values (129048, 'Canadian Prime Minister Justin Trudeau.', 'hot');
insert into card_set_white_card (card_set_id, white_card_id) values (129000, 129048);
insert into white_cards (id, text, watermark) values (129049, 'Carbon monoxide.', 'hot');
insert into card_set_white_card (card_set_id, white_card_id) values (129000, 129049);
insert into white_cards (id, text, watermark) values (129050, 'Carefully guiding a coffee straw down my man''s urethra.', 'hot');
insert into card_set_white_card (card_set_id, white_card_id) values (129000, 129050);
insert into white_cards (id, text, watermark) values (129051, 'Chanting "USA! USA!"', 'hot');
insert into card_set_white_card (card_set_id, white_card_id) values (129000, 129051);
insert into white_cards (id, text, watermark) values (129052, 'Charging a vibrator at Starbucks.', 'hot');
insert into card_set_white_card (card_set_id, white_card_id) values (129000, 129052);
insert into white_cards (id, text, watermark) values (129053, 'Christian hip-hop.', 'hot');
insert into card_set_white_card (card_set_id, white_card_id) values (129000, 129053);
insert into white_cards (id, text, watermark) values (129054, 'Chunks.', 'hot');
insert into card_set_white_card (card_set_id, white_card_id) values (129000, 129054);
insert into white_cards (id, text, watermark) values (129055, 'Cigarettes.', 'hot');
insert into card_set_white_card (card_set_id, white_card_id) values (129000, 129055);
insert into white_cards (id, text, watermark) values (129056, 'Clicking "Yes, I would like to receive promotional emails."', 'hot');
insert into card_set_white_card (card_set_id, white_card_id) values (129000, 129056);
insert into white_cards (id, text, watermark) values (129057, 'Comparing dicks with Dad.', 'hot');
insert into card_set_white_card (card_set_id, white_card_id) values (129000, 129057);
insert into white_cards (id, text, watermark) values (129058, 'Competitive shitting.', 'hot');
insert into card_set_white_card (card_set_id, white_card_id) values (129000, 129058);
insert into white_cards (id, text, watermark) values (129059, 'Correctly using a semicolon.', 'hot');
insert into card_set_white_card (card_set_id, white_card_id) values (129000, 129059);
insert into white_cards (id, text, watermark) values (129060, 'Counting all my plates every night to make sure no one stole any of my plates.', 'hot');
insert into card_set_white_card (card_set_id, white_card_id) values (129000, 129060);
insert into white_cards (id, text, watermark) values (129061, 'Crippling economic sanctions.', 'hot');
insert into card_set_white_card (card_set_id, white_card_id) values (129000, 129061);
insert into white_cards (id, text, watermark) values (129062, 'Crucifying a rodeo clown.', 'hot');
insert into card_set_white_card (card_set_id, white_card_id) values (129000, 129062);
insert into white_cards (id, text, watermark) values (129063, 'Dad''s golf buddy, Gordon.', 'hot');
insert into card_set_white_card (card_set_id, white_card_id) values (129000, 129063);
insert into white_cards (id, text, watermark) values (129064, 'David, the man with a 24/7 erection.', 'hot');
insert into card_set_white_card (card_set_id, white_card_id) values (129000, 129064);
insert into white_cards (id, text, watermark) values (129065, 'Demanding to speak with a hotter manager.', 'hot');
insert into card_set_white_card (card_set_id, white_card_id) values (129000, 129065);
insert into white_cards (id, text, watermark) values (129066, 'Dismembering people.', 'hot');
insert into card_set_white_card (card_set_id, white_card_id) values (129000, 129066);
insert into white_cards (id, text, watermark) values (129067, 'Disruptive financial technologies that redefine the relationship between banks and clients.', 'hot');
insert into card_set_white_card (card_set_id, white_card_id) values (129000, 129067);
insert into white_cards (id, text, watermark) values (129068, 'Ditching my kids at the playground and GOING TO KOHL''S!!!', 'hot');
insert into card_set_white_card (card_set_id, white_card_id) values (129000, 129068);
insert into white_cards (id, text, watermark) values (129069, 'Dogshit.', 'hot');
insert into card_set_white_card (card_set_id, white_card_id) values (129000, 129069);
insert into white_cards (id, text, watermark) values (129070, 'Doing a Donald Duck voice on the suicide hotline.', 'hot');
insert into card_set_white_card (card_set_id, white_card_id) values (129000, 129070);
insert into white_cards (id, text, watermark) values (129071, 'Doing cocaine with Grandma.', 'hot');
insert into card_set_white_card (card_set_id, white_card_id) values (129000, 129071);
insert into white_cards (id, text, watermark) values (129072, 'Doing just fine, thanks.', 'hot');
insert into card_set_white_card (card_set_id, white_card_id) values (129000, 129072);
insert into white_cards (id, text, watermark) values (129073, 'Donating blood because "oooooooh look at me I''m such a good person!"', 'hot');
insert into card_set_white_card (card_set_id, white_card_id) values (129000, 129073);
insert into white_cards (id, text, watermark) values (129074, 'Dried cum.', 'hot');
insert into card_set_white_card (card_set_id, white_card_id) values (129000, 129074);
insert into white_cards (id, text, watermark) values (129075, 'Drizzling agave syrup on my penis and slowly inserting it into a termite mound.', 'hot');
insert into card_set_white_card (card_set_id, white_card_id) values (129000, 129075);
insert into white_cards (id, text, watermark) values (129076, 'Dumps.', 'hot');
insert into card_set_white_card (card_set_id, white_card_id) values (129000, 129076);
insert into white_cards (id, text, watermark) values (129077, 'Eels.', 'hot');
insert into card_set_white_card (card_set_id, white_card_id) values (129000, 129077);
insert into white_cards (id, text, watermark) values (129078, 'Eight guys named Josh.', 'hot');
insert into card_set_white_card (card_set_id, white_card_id) values (129000, 129078);
insert into white_cards (id, text, watermark) values (129079, 'Elder abuse.', 'hot');
insert into card_set_white_card (card_set_id, white_card_id) values (129000, 129079);
insert into white_cards (id, text, watermark) values (129080, 'Emotional labor.', 'hot');
insert into card_set_white_card (card_set_id, white_card_id) values (129000, 129080);
insert into white_cards (id, text, watermark) values (129081, 'Ending business calls with "I love you."', 'hot');
insert into card_set_white_card (card_set_id, white_card_id) values (129000, 129081);
insert into white_cards (id, text, watermark) values (129082, 'Exfoliating.', 'hot');
insert into card_set_white_card (card_set_id, white_card_id) values (129000, 129082);
insert into white_cards (id, text, watermark) values (129083, 'Farting so hard you dislodge your IUD.', 'hot');
insert into card_set_white_card (card_set_id, white_card_id) values (129000, 129083);
insert into white_cards (id, text, watermark) values (129084, 'Fat, juicy pussy.', 'hot');
insert into card_set_white_card (card_set_id, white_card_id) values (129000, 129084);
insert into white_cards (id, text, watermark) values (129085, 'Filipinos.', 'hot');
insert into card_set_white_card (card_set_id, white_card_id) values (129000, 129085);
insert into white_cards (id, text, watermark) values (129086, 'Finding out how many marshmallows fit inside my vagina.', 'hot');
insert into card_set_white_card (card_set_id, white_card_id) values (129000, 129086);
insert into white_cards (id, text, watermark) values (129087, 'Finding out that Dad''s password is "FUCKHOG420."', 'hot');
insert into card_set_white_card (card_set_id, white_card_id) values (129000, 129087);
insert into white_cards (id, text, watermark) values (129088, 'Firework-related genital injuries.', 'hot');
insert into card_set_white_card (card_set_id, white_card_id) values (129000, 129088);
insert into white_cards (id, text, watermark) values (129089, 'Following a trail of Skittles into a sewer.', 'hot');
insert into card_set_white_card (card_set_id, white_card_id) values (129000, 129089);
insert into white_cards (id, text, watermark) values (129090, 'Forsaking God.', 'hot');
insert into card_set_white_card (card_set_id, white_card_id) values (129000, 129090);
insert into white_cards (id, text, watermark) values (129091, 'Fucking my cousin Bobby in an empty swimming pool.', 'hot');
insert into card_set_white_card (card_set_id, white_card_id) values (129000, 129091);
insert into white_cards (id, text, watermark) values (129092, 'Fucking my husband''s brother as a form of self-care.', 'hot');
insert into card_set_white_card (card_set_id, white_card_id) values (129000, 129092);
insert into white_cards (id, text, watermark) values (129093, 'Fucking two marines inside a porta-potty.', 'hot');
insert into card_set_white_card (card_set_id, white_card_id) values (129000, 129093);
insert into white_cards (id, text, watermark) values (129094, 'Gas station sushi.', 'hot');
insert into card_set_white_card (card_set_id, white_card_id) values (129000, 129094);
insert into white_cards (id, text, watermark) values (129095, 'Generational trauma.', 'hot');
insert into card_set_white_card (card_set_id, white_card_id) values (129000, 129095);
insert into white_cards (id, text, watermark) values (129096, 'Gentrification.', 'hot');
insert into card_set_white_card (card_set_id, white_card_id) values (129000, 129096);
insert into white_cards (id, text, watermark) values (129097, 'Getting a Green Card.', 'hot');
insert into card_set_white_card (card_set_id, white_card_id) values (129000, 129097);
insert into white_cards (id, text, watermark) values (129098, 'Getting cucked.', 'hot');
insert into card_set_white_card (card_set_id, white_card_id) values (129000, 129098);
insert into white_cards (id, text, watermark) values (129099, 'Getting cyberbullied by a child.', 'hot');
insert into card_set_white_card (card_set_id, white_card_id) values (129000, 129099);
insert into white_cards (id, text, watermark) values (129100, 'Getting fucked through a drive-thru window.', 'hot');
insert into card_set_white_card (card_set_id, white_card_id) values (129000, 129100);
insert into white_cards (id, text, watermark) values (129101, 'Getting Mom pregnant.', 'hot');
insert into card_set_white_card (card_set_id, white_card_id) values (129000, 129101);
insert into white_cards (id, text, watermark) values (129102, 'Getting served divorced papers.', 'hot');
insert into card_set_white_card (card_set_id, white_card_id) values (129000, 129102);
insert into white_cards (id, text, watermark) values (129103, 'Getting shot by a 6-year-old.', 'hot');
insert into card_set_white_card (card_set_id, white_card_id) values (129000, 129103);
insert into white_cards (id, text, watermark) values (129104, 'Getting the email chain started for an orgy.', 'hot');
insert into card_set_white_card (card_set_id, white_card_id) values (129000, 129104);
insert into white_cards (id, text, watermark) values (129105, 'Girth.', 'hot');
insert into card_set_white_card (card_set_id, white_card_id) values (129000, 129105);
insert into white_cards (id, text, watermark) values (129106, 'Giving old women piggyback rides.', 'hot');
insert into card_set_white_card (card_set_id, white_card_id) values (129000, 129106);
insert into white_cards (id, text, watermark) values (129107, 'Gnomes.', 'hot');
insert into card_set_white_card (card_set_id, white_card_id) values (129000, 129107);
insert into white_cards (id, text, watermark) values (129108, 'God''s boyfriend, Zach.', 'hot');
insert into card_set_white_card (card_set_id, white_card_id) values (129000, 129108);
insert into white_cards (id, text, watermark) values (129109, 'God''s plan.', 'hot');
insert into card_set_white_card (card_set_id, white_card_id) values (129000, 129109);
insert into white_cards (id, text, watermark) values (129110, 'Going clubbing with all my bros from Goldman Sachs.', 'hot');
insert into card_set_white_card (card_set_id, white_card_id) values (129000, 129110);
insert into white_cards (id, text, watermark) values (129111, 'Going goblin mode.', 'hot');
insert into card_set_white_card (card_set_id, white_card_id) values (129000, 129111);
insert into white_cards (id, text, watermark) values (129112, 'Going sicko mode on some cottage cheese.', 'hot');
insert into card_set_white_card (card_set_id, white_card_id) values (129000, 129112);
insert into white_cards (id, text, watermark) values (129113, 'Greta Thunberg.', 'hot');
insert into card_set_white_card (card_set_id, white_card_id) values (129000, 129113);
insert into white_cards (id, text, watermark) values (129114, 'Grindr.', 'hot');
insert into card_set_white_card (card_set_id, white_card_id) values (129000, 129114);
insert into white_cards (id, text, watermark) values (129115, 'Having a small penis, but a huge Funko Pop collection.', 'hot');
insert into card_set_white_card (card_set_id, white_card_id) values (129000, 129115);
insert into white_cards (id, text, watermark) values (129116, 'Having no ass whatsoever.', 'hot');
insert into card_set_white_card (card_set_id, white_card_id) values (129000, 129116);
insert into white_cards (id, text, watermark) values (129117, 'Homeopathic nonsense.', 'hot');
insert into card_set_white_card (card_set_id, white_card_id) values (129000, 129117);
insert into white_cards (id, text, watermark) values (129118, 'HOOAH! HOOWAH! HOT MAMA! HOO BOY! HOT DAMN! HOOCHIE MAMA! HAG NUT! DUCK NUGGET! FUCK TRUCK! HUCKA MUCKA!', 'hot');
insert into card_set_white_card (card_set_id, white_card_id) values (129000, 129118);
insert into white_cards (id, text, watermark) values (129119, 'Hoping things will get better on their own without taking any action whatsoever.', 'hot');
insert into card_set_white_card (card_set_id, white_card_id) values (129000, 129119);
insert into white_cards (id, text, watermark) values (129120, 'Impersonating a police officer.', 'hot');
insert into card_set_white_card (card_set_id, white_card_id) values (129000, 129120);
insert into white_cards (id, text, watermark) values (129121, 'Incels.', 'hot');
insert into card_set_white_card (card_set_id, white_card_id) values (129000, 129121);
insert into white_cards (id, text, watermark) values (129122, 'Inducing labor with a McFlurry® spoon.', 'hot');
insert into card_set_white_card (card_set_id, white_card_id) values (129000, 129122);
insert into white_cards (id, text, watermark) values (129123, 'Infidelity.', 'hot');
insert into card_set_white_card (card_set_id, white_card_id) values (129000, 129123);
insert into white_cards (id, text, watermark) values (129124, 'Inquiring about one''s readiness to rock.', 'hot');
insert into card_set_white_card (card_set_id, white_card_id) values (129000, 129124);
insert into white_cards (id, text, watermark) values (129125, 'Invading Ukraine.', 'hot');
insert into card_set_white_card (card_set_id, white_card_id) values (129000, 129125);
insert into white_cards (id, text, watermark) values (129126, 'Jacking off goats for science reasons.', 'hot');
insert into card_set_white_card (card_set_id, white_card_id) values (129000, 129126);
insert into white_cards (id, text, watermark) values (129127, 'Jerk off instructions.', 'hot');
insert into card_set_white_card (card_set_id, white_card_id) values (129000, 129127);
insert into white_cards (id, text, watermark) values (129128, 'Judeo-Christian values.', 'hot');
insert into card_set_white_card (card_set_id, white_card_id) values (129000, 129128);
insert into white_cards (id, text, watermark) values (129129, 'Keeping a journal of corn memories.', 'hot');
insert into card_set_white_card (card_set_id, white_card_id) values (129000, 129129);
insert into white_cards (id, text, watermark) values (129130, 'KFC.', 'hot');
insert into card_set_white_card (card_set_id, white_card_id) values (129000, 129130);
insert into white_cards (id, text, watermark) values (129131, 'Killing my boss.', 'hot');
insert into card_set_white_card (card_set_id, white_card_id) values (129000, 129131);
insert into white_cards (id, text, watermark) values (129132, 'Kink shaming.', 'hot');
insert into card_set_white_card (card_set_id, white_card_id) values (129000, 129132);
insert into white_cards (id, text, watermark) values (129133, 'Kissing all of my action figures goodnight.', 'hot');
insert into card_set_white_card (card_set_id, white_card_id) values (129000, 129133);
insert into white_cards (id, text, watermark) values (129134, 'Liberals takin'' our guns!', 'hot');
insert into card_set_white_card (card_set_id, white_card_id) values (129000, 129134);
insert into white_cards (id, text, watermark) values (129135, 'Licking and sealing the labia shut like an envelope.', 'hot');
insert into card_set_white_card (card_set_id, white_card_id) values (129000, 129135);
insert into white_cards (id, text, watermark) values (129136, 'Lin-Manuel Miranda.', 'hot');
insert into card_set_white_card (card_set_id, white_card_id) values (129000, 129136);
insert into white_cards (id, text, watermark) values (129137, 'Literally Hitler.', 'hot');
insert into card_set_white_card (card_set_id, white_card_id) values (129000, 129137);
insert into white_cards (id, text, watermark) values (129138, 'Long COVID.', 'hot');
insert into card_set_white_card (card_set_id, white_card_id) values (129000, 129138);
insert into white_cards (id, text, watermark) values (129139, 'Looking stupid in a crappy haircut.', 'hot');
insert into card_set_white_card (card_set_id, white_card_id) values (129000, 129139);
insert into white_cards (id, text, watermark) values (129140, 'Louis C.K.', 'hot');
insert into card_set_white_card (card_set_id, white_card_id) values (129000, 129140);
insert into white_cards (id, text, watermark) values (129141, 'Lululululemon!', 'hot');
insert into card_set_white_card (card_set_id, white_card_id) values (129000, 129141);
insert into white_cards (id, text, watermark) values (129142, 'Making babies.', 'hot');
insert into card_set_white_card (card_set_id, white_card_id) values (129000, 129142);
insert into white_cards (id, text, watermark) values (129143, 'Making her bajinkles bajoink.', 'hot');
insert into card_set_white_card (card_set_id, white_card_id) values (129000, 129143);
insert into white_cards (id, text, watermark) values (129144, 'Making yet another TikTok about ADHD.', 'hot');
insert into card_set_white_card (card_set_id, white_card_id) values (129000, 129144);
insert into white_cards (id, text, watermark) values (129145, 'Math camp.', 'hot');
insert into card_set_white_card (card_set_id, white_card_id) values (129000, 129145);
insert into white_cards (id, text, watermark) values (129146, 'Microplastics.', 'hot');
insert into card_set_white_card (card_set_id, white_card_id) values (129000, 129146);
insert into white_cards (id, text, watermark) values (129147, 'Minorities.', 'hot');
insert into card_set_white_card (card_set_id, white_card_id) values (129000, 129147);
insert into white_cards (id, text, watermark) values (129148, 'Misgendering people.', 'hot');
insert into card_set_white_card (card_set_id, white_card_id) values (129000, 129148);
insert into white_cards (id, text, watermark) values (129149, 'Missing children.', 'hot');
insert into card_set_white_card (card_set_id, white_card_id) values (129000, 129149);
insert into white_cards (id, text, watermark) values (129150, 'Moisture.', 'hot');
insert into card_set_white_card (card_set_id, white_card_id) values (129000, 129150);
insert into white_cards (id, text, watermark) values (129151, 'Monetizing my depression.', 'hot');
insert into card_set_white_card (card_set_id, white_card_id) values (129000, 129151);
insert into white_cards (id, text, watermark) values (129152, 'Mongolians.', 'hot');
insert into card_set_white_card (card_set_id, white_card_id) values (129000, 129152);
insert into white_cards (id, text, watermark) values (129153, 'My dog, who is a racist.', 'hot');
insert into card_set_white_card (card_set_id, white_card_id) values (129000, 129153);
insert into white_cards (id, text, watermark) values (129154, 'My homophobic parents.', 'hot');
insert into card_set_white_card (card_set_id, white_card_id) values (129000, 129154);
insert into white_cards (id, text, watermark) values (129155, 'My own cum.', 'hot');
insert into card_set_white_card (card_set_id, white_card_id) values (129000, 129155);
insert into white_cards (id, text, watermark) values (129156, 'My own personal 9/11.', 'hot');
insert into card_set_white_card (card_set_id, white_card_id) values (129000, 129156);
insert into white_cards (id, text, watermark) values (129157, 'My piece-of-shit husband who won''t even lick my butthole on my birthday.', 'hot');
insert into card_set_white_card (card_set_id, white_card_id) values (129000, 129157);
insert into white_cards (id, text, watermark) values (129158, 'My sister''s vibrator.', 'hot');
insert into card_set_white_card (card_set_id, white_card_id) values (129000, 129158);
insert into white_cards (id, text, watermark) values (129159, 'My stupid little titties.', 'hot');
insert into card_set_white_card (card_set_id, white_card_id) values (129000, 129159);
insert into white_cards (id, text, watermark) values (129160, 'My Tesla.', 'hot');
insert into card_set_white_card (card_set_id, white_card_id) values (129000, 129160);
insert into white_cards (id, text, watermark) values (129161, 'Nice Mormon boys.', 'hot');
insert into card_set_white_card (card_set_id, white_card_id) values (129000, 129161);
insert into white_cards (id, text, watermark) values (129162, 'One of those FOX News bimbos.', 'hot');
insert into card_set_white_card (card_set_id, white_card_id) values (129000, 129162);
insert into white_cards (id, text, watermark) values (129163, 'Osteoporosis.', 'hot');
insert into card_set_white_card (card_set_id, white_card_id) values (129000, 129163);
insert into white_cards (id, text, watermark) values (129164, 'Our Father, who art in Heaven.', 'hot');
insert into card_set_white_card (card_set_id, white_card_id) values (129000, 129164);
insert into white_cards (id, text, watermark) values (129165, 'Ovaries.', 'hot');
insert into card_set_white_card (card_set_id, white_card_id) values (129000, 129165);
insert into white_cards (id, text, watermark) values (129166, 'Pathetic, flabby glutes.', 'hot');
insert into card_set_white_card (card_set_id, white_card_id) values (129000, 129166);
insert into white_cards (id, text, watermark) values (129167, 'Paying $1,500 a month for a windowless basement studio.', 'hot');
insert into card_set_white_card (card_set_id, white_card_id) values (129000, 129167);
insert into white_cards (id, text, watermark) values (129168, 'Peasants.', 'hot');
insert into card_set_white_card (card_set_id, white_card_id) values (129000, 129168);
insert into white_cards (id, text, watermark) values (129169, 'Pegging my stepson.', 'hot');
insert into card_set_white_card (card_set_id, white_card_id) values (129000, 129169);
insert into white_cards (id, text, watermark) values (129170, 'Pico de gallo.', 'hot');
insert into card_set_white_card (card_set_id, white_card_id) values (129000, 129170);
insert into white_cards (id, text, watermark) values (129171, 'Playing "Hot Cross Buns" on a recorder.', 'hot');
insert into card_set_white_card (card_set_id, white_card_id) values (129000, 129171);
insert into white_cards (id, text, watermark) values (129172, 'Poor appetite and a lack of interest in everyday activities.', 'hot');
insert into card_set_white_card (card_set_id, white_card_id) values (129000, 129172);
insert into white_cards (id, text, watermark) values (129173, 'Practicing eating ass on a bagel.', 'hot');
insert into card_set_white_card (card_set_id, white_card_id) values (129000, 129173);
insert into white_cards (id, text, watermark) values (129174, 'Pretending to be busy.', 'hot');
insert into card_set_white_card (card_set_id, white_card_id) values (129000, 129174);
insert into white_cards (id, text, watermark) values (129175, 'Prison food.', 'hot');
insert into card_set_white_card (card_set_id, white_card_id) values (129000, 129175);
insert into white_cards (id, text, watermark) values (129176, 'Proficiency in Microsoft Excel.', 'hot');
insert into card_set_white_card (card_set_id, white_card_id) values (129000, 129176);
insert into white_cards (id, text, watermark) values (129177, 'Pulverizing my prostate.', 'hot');
insert into card_set_white_card (card_set_id, white_card_id) values (129000, 129177);
insert into white_cards (id, text, watermark) values (129178, 'Pussy that tastes better than artichokes but worse than spaghetti.', 'hot');
insert into card_set_white_card (card_set_id, white_card_id) values (129000, 129178);
insert into white_cards (id, text, watermark) values (129179, 'Quarterly performance reviews.', 'hot');
insert into card_set_white_card (card_set_id, white_card_id) values (129000, 129179);
insert into white_cards (id, text, watermark) values (129180, 'Questioning my sexuality.', 'hot');
insert into card_set_white_card (card_set_id, white_card_id) values (129000, 129180);
insert into white_cards (id, text, watermark) values (129181, 'Racial slurs.', 'hot');
insert into card_set_white_card (card_set_id, white_card_id) values (129000, 129181);
insert into white_cards (id, text, watermark) values (129182, 'Reaching for a cop''s gun.', 'hot');
insert into card_set_white_card (card_set_id, white_card_id) values (129000, 129182);
insert into white_cards (id, text, watermark) values (129183, 'Receiving oral pleasure.', 'hot');
insert into card_set_white_card (card_set_id, white_card_id) values (129000, 129183);
insert into white_cards (id, text, watermark) values (129184, 'Reciting the Quran from memory.', 'hot');
insert into card_set_white_card (card_set_id, white_card_id) values (129000, 129184);
insert into white_cards (id, text, watermark) values (129185, 'Reproducing asexually.', 'hot');
insert into card_set_white_card (card_set_id, white_card_id) values (129000, 129185);
insert into white_cards (id, text, watermark) values (129186, 'Resetting the goddamn router.', 'hot');
insert into card_set_white_card (card_set_id, white_card_id) values (129000, 129186);
insert into white_cards (id, text, watermark) values (129187, 'Ripping ass at a PTA meeting.', 'hot');
insert into card_set_white_card (card_set_id, white_card_id) values (129000, 129187);
insert into white_cards (id, text, watermark) values (129188, 'Rolling a dead body up in a carpet.', 'hot');
insert into card_set_white_card (card_set_id, white_card_id) values (129000, 129188);
insert into white_cards (id, text, watermark) values (129189, 'Ron DeSantis.', 'hot');
insert into card_set_white_card (card_set_id, white_card_id) values (129000, 129189);
insert into white_cards (id, text, watermark) values (129190, 'Rubbing one out before church.', 'hot');
insert into card_set_white_card (card_set_id, white_card_id) values (129000, 129190);
insert into white_cards (id, text, watermark) values (129191, 'Russian roulette.', 'hot');
insert into card_set_white_card (card_set_id, white_card_id) values (129000, 129191);
insert into white_cards (id, text, watermark) values (129192, 'Santa laying a softball-sized egg under the Christmas tree and going back up the chimney.', 'hot');
insert into card_set_white_card (card_set_id, white_card_id) values (129000, 129192);
insert into white_cards (id, text, watermark) values (129193, 'Saying the word "blockchain" a lot to sound smart.', 'hot');
insert into card_set_white_card (card_set_id, white_card_id) values (129000, 129193);
insert into white_cards (id, text, watermark) values (129194, 'Scared little white boys.', 'hot');
insert into card_set_white_card (card_set_id, white_card_id) values (129000, 129194);
insert into white_cards (id, text, watermark) values (129195, 'Schlepping through life one forgettable day after another.', 'hot');
insert into card_set_white_card (card_set_id, white_card_id) values (129000, 129195);
insert into white_cards (id, text, watermark) values (129196, 'Scooby Doo.', 'hot');
insert into card_set_white_card (card_set_id, white_card_id) values (129000, 129196);
insert into white_cards (id, text, watermark) values (129197, 'Segregation.', 'hot');
insert into card_set_white_card (card_set_id, white_card_id) values (129000, 129197);
insert into white_cards (id, text, watermark) values (129198, 'Sewing our ballsacks together.', 'hot');
insert into card_set_white_card (card_set_id, white_card_id) values (129000, 129198);
insert into white_cards (id, text, watermark) values (129199, 'Sex right next to the dog.', 'hot');
insert into card_set_white_card (card_set_id, white_card_id) values (129000, 129199);
insert into white_cards (id, text, watermark) values (129200, 'Sheet-pan coriander chicken with caramelized brussel sprouts.', 'hot');
insert into card_set_white_card (card_set_id, white_card_id) values (129000, 129200);
insert into white_cards (id, text, watermark) values (129201, 'Shitting into a pelican''s mouth.', 'hot');
insert into card_set_white_card (card_set_id, white_card_id) values (129000, 129201);
insert into white_cards (id, text, watermark) values (129202, 'Shitting with the door open.', 'hot');
insert into card_set_white_card (card_set_id, white_card_id) values (129000, 129202);
insert into white_cards (id, text, watermark) values (129203, 'Shoplifting.', 'hot');
insert into card_set_white_card (card_set_id, white_card_id) values (129000, 129203);
insert into white_cards (id, text, watermark) values (129204, 'Shouting "FUCK THE POLICE!"', 'hot');
insert into card_set_white_card (card_set_id, white_card_id) values (129000, 129204);
insert into white_cards (id, text, watermark) values (129205, 'Shoving something, like literally anything, into my anus.', 'hot');
insert into card_set_white_card (card_set_id, white_card_id) values (129000, 129205);
insert into white_cards (id, text, watermark) values (129206, 'Slipping into something more comfortable.', 'hot');
insert into card_set_white_card (card_set_id, white_card_id) values (129000, 129206);
insert into white_cards (id, text, watermark) values (129207, 'Slowly getting my pussy all the way around Howie Mandel''s head.', 'hot');
insert into card_set_white_card (card_set_id, white_card_id) values (129000, 129207);
insert into white_cards (id, text, watermark) values (129208, 'Solitary confinement.', 'hot');
insert into card_set_white_card (card_set_id, white_card_id) values (129000, 129208);
insert into white_cards (id, text, watermark) values (129209, 'Some kind of moose-lobster hybrid.', 'hot');
insert into card_set_white_card (card_set_id, white_card_id) values (129000, 129209);
insert into white_cards (id, text, watermark) values (129210, 'Some really cool rocks I found.', 'hot');
insert into card_set_white_card (card_set_id, white_card_id) values (129000, 129210);
insert into white_cards (id, text, watermark) values (129211, 'Some Yoda-lookin'' bitch.', 'hot');
insert into card_set_white_card (card_set_id, white_card_id) values (129000, 129211);
insert into white_cards (id, text, watermark) values (129212, 'Somehow looking sexier without teeth.', 'hot');
insert into card_set_white_card (card_set_id, white_card_id) values (129000, 129212);
insert into white_cards (id, text, watermark) values (129213, '"Something... brown?"', 'hot');
insert into card_set_white_card (card_set_id, white_card_id) values (129000, 129213);
insert into white_cards (id, text, watermark) values (129214, 'Sorting by price, low to high.', 'hot');
insert into card_set_white_card (card_set_id, white_card_id) values (129000, 129214);
insert into white_cards (id, text, watermark) values (129215, 'Spankin'' my kids, beatin'' my wife, and hatin'' Mexicans!', 'hot');
insert into card_set_white_card (card_set_id, white_card_id) values (129000, 129215);
insert into white_cards (id, text, watermark) values (129216, 'Staring directly into the sun.', 'hot');
insert into card_set_white_card (card_set_id, white_card_id) values (129000, 129216);
insert into white_cards (id, text, watermark) values (129217, 'Stealing all the plates from an Airbnb.', 'hot');
insert into card_set_white_card (card_set_id, white_card_id) values (129000, 129217);
insert into white_cards (id, text, watermark) values (129218, 'Stealing an election.', 'hot');
insert into card_set_white_card (card_set_id, white_card_id) values (129000, 129218);
insert into white_cards (id, text, watermark) values (129219, 'Sucking and fucking.', 'hot');
insert into card_set_white_card (card_set_id, white_card_id) values (129000, 129219);
insert into white_cards (id, text, watermark) values (129220, 'Sunning my gooch.', 'hot');
insert into card_set_white_card (card_set_id, white_card_id) values (129000, 129220);
insert into white_cards (id, text, watermark) values (129221, 'Synthetic marijuana from a gas station.', 'hot');
insert into card_set_white_card (card_set_id, white_card_id) values (129000, 129221);
insert into white_cards (id, text, watermark) values (129222, 'That big-ass hat the Pope wears.', 'hot');
insert into card_set_white_card (card_set_id, white_card_id) values (129000, 129222);
insert into white_cards (id, text, watermark) values (129223, 'That one teacher who''s probably a pedophile.', 'hot');
insert into card_set_white_card (card_set_id, white_card_id) values (129000, 129223);
insert into white_cards (id, text, watermark) values (129224, 'The "uncut" style of penis.', 'hot');
insert into card_set_white_card (card_set_id, white_card_id) values (129000, 129224);
insert into white_cards (id, text, watermark) values (129225, 'The 2008 financial crisis.', 'hot');
insert into card_set_white_card (card_set_id, white_card_id) values (129000, 129225);
insert into white_cards (id, text, watermark) values (129226, 'The biggest slut in the hospice care facility.', 'hot');
insert into card_set_white_card (card_set_id, white_card_id) values (129000, 129226);
insert into white_cards (id, text, watermark) values (129227, 'The bombing of Pearl Harbor.', 'hot');
insert into card_set_white_card (card_set_id, white_card_id) values (129000, 129227);
insert into white_cards (id, text, watermark) values (129228, 'The FBI list of known homosexuals.', 'hot');
insert into card_set_white_card (card_set_id, white_card_id) values (129000, 129228);
insert into white_cards (id, text, watermark) values (129229, 'The Founding Daddies.', 'hot');
insert into card_set_white_card (card_set_id, white_card_id) values (129000, 129229);
insert into white_cards (id, text, watermark) values (129230, 'The kind of toad you lick to get high.', 'hot');
insert into card_set_white_card (card_set_id, white_card_id) values (129000, 129230);
insert into white_cards (id, text, watermark) values (129231, 'The kind of guy who posts on Reddit.', 'hot');
insert into card_set_white_card (card_set_id, white_card_id) values (129000, 129231);
insert into white_cards (id, text, watermark) values (129232, 'The new Citibank® mobile app, which puts the power and convenience of Citibank® right in your pocket.', 'hot');
insert into card_set_white_card (card_set_id, white_card_id) values (129000, 129232);
insert into white_cards (id, text, watermark) values (129233, 'The processed blood of young boys.', 'hot');
insert into card_set_white_card (card_set_id, white_card_id) values (129000, 129233);
insert into white_cards (id, text, watermark) values (129234, 'The Second Amendment.', 'hot');
insert into card_set_white_card (card_set_id, white_card_id) values (129000, 129234);
insert into white_cards (id, text, watermark) values (129235, 'The slut to my left.', 'hot');
insert into card_set_white_card (card_set_id, white_card_id) values (129000, 129235);
insert into white_cards (id, text, watermark) values (129236, 'The soup daddy got cookin''.', 'hot');
insert into card_set_white_card (card_set_id, white_card_id) values (129000, 129236);
insert into white_cards (id, text, watermark) values (129237, 'The Taliban.', 'hot');
insert into card_set_white_card (card_set_id, white_card_id) values (129000, 129237);
insert into white_cards (id, text, watermark) values (129238, 'The Ten Commandments.', 'hot');
insert into card_set_white_card (card_set_id, white_card_id) values (129000, 129238);
insert into white_cards (id, text, watermark) values (129239, 'The way Dad looks at me.', 'hot');
insert into card_set_white_card (card_set_id, white_card_id) values (129000, 129239);
insert into white_cards (id, text, watermark) values (129240, 'Toronto.', 'hot');
insert into card_set_white_card (card_set_id, white_card_id) values (129000, 129240);
insert into white_cards (id, text, watermark) values (129241, 'Trombone sounds.', 'hot');
insert into card_set_white_card (card_set_id, white_card_id) values (129000, 129241);
insert into white_cards (id, text, watermark) values (129242, 'Trying really, really hard.', 'hot');
insert into card_set_white_card (card_set_id, white_card_id) values (129000, 129242);
insert into white_cards (id, text, watermark) values (129243, 'Trying to eat a bag of Fritos as quietly as possible while getting eaten out.', 'hot');
insert into card_set_white_card (card_set_id, white_card_id) values (129000, 129243);
insert into white_cards (id, text, watermark) values (129244, 'Tweeting the word "nutsack" 7,000 times in a row.', 'hot');
insert into card_set_white_card (card_set_id, white_card_id) values (129000, 129244);
insert into white_cards (id, text, watermark) values (129245, 'Two-factor authentication.', 'hot');
insert into card_set_white_card (card_set_id, white_card_id) values (129000, 129245);
insert into white_cards (id, text, watermark) values (129246, 'Ugly.', 'hot');
insert into card_set_white_card (card_set_id, white_card_id) values (129000, 129246);
insert into white_cards (id, text, watermark) values (129247, 'Unions.', 'hot');
insert into card_set_white_card (card_set_id, white_card_id) values (129000, 129247);
insert into white_cards (id, text, watermark) values (129248, 'Using "Hail to the Chief" as sex music.', 'hot');
insert into card_set_white_card (card_set_id, white_card_id) values (129000, 129248);
insert into white_cards (id, text, watermark) values (129249, 'Using a gun to kill a spider.', 'hot');
insert into card_set_white_card (card_set_id, white_card_id) values (129000, 129249);
insert into white_cards (id, text, watermark) values (129250, 'Using my lover''s urine as bong water.', 'hot');
insert into card_set_white_card (card_set_id, white_card_id) values (129000, 129250);
insert into white_cards (id, text, watermark) values (129251, 'Waking up during surgery.', 'hot');
insert into card_set_white_card (card_set_id, white_card_id) values (129000, 129251);
insert into white_cards (id, text, watermark) values (129252, 'Wandering naked onto the freeway.', 'hot');
insert into card_set_white_card (card_set_id, white_card_id) values (129000, 129252);
insert into white_cards (id, text, watermark) values (129253, 'Watering Grandma like a houseplant.', 'hot');
insert into card_set_white_card (card_set_id, white_card_id) values (129000, 129253);
insert into white_cards (id, text, watermark) values (129254, 'Welcoming death.', 'hot');
insert into card_set_white_card (card_set_id, white_card_id) values (129000, 129254);
insert into white_cards (id, text, watermark) values (129255, 'Welfare.', 'hot');
insert into card_set_white_card (card_set_id, white_card_id) values (129000, 129255);
insert into white_cards (id, text, watermark) values (129256, 'White rappers.', 'hot');
insert into card_set_white_card (card_set_id, white_card_id) values (129000, 129256);
insert into white_cards (id, text, watermark) values (129257, 'Writing a nice thank-you note for the oral sex.', 'hot');
insert into card_set_white_card (card_set_id, white_card_id) values (129000, 129257);
insert into white_cards (id, text, watermark) values (129258, 'Yelling "Church! Church! Church!" on the way to church.', 'hot');
insert into card_set_white_card (card_set_id, white_card_id) values (129000, 129258);
insert into white_cards (id, text, watermark) values (129259, 'Yo'' legs.', 'hot');
insert into card_set_white_card (card_set_id, white_card_id) values (129000, 129259);

insert into black_cards (id, text, draw, pick, watermark) values (129000, 'According to a new report from the Pentagon, the greatest threat to national security is ____.', '0', '1', 'hot');
insert into card_set_black_card (card_set_id, black_card_id) values (129000, 129000);
insert into black_cards (id, text, draw, pick, watermark) values (129001, 'Alright! Answered two whole emails. Time to reward myself with ____.', '0', '1', 'hot');
insert into card_set_black_card (card_set_id, black_card_id) values (129000, 129001);
insert into black_cards (id, text, draw, pick, watermark) values (129002, 'At our dojo, you''ll learn that your greatest weapon is not a punch or a kick. It''s ____.', '0', '1', 'hot');
insert into card_set_black_card (card_set_id, black_card_id) values (129000, 129002);
insert into black_cards (id, text, draw, pick, watermark) values (129003, 'Boomers love ____.', '0', '1', 'hot');
insert into card_set_black_card (card_set_id, black_card_id) values (129000, 129003);
insert into black_cards (id, text, draw, pick, watermark) values (129004, 'BREAKING NEWS: Elon Musk has acquired ____.', '0', '1', 'hot');
insert into card_set_black_card (card_set_id, black_card_id) values (129000, 129004);
insert into black_cards (id, text, draw, pick, watermark) values (129005, '"Cecilia! I''m down on my knees. I''m begging you please for ____."', '0', '1', 'hot');
insert into card_set_black_card (card_set_id, black_card_id) values (129000, 129005);
insert into black_cards (id, text, draw, pick, watermark) values (129006, 'Congress has approved a $10 billion aid package to provide Ukraine with ____.', '0', '1', 'hot');
insert into card_set_black_card (card_set_id, black_card_id) values (129000, 129006);
insert into black_cards (id, text, draw, pick, watermark) values (129007, '"Dear Diary: I met the cutest boy today. He has gorgeous blue eyes, and he loves_______."', '0', '1', 'hot');
insert into card_set_black_card (card_set_id, black_card_id) values (129000, 129007);
insert into black_cards (id, text, draw, pick, watermark) values (129008, 'God damnit! The wife''s complainin'' about ____ again.', '0', '1', 'hot');
insert into card_set_black_card (card_set_id, black_card_id) values (129000, 129008);
insert into black_cards (id, text, draw, pick, watermark) values (129009, 'Hello, I''m Mark Zuckerberg. Welcome to the Metaverse, where you can experience ____ like never before.', '0', '1', 'hot');
insert into card_set_black_card (card_set_id, black_card_id) values (129000, 129009);
insert into black_cards (id, text, draw, pick, watermark) values (129010, 'Hello, is this the front desk? Yeah, uh, I''m having a little trouble with ____ in my room.', '0', '1', 'hot');
insert into card_set_black_card (card_set_id, black_card_id) values (129000, 129010);
insert into black_cards (id, text, draw, pick, watermark) values (129011, 'Hi, my name is Alex, and I''m an addict. It''s not the pills or the booze for me. It''s ____.', '0', '1', 'hot');
insert into card_set_black_card (card_set_id, black_card_id) values (129000, 129011);
insert into black_cards (id, text, draw, pick, watermark) values (129012, '"Hoooo LAWD! All this ____ makin'' me sweat like a pig!"', '0', '1', 'hot');
insert into card_set_black_card (card_set_id, black_card_id) values (129000, 129012);
insert into black_cards (id, text, draw, pick, watermark) values (129013, 'I don''t care what a guy looks like. As long as he''s ____, I''ll fuck him.', '0', '1', 'hot');
insert into card_set_black_card (card_set_id, black_card_id) values (129000, 129013);
insert into black_cards (id, text, draw, pick, watermark) values (129014, 'I swear, ladies, all the good men are either gay, taken, or ____.', '0', '1', 'hot');
insert into card_set_black_card (card_set_id, black_card_id) values (129000, 129014);
insert into black_cards (id, text, draw, pick, watermark) values (129015, 'I''d like to thank my husband, the cast and crew... but most importantly, I couldn''t have done it without ____!', '0', '1', 'hot');
insert into card_set_black_card (card_set_id, black_card_id) values (129000, 129015);
insert into black_cards (id, text, draw, pick, watermark) values (129016, 'I''m afraid your college application needs some work. "____" is not an extracurricular activity.', '0', '1', 'hot');
insert into card_set_black_card (card_set_id, black_card_id) values (129000, 129016);
insert into black_cards (id, text, draw, pick, watermark) values (129017, 'I''m Kaylee, and welcome to my YouTube channel, "Mama Knows Best." Follow me for more tips on ____!', '0', '1', 'hot');
insert into card_set_black_card (card_set_id, black_card_id) values (129000, 129017);
insert into black_cards (id, text, draw, pick, watermark) values (129018, 'If you follow my system, you''ll be able to sleep with anyone you want. I call it "The ____ Method."', '0', '1', 'hot');
insert into card_set_black_card (card_set_id, black_card_id) values (129000, 129018);
insert into black_cards (id, text, draw, pick, watermark) values (129019, 'In Japanese culture, ____ is considered very disrespectful.', '0', '1', 'hot');
insert into card_set_black_card (card_set_id, black_card_id) values (129000, 129019);
insert into black_cards (id, text, draw, pick, watermark) values (129020, 'Kids grow up so fast! One day they''re learning to ride a bike, the next thing you know they''re ____.', '0', '1', 'hot');
insert into card_set_black_card (card_set_id, black_card_id) values (129000, 129020);
insert into black_cards (id, text, draw, pick, watermark) values (129021, 'Ladies, if he doesn''t like ____, dump his ass!', '0', '1', 'hot');
insert into card_set_black_card (card_set_id, black_card_id) values (129000, 129021);
insert into black_cards (id, text, draw, pick, watermark) values (129022, 'Little Dylan is battling Leukemia. To lift his spirits, the Make-A-Wish® Foundation surprised him with ____.', '0', '1', 'hot');
insert into card_set_black_card (card_set_id, black_card_id) values (129000, 129022);
insert into black_cards (id, text, draw, pick, watermark) values (129023, 'My love language is ____.', '0', '1', 'hot');
insert into card_set_black_card (card_set_id, black_card_id) values (129000, 129023);
insert into black_cards (id, text, draw, pick, watermark) values (129024, '"My morning routine? Protein shake. Lift. Cold Shower. ____."', '0', '1', 'hot');
insert into card_set_black_card (card_set_id, black_card_id) values (129000, 129024);
insert into black_cards (id, text, draw, pick, watermark) values (129025, 'My wife and I saw you across the bar, and we love your vibe. Would you be interested in ____?', '0', '1', 'hot');
insert into card_set_black_card (card_set_id, black_card_id) values (129000, 129025);
insert into black_cards (id, text, draw, pick, watermark) values (129026, 'Nah man, I don''t fuck with ____.', '0', '1', 'hot');
insert into card_set_black_card (card_set_id, black_card_id) values (129000, 129026);
insert into black_cards (id, text, draw, pick, watermark) values (129027, 'Oh no, Joe Biden''s talking about ____ again.', '0', '1', 'hot');
insert into card_set_black_card (card_set_id, black_card_id) values (129000, 129027);
insert into black_cards (id, text, draw, pick, watermark) values (129028, '"Okay, so... is it a red flag if your date just talks about ____ the whole time?"', '0', '1', 'hot');
insert into card_set_black_card (card_set_id, black_card_id) values (129000, 129028);
insert into black_cards (id, text, draw, pick, watermark) values (129029, 'Please, please support my friend Katie''s GoFundMe. She really needs money for ____.', '0', '1', 'hot');
insert into card_set_black_card (card_set_id, black_card_id) values (129000, 129029);
insert into black_cards (id, text, draw, pick, watermark) values (129030, 'Rest in peace, Grandma. Every time I see ____, I''ll think of you.', '0', '1', 'hot');
insert into card_set_black_card (card_set_id, black_card_id) values (129000, 129030);
insert into black_cards (id, text, draw, pick, watermark) values (129031, 'So beautiful! Watch as this little boy with new cochlear implants hears ____ for the first time.', '0', '1', 'hot');
insert into card_set_black_card (card_set_id, black_card_id) values (129000, 129031);
insert into black_cards (id, text, draw, pick, watermark) values (129032, 'Stop mom-shaming me! There''s nothing wrong with posting a pic of my kids enjoying ____.', '0', '1', 'hot');
insert into card_set_black_card (card_set_id, black_card_id) values (129000, 129032);
insert into black_cards (id, text, draw, pick, watermark) values (129033, 'Subscribe to my OnlyFans for daily nudes and pictures of ____.', '0', '1', 'hot');
insert into card_set_black_card (card_set_id, black_card_id) values (129000, 129033);
insert into black_cards (id, text, draw, pick, watermark) values (129034, 'Thanks for listening. If you have any more questions, my email is Dave@____.com.', '0', '1', 'hot');
insert into card_set_black_card (card_set_id, black_card_id) values (129000, 129034);
insert into black_cards (id, text, draw, pick, watermark) values (129035, 'Uncle Steve, this is a funeral. This is not the time for ____.', '0', '1', 'hot');
insert into card_set_black_card (card_set_id, black_card_id) values (129000, 129035);
insert into black_cards (id, text, draw, pick, watermark) values (129036, 'Welcome to Roscoe''s House of Chicken ''N ____!', '0', '1', 'hot');
insert into card_set_black_card (card_set_id, black_card_id) values (129000, 129036);
insert into black_cards (id, text, draw, pick, watermark) values (129037, 'Welcome to the WORLD''S SPOOKIEST Haunted House! We''ve got THRILLS! We''ve got CHILLS! We''ve got ____!', '0', '1', 'hot');
insert into card_set_black_card (card_set_id, black_card_id) values (129000, 129037);
insert into black_cards (id, text, draw, pick, watermark) values (129038, 'What''s actually slang for anal?', '0', '1', 'hot');
insert into card_set_black_card (card_set_id, black_card_id) values (129000, 129038);
insert into black_cards (id, text, draw, pick, watermark) values (129039, 'What''s better naked?', '0', '1', 'hot');
insert into card_set_black_card (card_set_id, black_card_id) values (129000, 129039);

COMMIT;
