BEGIN;

delete from card_set_white_card where card_set_id = 999000;
delete from card_set_black_card where card_set_id = 999000;
delete from white_cards where id >= 999000 and id <= 999999;
delete from black_cards where id >= 999000 and id <= 999999;
delete from card_set where id=999000;

insert into card_set (id, active, name, base_deck, description, weight) values (999000, 't', 'House Cards', 'f', 'Pretty much anything we found funny enough to write on a blank card with permanent marker.', 999);

insert into white_cards (id, text, watermark) values (999000, 'A Canadian Penny.', 'house');
insert into white_cards (id, text, watermark) values (999001, 'vsTerminus.', 'house');
insert into white_cards (id, text, watermark) values (999002, 'ravagetalon.', 'house');
insert into white_cards (id, text, watermark) values (999003, 'NYVideoGameFreak.', 'house');
insert into white_cards (id, text, watermark) values (999004, 'cookme25.', 'house');
insert into white_cards (id, text, watermark) values (999005, 'bookwormrd118.', 'house');
insert into white_cards (id, text, watermark) values (999006, 'rae.', 'house');
insert into white_cards (id, text, watermark) values (999007, 'captainkate.', 'house');
insert into white_cards (id, text, watermark) values (999008, 'HellAshes.', 'house');
insert into white_cards (id, text, watermark) values (999009, 'Morgonius.', 'house');
insert into white_cards (id, text, watermark) values (999010, 'WolfSamurai.', 'house');
insert into white_cards (id, text, watermark) values (999011, 'Communism.', 'house');
insert into white_cards (id, text, watermark) values (999012, 'bsparks.', 'house');
insert into white_cards (id, text, watermark) values (999013, 'The Bot.', 'house');
insert into white_cards (id, text, watermark) values (999014, 'Xyzzy.', 'house');
insert into white_cards (id, text, watermark) values (999015, 'ajanata.', 'house');
insert into white_cards (id, text, watermark) values (999016, 'Grinnz.', 'house');
insert into white_cards (id, text, watermark) values (999017, 'cdigames.', 'house');
insert into white_cards (id, text, watermark) values (999018, 'decoytroy.', 'house');
insert into white_cards (id, text, watermark) values (999019, 'Villene.', 'house');
insert into white_cards (id, text, watermark) values (999020, 'Brojomo.', 'house');
insert into white_cards (id, text, watermark) values (999021, 'Khead161.', 'house');
insert into white_cards (id, text, watermark) values (999022, 'Aigisofservia.', 'house');
insert into white_cards (id, text, watermark) values (999023, 'Lex.', 'house');
insert into white_cards (id, text, watermark) values (999024, 'decoytroy.', 'house');
insert into white_cards (id, text, watermark) values (999025, 'BrianBAM19.', 'house');
insert into white_cards (id, text, watermark) values (999026, 'Socialism.', 'house');
insert into white_cards (id, text, watermark) values (999027, 'VincentsSin.', 'house');
insert into white_cards (id, text, watermark) values (999028, 'Gadzooks.', 'house');
insert into white_cards (id, text, watermark) values (999029, 'Villene.', 'house');
insert into white_cards (id, text, watermark) values (999030, 'New Jersey.', 'house');
insert into white_cards (id, text, watermark) values (999031, 'Winnipeg.', 'house');
insert into white_cards (id, text, watermark) values (999032, 'Kentucky.', 'house');
insert into white_cards (id, text, watermark) values (999033, 'Ohio.', 'house');
insert into white_cards (id, text, watermark) values (999034, 'New England.', 'house');
insert into white_cards (id, text, watermark) values (999035, 'Connecticut.', 'house');
insert into white_cards (id, text, watermark) values (999036, 'Texas.', 'house');
insert into white_cards (id, text, watermark) values (999037, 'New Mexico.', 'house');
insert into white_cards (id, text, watermark) values (999038, 'California.', 'house');
insert into white_cards (id, text, watermark) values (999039, 'Rock Band 1.', 'house');
insert into white_cards (id, text, watermark) values (999040, 'Rock Band 2.', 'house');
insert into white_cards (id, text, watermark) values (999041, 'Rock Band 3.', 'house');
insert into white_cards (id, text, watermark) values (999042, 'Rock Band 4.', 'house');
insert into white_cards (id, text, watermark) values (999043, 'Rock Band 4 PC.', 'house');
insert into white_cards (id, text, watermark) values (999044, 'Harmonix.', 'house');
insert into white_cards (id, text, watermark) values (999045, 'Hamronix.', 'house');
insert into white_cards (id, text, watermark) values (999046, 'Rhythm Gaming.', 'house');
insert into white_cards (id, text, watermark) values (999047, 'Getting drunk and playing Human Resource Machine literally all night long.', 'house');
insert into white_cards (id, text, watermark) values (999048, 'The Canadian Invasion.', 'house');
insert into white_cards (id, text, watermark) values (999049, 'The Connecticut Interdiction.', 'house');
insert into white_cards (id, text, watermark) values (999050, 'Cedar Point.', 'house');
insert into white_cards (id, text, watermark) values (999051, 'Becoming a Real Canadian.', 'house');
insert into white_cards (id, text, watermark) values (999052, 'Rollie Coasties.', 'house');
insert into white_cards (id, text, watermark) values (999053, 'THE HellAshes.', 'house');
insert into white_cards (id, text, watermark) values (999054, 'Literally living under a rock.', 'house');
insert into white_cards (id, text, watermark) values (999055, 'FCing Jordan.', 'house');
insert into white_cards (id, text, watermark) values (999056, 'FCing Jordan. Again.', 'house');
insert into white_cards (id, text, watermark) values (999057, 'Streaming for 14 hours straight.', 'house');
insert into white_cards (id, text, watermark) values (999058, 'ravagetalon''s car.', 'house');
insert into white_cards (id, text, watermark) values (999059, 'Loot Boxes.', 'house');
insert into white_cards (id, text, watermark) values (999060, 'Something involving the butt.', 'house');
insert into white_cards (id, text, watermark) values (999061, 'Doin'' it in the butt.', 'house');
insert into white_cards (id, text, watermark) values (999062, 'Nude mods.', 'house');
insert into white_cards (id, text, watermark) values (999063, 'Huge tits and a rock hard cock.', 'house');
insert into white_cards (id, text, watermark) values (999064, 'Outercourse.', 'house');
insert into white_cards (id, text, watermark) values (999065, 'The "Rock Band" MMO.', 'house');
insert into white_cards (id, text, watermark) values (999066, 'BRRRRRRRRRRRRRRRRRRRRRT.', 'house');
insert into white_cards (id, text, watermark) values (999067, 'Going to bed.', 'house');
insert into white_cards (id, text, watermark) values (999068, 'Actually going to bed.', 'house');
insert into white_cards (id, text, watermark) values (999069, 'Staring at your phone.', 'house');
insert into white_cards (id, text, watermark) values (999070, 'Failing at sleep.', 'house');
insert into white_cards (id, text, watermark) values (999071, 'Successfully falling asleep.', 'house');
insert into white_cards (id, text, watermark) values (999072, 'Sleeping for 14 hours straight.', 'house');
insert into white_cards (id, text, watermark) values (999073, 'Fucked up dreams.', 'house');
insert into white_cards (id, text, watermark) values (999074, 'Sexy dreams.', 'house');
insert into white_cards (id, text, watermark) values (999075, 'The good kind of wet dream.', 'house');
insert into white_cards (id, text, watermark) values (999076, 'The bad kind of wet dream.', 'house');
insert into white_cards (id, text, watermark) values (999077, 'This guy.', 'house');
insert into white_cards (id, text, watermark) values (999078, 'That guy.', 'house');
insert into white_cards (id, text, watermark) values (999079, '"Working" from home', 'house');
insert into white_cards (id, text, watermark) values (999080, 'Spamming the bot.', 'house');
insert into white_cards (id, text, watermark) values (999081, 'Spamming general chat.', 'house');
insert into white_cards (id, text, watermark) values (999082, 'Forgetting the NSFW tag.', 'house');
insert into white_cards (id, text, watermark) values (999083, 'Villene''s sin channel.', 'house');
insert into white_cards (id, text, watermark) values (999084, 'The kinds of things you find in Villene''s sin channel.', 'house');
insert into white_cards (id, text, watermark) values (999085, 'ConBravo', 'house');
insert into white_cards (id, text, watermark) values (999086, 'MAG Fest', 'house');
insert into white_cards (id, text, watermark) values (999087, 'Sending a screenshot of text.', 'house');
insert into white_cards (id, text, watermark) values (999088, 'Sending a photograph of text on a screen.', 'house');
insert into white_cards (id, text, watermark) values (999089, 'Drawing a picture of a photograph of text on a screen.', 'house');
insert into white_cards (id, text, watermark) values (999090, 'Printing a screenshot and mailing it to a friend.', 'house');
insert into white_cards (id, text, watermark) values (999091, 'Tray nug double nug.', 'house');
insert into white_cards (id, text, watermark) values (999092, '69 (nice).', 'house');
insert into white_cards (id, text, watermark) values (999093, 'Sixty Nine (nice).', 'house');
insert into white_cards (id, text, watermark) values (999094, 'The fucking weather.', 'house');
insert into white_cards (id, text, watermark) values (999095, 'The A-10C Warthog.', 'house');
insert into white_cards (id, text, watermark) values (999096, 'The AV-8B Harrier.', 'house');
insert into white_cards (id, text, watermark) values (999097, 'The F-14B Tomcat.', 'house');
insert into white_cards (id, text, watermark) values (999098, 'The F/A-18C Hornet.', 'house');
insert into white_cards (id, text, watermark) values (999099, 'The UH-1H Huey.', 'house');
insert into white_cards (id, text, watermark) values (999100, 'Our House.', 'house');
insert into white_cards (id, text, watermark) values (999101, 'Boobs', 'house');
insert into white_cards (id, text, watermark) values (999102, 'Tiny boobs', 'house');
insert into white_cards (id, text, watermark) values (999103, 'Big boobs', 'house');
insert into white_cards (id, text, watermark) values (999104, 'Fake boobs', 'house');
insert into white_cards (id, text, watermark) values (999105, 'Huge boobs', 'house');
insert into white_cards (id, text, watermark) values (999106, 'Butts', 'house');
insert into white_cards (id, text, watermark) values (999107, 'Big butts', 'house');
insert into white_cards (id, text, watermark) values (999108, 'Butt', 'house');
insert into white_cards (id, text, watermark) values (999109, 'Dicks', 'house');
insert into white_cards (id, text, watermark) values (999110, 'A dick', 'house');
insert into white_cards (id, text, watermark) values (999111, 'Several dicks', 'house');
insert into white_cards (id, text, watermark) values (999112, 'Big dick', 'house');
insert into white_cards (id, text, watermark) values (999113, 'Huge dick', 'house');
insert into white_cards (id, text, watermark) values (999114, 'Ass', 'house');
insert into white_cards (id, text, watermark) values (999115, 'Titties', 'house');
insert into white_cards (id, text, watermark) values (999116, 'PENIS', 'house');
insert into white_cards (id, text, watermark) values (999117, 'VAGINA', 'house');
insert into white_cards (id, text, watermark) values (999118, 'BREASTS', 'house');

insert into card_set_white_card (card_set_id, white_card_id) values (999000, 999000);
insert into card_set_white_card (card_set_id, white_card_id) values (999000, 999001);
insert into card_set_white_card (card_set_id, white_card_id) values (999000, 999002);
insert into card_set_white_card (card_set_id, white_card_id) values (999000, 999003);
insert into card_set_white_card (card_set_id, white_card_id) values (999000, 999004);
insert into card_set_white_card (card_set_id, white_card_id) values (999000, 999005);
insert into card_set_white_card (card_set_id, white_card_id) values (999000, 999006);
insert into card_set_white_card (card_set_id, white_card_id) values (999000, 999007);
insert into card_set_white_card (card_set_id, white_card_id) values (999000, 999008);
insert into card_set_white_card (card_set_id, white_card_id) values (999000, 999009);
insert into card_set_white_card (card_set_id, white_card_id) values (999000, 999010);
insert into card_set_white_card (card_set_id, white_card_id) values (999000, 999011);
insert into card_set_white_card (card_set_id, white_card_id) values (999000, 999012);
insert into card_set_white_card (card_set_id, white_card_id) values (999000, 999013);
insert into card_set_white_card (card_set_id, white_card_id) values (999000, 999014);
insert into card_set_white_card (card_set_id, white_card_id) values (999000, 999015);
insert into card_set_white_card (card_set_id, white_card_id) values (999000, 999016);
insert into card_set_white_card (card_set_id, white_card_id) values (999000, 999017);
insert into card_set_white_card (card_set_id, white_card_id) values (999000, 999018);
insert into card_set_white_card (card_set_id, white_card_id) values (999000, 999019);
insert into card_set_white_card (card_set_id, white_card_id) values (999000, 999020);
insert into card_set_white_card (card_set_id, white_card_id) values (999000, 999021);
insert into card_set_white_card (card_set_id, white_card_id) values (999000, 999022);
insert into card_set_white_card (card_set_id, white_card_id) values (999000, 999023);
insert into card_set_white_card (card_set_id, white_card_id) values (999000, 999024);
insert into card_set_white_card (card_set_id, white_card_id) values (999000, 999025);
insert into card_set_white_card (card_set_id, white_card_id) values (999000, 999026);
insert into card_set_white_card (card_set_id, white_card_id) values (999000, 999027);
insert into card_set_white_card (card_set_id, white_card_id) values (999000, 999028);
insert into card_set_white_card (card_set_id, white_card_id) values (999000, 999029);
insert into card_set_white_card (card_set_id, white_card_id) values (999000, 999030);
insert into card_set_white_card (card_set_id, white_card_id) values (999000, 999031);
insert into card_set_white_card (card_set_id, white_card_id) values (999000, 999032);
insert into card_set_white_card (card_set_id, white_card_id) values (999000, 999033);
insert into card_set_white_card (card_set_id, white_card_id) values (999000, 999034);
insert into card_set_white_card (card_set_id, white_card_id) values (999000, 999035);
insert into card_set_white_card (card_set_id, white_card_id) values (999000, 999036);
insert into card_set_white_card (card_set_id, white_card_id) values (999000, 999037);
insert into card_set_white_card (card_set_id, white_card_id) values (999000, 999038);
insert into card_set_white_card (card_set_id, white_card_id) values (999000, 999039);
insert into card_set_white_card (card_set_id, white_card_id) values (999000, 999040);
insert into card_set_white_card (card_set_id, white_card_id) values (999000, 999041);
insert into card_set_white_card (card_set_id, white_card_id) values (999000, 999042);
insert into card_set_white_card (card_set_id, white_card_id) values (999000, 999043);
insert into card_set_white_card (card_set_id, white_card_id) values (999000, 999044);
insert into card_set_white_card (card_set_id, white_card_id) values (999000, 999045);
insert into card_set_white_card (card_set_id, white_card_id) values (999000, 999046);
insert into card_set_white_card (card_set_id, white_card_id) values (999000, 999047);
insert into card_set_white_card (card_set_id, white_card_id) values (999000, 999048);
insert into card_set_white_card (card_set_id, white_card_id) values (999000, 999049);
insert into card_set_white_card (card_set_id, white_card_id) values (999000, 999050);
insert into card_set_white_card (card_set_id, white_card_id) values (999000, 999051);
insert into card_set_white_card (card_set_id, white_card_id) values (999000, 999052);
insert into card_set_white_card (card_set_id, white_card_id) values (999000, 999053);
insert into card_set_white_card (card_set_id, white_card_id) values (999000, 999054);
insert into card_set_white_card (card_set_id, white_card_id) values (999000, 999055);
insert into card_set_white_card (card_set_id, white_card_id) values (999000, 999056);
insert into card_set_white_card (card_set_id, white_card_id) values (999000, 999057);
insert into card_set_white_card (card_set_id, white_card_id) values (999000, 999058);
insert into card_set_white_card (card_set_id, white_card_id) values (999000, 999059);
insert into card_set_white_card (card_set_id, white_card_id) values (999000, 999060);
insert into card_set_white_card (card_set_id, white_card_id) values (999000, 999061);
insert into card_set_white_card (card_set_id, white_card_id) values (999000, 999062);
insert into card_set_white_card (card_set_id, white_card_id) values (999000, 999063);
insert into card_set_white_card (card_set_id, white_card_id) values (999000, 999064);
insert into card_set_white_card (card_set_id, white_card_id) values (999000, 999065);
insert into card_set_white_card (card_set_id, white_card_id) values (999000, 999066);
insert into card_set_white_card (card_set_id, white_card_id) values (999000, 999067);
insert into card_set_white_card (card_set_id, white_card_id) values (999000, 999068);
insert into card_set_white_card (card_set_id, white_card_id) values (999000, 999069);
insert into card_set_white_card (card_set_id, white_card_id) values (999000, 999070);
insert into card_set_white_card (card_set_id, white_card_id) values (999000, 999071);
insert into card_set_white_card (card_set_id, white_card_id) values (999000, 999072);
insert into card_set_white_card (card_set_id, white_card_id) values (999000, 999073);
insert into card_set_white_card (card_set_id, white_card_id) values (999000, 999074);
insert into card_set_white_card (card_set_id, white_card_id) values (999000, 999075);
insert into card_set_white_card (card_set_id, white_card_id) values (999000, 999076);
insert into card_set_white_card (card_set_id, white_card_id) values (999000, 999077);
insert into card_set_white_card (card_set_id, white_card_id) values (999000, 999078);
insert into card_set_white_card (card_set_id, white_card_id) values (999000, 999079);
insert into card_set_white_card (card_set_id, white_card_id) values (999000, 999080);
insert into card_set_white_card (card_set_id, white_card_id) values (999000, 999081);
insert into card_set_white_card (card_set_id, white_card_id) values (999000, 999082);
insert into card_set_white_card (card_set_id, white_card_id) values (999000, 999083);
insert into card_set_white_card (card_set_id, white_card_id) values (999000, 999084);
insert into card_set_white_card (card_set_id, white_card_id) values (999000, 999085);
insert into card_set_white_card (card_set_id, white_card_id) values (999000, 999086);
insert into card_set_white_card (card_set_id, white_card_id) values (999000, 999087);
insert into card_set_white_card (card_set_id, white_card_id) values (999000, 999088);
insert into card_set_white_card (card_set_id, white_card_id) values (999000, 999089);
insert into card_set_white_card (card_set_id, white_card_id) values (999000, 999090);
insert into card_set_white_card (card_set_id, white_card_id) values (999000, 999091);
insert into card_set_white_card (card_set_id, white_card_id) values (999000, 999092);
insert into card_set_white_card (card_set_id, white_card_id) values (999000, 999093);
insert into card_set_white_card (card_set_id, white_card_id) values (999000, 999094);
insert into card_set_white_card (card_set_id, white_card_id) values (999000, 999095);
insert into card_set_white_card (card_set_id, white_card_id) values (999000, 999096);
insert into card_set_white_card (card_set_id, white_card_id) values (999000, 999097);
insert into card_set_white_card (card_set_id, white_card_id) values (999000, 999098);
insert into card_set_white_card (card_set_id, white_card_id) values (999000, 999099);
insert into card_set_white_card (card_set_id, white_card_id) values (999000, 999100);
insert into card_set_white_card (card_set_id, white_card_id) values (999000, 999101);
insert into card_set_white_card (card_set_id, white_card_id) values (999000, 999102);
insert into card_set_white_card (card_set_id, white_card_id) values (999000, 999103);
insert into card_set_white_card (card_set_id, white_card_id) values (999000, 999104);
insert into card_set_white_card (card_set_id, white_card_id) values (999000, 999105);
insert into card_set_white_card (card_set_id, white_card_id) values (999000, 999106);
insert into card_set_white_card (card_set_id, white_card_id) values (999000, 999107);
insert into card_set_white_card (card_set_id, white_card_id) values (999000, 999108);
insert into card_set_white_card (card_set_id, white_card_id) values (999000, 999109);
insert into card_set_white_card (card_set_id, white_card_id) values (999000, 999110);
insert into card_set_white_card (card_set_id, white_card_id) values (999000, 999111);
insert into card_set_white_card (card_set_id, white_card_id) values (999000, 999112);
insert into card_set_white_card (card_set_id, white_card_id) values (999000, 999113);
insert into card_set_white_card (card_set_id, white_card_id) values (999000, 999114);
insert into card_set_white_card (card_set_id, white_card_id) values (999000, 999115);
insert into card_set_white_card (card_set_id, white_card_id) values (999000, 999116);
insert into card_set_white_card (card_set_id, white_card_id) values (999000, 999117);
insert into card_set_white_card (card_set_id, white_card_id) values (999000, 999118);

insert into black_cards (id, text, draw, pick, watermark) values (999500, 'I fucking hate ____.', 0, 1, 'house');
insert into black_cards (id, text, draw, pick, watermark) values (999501, 'I hate fucking ____.', 0, 1, 'house');
insert into black_cards (id, text, draw, pick, watermark) values (999502, 'I fucking love ____.', 0, 1, 'house');
insert into black_cards (id, text, draw, pick, watermark) values (999503, 'I love fucking ____.', 0, 1, 'house');
insert into black_cards (id, text, draw, pick, watermark) values (999504, 'I''m Wilford Brimley, and I have ____.', 0, 1, 'house');
insert into black_cards (id, text, draw, pick, watermark) values (999505, 'I was banned from /r/____ for my posts about ____.', 0, 2, 'house');
insert into black_cards (id, text, draw, pick, watermark) values (999506, 'You have been made a moderator of /r/____!', 0, 1, 'house');
insert into black_cards (id, text, draw, pick, watermark) values (999507, 'Look at my horse, my horse is ____. Give it a lick! Mmmm, it tastes just like ____!', 0, 2, 'house');
insert into black_cards (id, text, draw, pick, watermark) values (999508, '____ confuses my boner.', 0, 1, 'house');
insert into black_cards (id, text, draw, pick, watermark) values (999509, 'After the con, what did we find in the back of ravagetalon''s car?', 0, 1, 'house');
insert into black_cards (id, text, draw, pick, watermark) values (999510, 'HellAshes'' stream was raided by ____.', 0, 1, 'house');
insert into black_cards (id, text, draw, pick, watermark) values (999511, 'We should rename this channel: #____.', 0, 1, 'house');
insert into black_cards (id, text, draw, pick, watermark) values (999512, 'I was so tired I thought ____ was ____!', 0, 2,'house');
insert into black_cards (id, text, draw, pick, watermark) values (999513, 'My best feature is ____', 0, 1, 'house');
insert into black_cards (id, text, draw, pick, watermark) values (999514, 'People love me because I''m ____', 0, 1, 'house');
insert into black_cards (id, text, draw, pick, watermark) values (999515, 'People hate me because I''m ____', 0, 1, 'house');
insert into black_cards (id, text, draw, pick, watermark) values (999516, 'Class, please turn to page 57 for today''s lesson: "A History of ____."', 0, 1, 'house');
insert into black_cards (id, text, draw, pick, watermark) values (999517, 'Class, please turn to page 69 (nice) for today''s lesson: "A History of ____."', 0, 1, 'house');
insert into black_cards (id, text, draw, pick, watermark) values (999518, 'What did HellAshes buy in Columbus?', 0, 1, 'house');
insert into black_cards (id, text, draw, pick, watermark) values (999519, 'What did CaptainKate buy for her cats?', 0, 1, 'house');
insert into black_cards (id, text, draw, pick, watermark) values (999520, 'What did vsTerminus buy at ConBravo?', 0, 1, 'house');
insert into black_cards (id, text, draw, pick, watermark) values (999521, 'What did I order from Amazon?', 0, 1, 'house');
insert into black_cards (id, text, draw, pick, watermark) values (999522, 'I AM ____. I NEED ____.', 0, 2, 'house');
insert into black_cards (id, text, draw, pick, watermark) values (999523, 'FUCK ____!', 0, 1, 'house');
insert into black_cards (id, text, draw, pick, watermark) values (999524, 'Hey guys, check out my new website! ____.com', 0, 1, 'house');
insert into black_cards (id, text, draw, pick, watermark) values (999525, 'My SO has ____', 0, 1, 'house');
insert into black_cards (id, text, draw, pick, watermark) values (999526, 'My SO is ____', 0, 1, 'house');
insert into black_cards (id, text, draw, pick, watermark) values (999527, 'My SO wants  ____', 0, 1, 'house');
insert into black_cards (id, text, draw, pick, watermark) values (999528, 'I can''t believe it''s not  ____!', 0, 1, 'house');
insert into black_cards (id, text, draw, pick, watermark) values (999529, 'If it looks like ____ and smells like ____, it''s probably ____.', 1, 3, 'house');
insert into black_cards (id, text, draw, pick, watermark) values (999530, '____, in the middle of ____.', 0, 2, 'house');
insert into black_cards (id, text, draw, pick, watermark) values (999531, 'Our house, in the middle of ____.', 0, 1, 'house');
insert into black_cards (id, text, draw, pick, watermark) values (999532, '____, in the middle of our house..', 0, 1, 'house');
insert into black_cards (id, text, draw, pick, watermark) values (999533, 'In this channel we respect ____!', 0, 1, 'house');
insert into black_cards (id, text, draw, pick, watermark) values (999534, 'In this channel we welcome ____!', 0, 1, 'house');
insert into black_cards (id, text, draw, pick, watermark) values (999535, 'Raise your hand if you''ve fucked ____?', 0, 1, 'house');
insert into black_cards (id, text, draw, pick, watermark) values (999536, 'Raise your hand if you''ve eaten ____!', 0, 1, 'house');
insert into black_cards (id, text, draw, pick, watermark) values (999537, 'Raise your hand if you''re ____!', 0, 1, 'house');
insert into black_cards (id, text, draw, pick, watermark) values (999538, 'Nothin'' gets me harder than ____.', 0, 1, 'house');
insert into black_cards (id, text, draw, pick, watermark) values (999539, 'You have ____? Stop! I can only get so hard!', 0, 1, 'house');
insert into black_cards (id, text, draw, pick, watermark) values (999540, 'I thought I understood ____, but then I encountered ____.', 0, 2, 'house');
insert into black_cards (id, text, draw, pick, watermark) values (999541, 'Nothing makes me happier than ____!', 0, 1, 'house');
insert into black_cards (id, text, draw, pick, watermark) values (999542, '____? That''s my fetish.', 0, 1, 'house');
insert into black_cards (id, text, draw, pick, watermark) values (999543, 'Stop! It''s too big! You''ll never fit ____ into ____!', 0, 2, 'house');
insert into black_cards (id, text, draw, pick, watermark) values (999544, 'Anything can be ____ if you try hard enough', 0, 1, 'house');
insert into black_cards (id, text, draw, pick, watermark) values (999545, 'Pornhub''s newest and most popular category combines ____ and ____.', 0, 2, 'house');
insert into black_cards (id, text, draw, pick, watermark) values (999546, 'Trending on Pornhub: ____.', 0, 1, 'house');
insert into black_cards (id, text, draw, pick, watermark) values (999547, 'Pornhub''s newest and most popular category: ____.', 0, 1, 'house');
insert into black_cards (id, text, draw, pick, watermark) values (999548, 'I ate ____ and now I feel sick.', 0, 1, 'house');
insert into black_cards (id, text, draw, pick, watermark) values (999549, 'YouTube is deleting videos containing ____ again.', 0, 1, 'house');
insert into black_cards (id, text, draw, pick, watermark) values (999550, 'I was banned from YouTube for uploading videos of ____ and ____.', 0, 2, 'house');
insert into black_cards (id, text, draw, pick, watermark) values (999551, 'I got famous on YouTube uploading home videos of ____.', 0, 1, 'house');
insert into black_cards (id, text, draw, pick, watermark) values (999552, 'I got famous on Twitch streaming ____ for 8 hours a day', 0, 1, 'house');
insert into black_cards (id, text, draw, pick, watermark) values (999553, 'I was banned from Twitch for letting ____ and ____ onto my stream.', 0, 2, 'house');
insert into black_cards (id, text, draw, pick, watermark) values (999554, 'Rapunzel, Rapunzel, let down your ____!', 0, 1, 'house');
insert into black_cards (id, text, draw, pick, watermark) values (999555, 'Can you paint with all the colors of ____?', 0, 1, 'house');
insert into black_cards (id, text, draw, pick, watermark) values (999556, 'Alexa, what is ____?', 0, 1, 'house');
insert into black_cards (id, text, draw, pick, watermark) values (999557, 'Ok Google, Add ____ to my calendar for tomorrow.', 0, 1, 'house');
insert into black_cards (id, text, draw, pick, watermark) values (999558, 'Alexa, give me ____.', 0, 1, 'house');
insert into black_cards (id, text, draw, pick, watermark) values (999559, 'Ok Google, tell me about ____.', 0, 1, 'house');
insert into black_cards (id, text, draw, pick, watermark) values (999560, 'Alexa, is ____ kind of like ____?', 0, 1, 'house');
insert into black_cards (id, text, draw, pick, watermark) values (999561, 'Ok Google, where can I find ____?', 0, 1, 'house');
insert into black_cards (id, text, draw, pick, watermark) values (999562, 'Ok Google, remind me to get ____ tomorrow.', 0, 1, 'house');

insert into card_set_black_card (card_set_id, black_card_id) values (999000, 999500);
insert into card_set_black_card (card_set_id, black_card_id) values (999000, 999501);
insert into card_set_black_card (card_set_id, black_card_id) values (999000, 999502);
insert into card_set_black_card (card_set_id, black_card_id) values (999000, 999503);
insert into card_set_black_card (card_set_id, black_card_id) values (999000, 999504);
insert into card_set_black_card (card_set_id, black_card_id) values (999000, 999505);
insert into card_set_black_card (card_set_id, black_card_id) values (999000, 999506);
insert into card_set_black_card (card_set_id, black_card_id) values (999000, 999507);
insert into card_set_black_card (card_set_id, black_card_id) values (999000, 999508);
insert into card_set_black_card (card_set_id, black_card_id) values (999000, 999509);
insert into card_set_black_card (card_set_id, black_card_id) values (999000, 999510);
insert into card_set_black_card (card_set_id, black_card_id) values (999000, 999511);
insert into card_set_black_card (card_set_id, black_card_id) values (999000, 999512);
insert into card_set_black_card (card_set_id, black_card_id) values (999000, 999513);
insert into card_set_black_card (card_set_id, black_card_id) values (999000, 999514);
insert into card_set_black_card (card_set_id, black_card_id) values (999000, 999515);
insert into card_set_black_card (card_set_id, black_card_id) values (999000, 999516);
insert into card_set_black_card (card_set_id, black_card_id) values (999000, 999517);
insert into card_set_black_card (card_set_id, black_card_id) values (999000, 999518);
insert into card_set_black_card (card_set_id, black_card_id) values (999000, 999519);
insert into card_set_black_card (card_set_id, black_card_id) values (999000, 999520);
insert into card_set_black_card (card_set_id, black_card_id) values (999000, 999521);
insert into card_set_black_card (card_set_id, black_card_id) values (999000, 999522);
insert into card_set_black_card (card_set_id, black_card_id) values (999000, 999523);
insert into card_set_black_card (card_set_id, black_card_id) values (999000, 999524);
insert into card_set_black_card (card_set_id, black_card_id) values (999000, 999525);
insert into card_set_black_card (card_set_id, black_card_id) values (999000, 999526);
insert into card_set_black_card (card_set_id, black_card_id) values (999000, 999527);
insert into card_set_black_card (card_set_id, black_card_id) values (999000, 999528);
insert into card_set_black_card (card_set_id, black_card_id) values (999000, 999529);
insert into card_set_black_card (card_set_id, black_card_id) values (999000, 999530);
insert into card_set_black_card (card_set_id, black_card_id) values (999000, 999531);
insert into card_set_black_card (card_set_id, black_card_id) values (999000, 999532);
insert into card_set_black_card (card_set_id, black_card_id) values (999000, 999533);
insert into card_set_black_card (card_set_id, black_card_id) values (999000, 999534);
insert into card_set_black_card (card_set_id, black_card_id) values (999000, 999535);
insert into card_set_black_card (card_set_id, black_card_id) values (999000, 999536);
insert into card_set_black_card (card_set_id, black_card_id) values (999000, 999537);
insert into card_set_black_card (card_set_id, black_card_id) values (999000, 999538);
insert into card_set_black_card (card_set_id, black_card_id) values (999000, 999539);
insert into card_set_black_card (card_set_id, black_card_id) values (999000, 999540);
insert into card_set_black_card (card_set_id, black_card_id) values (999000, 999541);
insert into card_set_black_card (card_set_id, black_card_id) values (999000, 999542);
insert into card_set_black_card (card_set_id, black_card_id) values (999000, 999543);
insert into card_set_black_card (card_set_id, black_card_id) values (999000, 999544);
insert into card_set_black_card (card_set_id, black_card_id) values (999000, 999545);
insert into card_set_black_card (card_set_id, black_card_id) values (999000, 999546);
insert into card_set_black_card (card_set_id, black_card_id) values (999000, 999547);
insert into card_set_black_card (card_set_id, black_card_id) values (999000, 999548);
insert into card_set_black_card (card_set_id, black_card_id) values (999000, 999549);
insert into card_set_black_card (card_set_id, black_card_id) values (999000, 999550);
insert into card_set_black_card (card_set_id, black_card_id) values (999000, 999551);
insert into card_set_black_card (card_set_id, black_card_id) values (999000, 999552);
insert into card_set_black_card (card_set_id, black_card_id) values (999000, 999553);
insert into card_set_black_card (card_set_id, black_card_id) values (999000, 999554);
insert into card_set_black_card (card_set_id, black_card_id) values (999000, 999555);
insert into card_set_black_card (card_set_id, black_card_id) values (999000, 999556);
insert into card_set_black_card (card_set_id, black_card_id) values (999000, 999557);
insert into card_set_black_card (card_set_id, black_card_id) values (999000, 999558);
insert into card_set_black_card (card_set_id, black_card_id) values (999000, 999559);
insert into card_set_black_card (card_set_id, black_card_id) values (999000, 999560);
insert into card_set_black_card (card_set_id, black_card_id) values (999000, 999561);
insert into card_set_black_card (card_set_id, black_card_id) values (999000, 999562);

COMMIT;
