BEGIN;

delete from card_set_white_card where card_set_id = 999000;
delete from card_set_black_card where card_set_id = 999000;
delete from white_cards where id >= 999000 and id <= 999999;
delete from black_cards where id >= 999000 and id <= 999999;
delete from card_set where id=999000;

insert into card_set (id, active, name, base_deck, description, weight) values (999000, 't', 'House Pack', 'f', 'Whatever we thought was funny enough to be included as a custom card', 999);

insert into white_cards (id, text, watermark) values (999000, 'A Canadian Penny.', 'house');
insert into card_set_white_card (card_set_id, white_card_id) values (999000, 999000);
insert into white_cards (id, text, watermark) values (999001, 'vsTerminus.', 'house');
insert into card_set_white_card (card_set_id, white_card_id) values (999000, 999001);
insert into white_cards (id, text, watermark) values (999002, 'ravagetalon.', 'house');
insert into card_set_white_card (card_set_id, white_card_id) values (999000, 999002);
insert into white_cards (id, text, watermark) values (999003, 'NYVideoGameFreak.', 'house');
insert into card_set_white_card (card_set_id, white_card_id) values (999000, 999003);
insert into white_cards (id, text, watermark) values (999004, 'cookme25.', 'house');
insert into card_set_white_card (card_set_id, white_card_id) values (999000, 999004);
insert into white_cards (id, text, watermark) values (999005, 'bookwormrd118.', 'house');
insert into card_set_white_card (card_set_id, white_card_id) values (999000, 999005);
insert into white_cards (id, text, watermark) values (999006, 'rae.', 'house');
insert into card_set_white_card (card_set_id, white_card_id) values (999000, 999006);
insert into white_cards (id, text, watermark) values (999007, 'captainkate.', 'house');
insert into card_set_white_card (card_set_id, white_card_id) values (999000, 999007);
insert into white_cards (id, text, watermark) values (999008, 'HellAshes.', 'house');
insert into card_set_white_card (card_set_id, white_card_id) values (999000, 999008);
insert into white_cards (id, text, watermark) values (999009, 'Morgonius.', 'house');
insert into card_set_white_card (card_set_id, white_card_id) values (999000, 999009);
insert into white_cards (id, text, watermark) values (999010, 'WolfSamurai.', 'house');
insert into card_set_white_card (card_set_id, white_card_id) values (999000, 999010);
insert into white_cards (id, text, watermark) values (999011, 'Communism.', 'house');
insert into card_set_white_card (card_set_id, white_card_id) values (999000, 999011);
insert into white_cards (id, text, watermark) values (999012, 'bsparks.', 'house');
insert into card_set_white_card (card_set_id, white_card_id) values (999000, 999012);
insert into white_cards (id, text, watermark) values (999013, 'The Bot.', 'house');
insert into card_set_white_card (card_set_id, white_card_id) values (999000, 999013);
insert into white_cards (id, text, watermark) values (999014, 'Xyzzy.', 'house');
insert into card_set_white_card (card_set_id, white_card_id) values (999000, 999014);
insert into white_cards (id, text, watermark) values (999015, 'ajanata.', 'house');
insert into card_set_white_card (card_set_id, white_card_id) values (999000, 999015);
insert into white_cards (id, text, watermark) values (999016, 'Grinnz.', 'house');
insert into card_set_white_card (card_set_id, white_card_id) values (999000, 999016);
insert into white_cards (id, text, watermark) values (999017, 'cdigames.', 'house');
insert into card_set_white_card (card_set_id, white_card_id) values (999000, 999017);
insert into white_cards (id, text, watermark) values (999018, 'decoytroy.', 'house');
insert into card_set_white_card (card_set_id, white_card_id) values (999000, 999018);
insert into white_cards (id, text, watermark) values (999019, 'Villene.', 'house');
insert into card_set_white_card (card_set_id, white_card_id) values (999000, 999019);
insert into white_cards (id, text, watermark) values (999020, 'Brojomo.', 'house');
insert into card_set_white_card (card_set_id, white_card_id) values (999000, 999020);
insert into white_cards (id, text, watermark) values (999021, 'Khead161.', 'house');
insert into card_set_white_card (card_set_id, white_card_id) values (999000, 999021);
insert into white_cards (id, text, watermark) values (999022, 'Aigisofservia.', 'house');
insert into card_set_white_card (card_set_id, white_card_id) values (999000, 999022);
insert into white_cards (id, text, watermark) values (999023, 'Lex.', 'house');
insert into card_set_white_card (card_set_id, white_card_id) values (999000, 999023);
insert into white_cards (id, text, watermark) values (999024, 'decoytroy.', 'house');
insert into card_set_white_card (card_set_id, white_card_id) values (999000, 999024);
insert into white_cards (id, text, watermark) values (999025, 'BrianBAM19.', 'house');
insert into card_set_white_card (card_set_id, white_card_id) values (999000, 999025);
insert into white_cards (id, text, watermark) values (999026, 'Socialism.', 'house');
insert into card_set_white_card (card_set_id, white_card_id) values (999000, 999026);
insert into white_cards (id, text, watermark) values (999027, 'VincentsSin.', 'house');
insert into card_set_white_card (card_set_id, white_card_id) values (999000, 999027);
insert into white_cards (id, text, watermark) values (999028, 'Gadzooks.', 'house');
insert into card_set_white_card (card_set_id, white_card_id) values (999000, 999028);
insert into white_cards (id, text, watermark) values (999029, 'Villene.', 'house');
insert into card_set_white_card (card_set_id, white_card_id) values (999000, 999029);
insert into white_cards (id, text, watermark) values (999030, 'New Jersey.', 'house');
insert into card_set_white_card (card_set_id, white_card_id) values (999000, 999030);
insert into white_cards (id, text, watermark) values (999031, 'Winnipeg.', 'house');
insert into card_set_white_card (card_set_id, white_card_id) values (999000, 999031);
insert into white_cards (id, text, watermark) values (999032, 'Kentucky.', 'house');
insert into card_set_white_card (card_set_id, white_card_id) values (999000, 999032);
insert into white_cards (id, text, watermark) values (999033, 'Ohio.', 'house');
insert into card_set_white_card (card_set_id, white_card_id) values (999000, 999033);
insert into white_cards (id, text, watermark) values (999034, 'New England.', 'house');
insert into card_set_white_card (card_set_id, white_card_id) values (999000, 999034);
insert into white_cards (id, text, watermark) values (999035, 'Connecticut.', 'house');
insert into card_set_white_card (card_set_id, white_card_id) values (999000, 999035);
insert into white_cards (id, text, watermark) values (999036, 'Texas.', 'house');
insert into card_set_white_card (card_set_id, white_card_id) values (999000, 999036);
insert into white_cards (id, text, watermark) values (999037, 'New Mexico.', 'house');
insert into card_set_white_card (card_set_id, white_card_id) values (999000, 999037);
insert into white_cards (id, text, watermark) values (999038, 'California.', 'house');
insert into card_set_white_card (card_set_id, white_card_id) values (999000, 999038);
insert into white_cards (id, text, watermark) values (999039, 'Rock Band 1.', 'house');
insert into card_set_white_card (card_set_id, white_card_id) values (999000, 999039);
insert into white_cards (id, text, watermark) values (999040, 'Rock Band 2.', 'house');
insert into card_set_white_card (card_set_id, white_card_id) values (999000, 999040);
insert into white_cards (id, text, watermark) values (999041, 'Rock Band 3.', 'house');
insert into card_set_white_card (card_set_id, white_card_id) values (999000, 999041);
insert into white_cards (id, text, watermark) values (999042, 'Rock Band 4.', 'house');
insert into card_set_white_card (card_set_id, white_card_id) values (999000, 999042);
insert into white_cards (id, text, watermark) values (999043, 'Rock Band 4 PC.', 'house');
insert into card_set_white_card (card_set_id, white_card_id) values (999000, 999043);
insert into white_cards (id, text, watermark) values (999044, 'Harmonix.', 'house');
insert into card_set_white_card (card_set_id, white_card_id) values (999000, 999044);
insert into white_cards (id, text, watermark) values (999045, 'Hamronix.', 'house');
insert into card_set_white_card (card_set_id, white_card_id) values (999000, 999045);
insert into white_cards (id, text, watermark) values (999046, 'Rhythm Gaming.', 'house');
insert into card_set_white_card (card_set_id, white_card_id) values (999000, 999046);
insert into white_cards (id, text, watermark) values (999047, 'Getting drunk and playing Human Resource Machine literally all night long.', 'house');
insert into card_set_white_card (card_set_id, white_card_id) values (999000, 999047);
insert into white_cards (id, text, watermark) values (999048, 'The Canadian Invasion.', 'house');
insert into card_set_white_card (card_set_id, white_card_id) values (999000, 999048);
insert into white_cards (id, text, watermark) values (999049, 'The Connecticut Interdiction.', 'house');
insert into card_set_white_card (card_set_id, white_card_id) values (999000, 999049);
insert into white_cards (id, text, watermark) values (999050, 'Cedar Point.', 'house');
insert into card_set_white_card (card_set_id, white_card_id) values (999000, 999050);
insert into white_cards (id, text, watermark) values (999051, 'Becoming a Real Canadian.', 'house');
insert into card_set_white_card (card_set_id, white_card_id) values (999000, 999051);
insert into white_cards (id, text, watermark) values (999052, 'Rollie Coasties.', 'house');
insert into card_set_white_card (card_set_id, white_card_id) values (999000, 999052);
insert into white_cards (id, text, watermark) values (999053, 'THE HellAshes.', 'house');
insert into card_set_white_card (card_set_id, white_card_id) values (999000, 999053);
insert into white_cards (id, text, watermark) values (999054, 'Literally living under a rock.', 'house');
insert into card_set_white_card (card_set_id, white_card_id) values (999000, 999054);
insert into white_cards (id, text, watermark) values (999055, 'FCing Jordan.', 'house');
insert into card_set_white_card (card_set_id, white_card_id) values (999000, 999055);
insert into white_cards (id, text, watermark) values (999056, 'FCing Jordan. Again.', 'house');
insert into card_set_white_card (card_set_id, white_card_id) values (999000, 999056);
insert into white_cards (id, text, watermark) values (999057, 'Streaming for 14 hours straight.', 'house');
insert into card_set_white_card (card_set_id, white_card_id) values (999000, 999057);
insert into white_cards (id, text, watermark) values (999058, 'ravagetalon''s car.', 'house');
insert into card_set_white_card (card_set_id, white_card_id) values (999000, 999058);
insert into white_cards (id, text, watermark) values (999059, 'Loot Boxes.', 'house');
insert into card_set_white_card (card_set_id, white_card_id) values (999000, 999059);
insert into white_cards (id, text, watermark) values (999060, 'Something involving the butt.', 'house');
insert into card_set_white_card (card_set_id, white_card_id) values (999000, 999060);
insert into white_cards (id, text, watermark) values (999061, 'Doin'' it in the butt.', 'house');
insert into card_set_white_card (card_set_id, white_card_id) values (999000, 999061);
insert into white_cards (id, text, watermark) values (999062, 'Nude mods.', 'house');
insert into card_set_white_card (card_set_id, white_card_id) values (999000, 999062);
insert into white_cards (id, text, watermark) values (999063, 'Huge tits and a rock hard cock.', 'house');
insert into card_set_white_card (card_set_id, white_card_id) values (999000, 999063);
insert into white_cards (id, text, watermark) values (999064, 'Huge cock and rock hard tits.', 'house');
insert into card_set_white_card (card_set_id, white_card_id) values (999000, 999064);
insert into white_cards (id, text, watermark) values (999065, 'Outercourse.', 'house');
insert into card_set_white_card (card_set_id, white_card_id) values (999000, 999065);
insert into white_cards (id, text, watermark) values (999066, 'The "Rock Band" MMO.', 'house');
insert into card_set_white_card (card_set_id, white_card_id) values (999000, 999066);
insert into white_cards (id, text, watermark) values (999067, 'BRRRRRRRRRRRRRRRRRRRRRT.', 'house');
insert into card_set_white_card (card_set_id, white_card_id) values (999000, 999067);
insert into white_cards (id, text, watermark) values (999068, 'Going to bed.', 'house');
insert into card_set_white_card (card_set_id, white_card_id) values (999000, 999068);
insert into white_cards (id, text, watermark) values (999069, 'Actually going to bed.', 'house');
insert into card_set_white_card (card_set_id, white_card_id) values (999000, 999069);
insert into white_cards (id, text, watermark) values (999070, 'Staring at your phone.', 'house');
insert into card_set_white_card (card_set_id, white_card_id) values (999000, 999070);
insert into white_cards (id, text, watermark) values (999071, 'Failing at sleep.', 'house');
insert into card_set_white_card (card_set_id, white_card_id) values (999000, 999071);
insert into white_cards (id, text, watermark) values (999072, 'Successfully falling asleep.', 'house');
insert into card_set_white_card (card_set_id, white_card_id) values (999000, 999072);
insert into white_cards (id, text, watermark) values (999073, 'Sleeping for 14 hours straight.', 'house');
insert into card_set_white_card (card_set_id, white_card_id) values (999000, 999073);
insert into white_cards (id, text, watermark) values (999074, 'Fucked up dreams.', 'house');
insert into card_set_white_card (card_set_id, white_card_id) values (999000, 999074);
insert into white_cards (id, text, watermark) values (999075, 'Sexy dreams.', 'house');
insert into card_set_white_card (card_set_id, white_card_id) values (999000, 999075);
insert into white_cards (id, text, watermark) values (999076, 'The good kind of wet dream.', 'house');
insert into card_set_white_card (card_set_id, white_card_id) values (999000, 999076);
insert into white_cards (id, text, watermark) values (999077, 'The bad kind of wet dream.', 'house');
insert into card_set_white_card (card_set_id, white_card_id) values (999000, 999077);
insert into white_cards (id, text, watermark) values (999078, 'This guy.', 'house');
insert into card_set_white_card (card_set_id, white_card_id) values (999000, 999078);
insert into white_cards (id, text, watermark) values (999079, 'That guy.', 'house');
insert into card_set_white_card (card_set_id, white_card_id) values (999000, 999079);
insert into white_cards (id, text, watermark) values (999080, '"Working" from home', 'house');
insert into card_set_white_card (card_set_id, white_card_id) values (999000, 999080);
insert into white_cards (id, text, watermark) values (999081, 'Spamming the bot.', 'house');
insert into card_set_white_card (card_set_id, white_card_id) values (999000, 999081);
insert into white_cards (id, text, watermark) values (999082, 'Spamming general chat.', 'house');
insert into card_set_white_card (card_set_id, white_card_id) values (999000, 999082);
insert into white_cards (id, text, watermark) values (999083, 'Forgetting the NSFW tag.', 'house');
insert into card_set_white_card (card_set_id, white_card_id) values (999000, 999083);
insert into white_cards (id, text, watermark) values (999084, 'Villene''s sin channel.', 'house');
insert into card_set_white_card (card_set_id, white_card_id) values (999000, 999084);
insert into white_cards (id, text, watermark) values (999085, 'The kinds of things you find in Villene''s sin channel.', 'house');
insert into card_set_white_card (card_set_id, white_card_id) values (999000, 999085);
insert into white_cards (id, text, watermark) values (999086, 'ConBravo', 'house');
insert into card_set_white_card (card_set_id, white_card_id) values (999000, 999086);
insert into white_cards (id, text, watermark) values (999087, 'MAG Fest', 'house');
insert into card_set_white_card (card_set_id, white_card_id) values (999000, 999087);
insert into white_cards (id, text, watermark) values (999088, 'Penny Arcade Expo', 'house');
insert into card_set_white_card (card_set_id, white_card_id) values (999000, 999088);
insert into white_cards (id, text, watermark) values (999089, 'Sending a screenshot of text.', 'house');
insert into card_set_white_card (card_set_id, white_card_id) values (999000, 999089);
insert into white_cards (id, text, watermark) values (999090, 'Sending a photograph of text on a screen.', 'house');
insert into card_set_white_card (card_set_id, white_card_id) values (999000, 999090);
insert into white_cards (id, text, watermark) values (999091, 'Drawing a picture of a photograph of text on a screen.', 'house');
insert into card_set_white_card (card_set_id, white_card_id) values (999000, 999091);
insert into white_cards (id, text, watermark) values (999092, 'Printing a screenshot and mailing it to a friend.', 'house');
insert into card_set_white_card (card_set_id, white_card_id) values (999000, 999092);
insert into white_cards (id, text, watermark) values (999093, 'Tray nug double nug.', 'house');
insert into card_set_white_card (card_set_id, white_card_id) values (999000, 999093);
insert into white_cards (id, text, watermark) values (999094, '69 (nice).', 'house');
insert into card_set_white_card (card_set_id, white_card_id) values (999000, 999094);
insert into white_cards (id, text, watermark) values (999095, 'Sixty Nine (nice).', 'house');
insert into card_set_white_card (card_set_id, white_card_id) values (999000, 999095);
insert into white_cards (id, text, watermark) values (999096, 'The fucking weather.', 'house');
insert into card_set_white_card (card_set_id, white_card_id) values (999000, 999096);
insert into white_cards (id, text, watermark) values (999097, 'Our House.', 'house');
insert into card_set_white_card (card_set_id, white_card_id) values (999000, 999097);
insert into white_cards (id, text, watermark) values (999098, 'The Middle of Our House', 'house');
insert into card_set_white_card (card_set_id, white_card_id) values (999000, 999098);
insert into white_cards (id, text, watermark) values (999099, 'Boobs', 'house');
insert into card_set_white_card (card_set_id, white_card_id) values (999000, 999099);
insert into white_cards (id, text, watermark) values (999100, 'Tiny boobs', 'house');
insert into card_set_white_card (card_set_id, white_card_id) values (999000, 999100);
insert into white_cards (id, text, watermark) values (999101, 'Big boobs', 'house');
insert into card_set_white_card (card_set_id, white_card_id) values (999000, 999101);
insert into white_cards (id, text, watermark) values (999102, 'Fake boobs', 'house');
insert into card_set_white_card (card_set_id, white_card_id) values (999000, 999102);
insert into white_cards (id, text, watermark) values (999103, 'Huge boobs', 'house');
insert into card_set_white_card (card_set_id, white_card_id) values (999000, 999103);
insert into white_cards (id, text, watermark) values (999104, 'Butts', 'house');
insert into card_set_white_card (card_set_id, white_card_id) values (999000, 999104);
insert into white_cards (id, text, watermark) values (999105, 'Big butts', 'house');
insert into card_set_white_card (card_set_id, white_card_id) values (999000, 999105);
insert into white_cards (id, text, watermark) values (999106, 'Butt', 'house');
insert into card_set_white_card (card_set_id, white_card_id) values (999000, 999106);
insert into white_cards (id, text, watermark) values (999107, 'Dicks', 'house');
insert into card_set_white_card (card_set_id, white_card_id) values (999000, 999107);
insert into white_cards (id, text, watermark) values (999108, 'A dick', 'house');
insert into card_set_white_card (card_set_id, white_card_id) values (999000, 999108);
insert into white_cards (id, text, watermark) values (999109, 'Several dicks', 'house');
insert into card_set_white_card (card_set_id, white_card_id) values (999000, 999109);
insert into white_cards (id, text, watermark) values (999110, 'A Big dick', 'house');
insert into card_set_white_card (card_set_id, white_card_id) values (999000, 999110);
insert into white_cards (id, text, watermark) values (999111, 'A Huge dick', 'house');
insert into card_set_white_card (card_set_id, white_card_id) values (999000, 999111);
insert into white_cards (id, text, watermark) values (999112, 'Ass', 'house');
insert into card_set_white_card (card_set_id, white_card_id) values (999000, 999112);
insert into white_cards (id, text, watermark) values (999113, 'Gigantic Ass', 'house');
insert into card_set_white_card (card_set_id, white_card_id) values (999000, 999113);
insert into white_cards (id, text, watermark) values (999114, 'Titties', 'house');
insert into card_set_white_card (card_set_id, white_card_id) values (999000, 999114);
insert into white_cards (id, text, watermark) values (999115, 'Tits', 'house');
insert into card_set_white_card (card_set_id, white_card_id) values (999000, 999115);
insert into white_cards (id, text, watermark) values (999116, 'PENIS', 'house');
insert into card_set_white_card (card_set_id, white_card_id) values (999000, 999116);
insert into white_cards (id, text, watermark) values (999117, 'VAGINA', 'house');
insert into card_set_white_card (card_set_id, white_card_id) values (999000, 999117);
insert into white_cards (id, text, watermark) values (999118, 'BREASTS', 'house');
insert into card_set_white_card (card_set_id, white_card_id) values (999000, 999118);
insert into white_cards (id, text, watermark) values (999119, 'BOOBS', 'house');
insert into card_set_white_card (card_set_id, white_card_id) values (999000, 999119);
insert into white_cards (id, text, watermark) values (999120, 'DICK', 'house');
insert into card_set_white_card (card_set_id, white_card_id) values (999000, 999120);
insert into white_cards (id, text, watermark) values (999121, 'COCK', 'house');
insert into card_set_white_card (card_set_id, white_card_id) values (999000, 999121);
insert into white_cards (id, text, watermark) values (999122, 'PUSSY', 'house');
insert into card_set_white_card (card_set_id, white_card_id) values (999000, 999122);
insert into white_cards (id, text, watermark) values (999123, 'BUSSY', 'house');
insert into card_set_white_card (card_set_id, white_card_id) values (999000, 999123);
insert into white_cards (id, text, watermark) values (999124, 'Spockle', 'house');
insert into card_set_white_card (card_set_id, white_card_id) values (999000, 999124);
insert into white_cards (id, text, watermark) values (999125, 'Vandal', 'house');
insert into card_set_white_card (card_set_id, white_card_id) values (999000, 999125);
insert into white_cards (id, text, watermark) values (999126, 'Phat Girl Cock', 'house');
insert into card_set_white_card (card_set_id, white_card_id) values (999000, 999126);
insert into white_cards (id, text, watermark) values (999127, 'Girl Cock', 'house');
insert into card_set_white_card (card_set_id, white_card_id) values (999000, 999127);
insert into white_cards (id, text, watermark) values (999128, 'Her Cock', 'house');
insert into card_set_white_card (card_set_id, white_card_id) values (999000, 999128);
insert into white_cards (id, text, watermark) values (999129, 'His Cock', 'house');
insert into card_set_white_card (card_set_id, white_card_id) values (999000, 999129);
insert into white_cards (id, text, watermark) values (999130, 'Their Cock', 'house');
insert into card_set_white_card (card_set_id, white_card_id) values (999000, 999130);

insert into black_cards (id, text, draw, pick, watermark) values (999000, 'I fucking hate ____.', '0', '1', 'house');
insert into card_set_black_card (card_set_id, black_card_id) values (999000, 999000);
insert into black_cards (id, text, draw, pick, watermark) values (999001, 'I hate fucking ____.', '0', '1', 'house');
insert into card_set_black_card (card_set_id, black_card_id) values (999000, 999001);
insert into black_cards (id, text, draw, pick, watermark) values (999002, 'I fucking love ____.', '0', '1', 'house');
insert into card_set_black_card (card_set_id, black_card_id) values (999000, 999002);
insert into black_cards (id, text, draw, pick, watermark) values (999003, 'I love fucking ____.', '0', '1', 'house');
insert into card_set_black_card (card_set_id, black_card_id) values (999000, 999003);
insert into black_cards (id, text, draw, pick, watermark) values (999004, 'I''m Wilford Brimley, and I have ____.', '0', '1', 'house');
insert into card_set_black_card (card_set_id, black_card_id) values (999000, 999004);
insert into black_cards (id, text, draw, pick, watermark) values (999005, 'I was banned from /r/____ for my posts about ____.', '1', '2', 'house');
insert into card_set_black_card (card_set_id, black_card_id) values (999000, 999005);
insert into black_cards (id, text, draw, pick, watermark) values (999006, 'You have been made a moderator of /r/____!', '0', '1', 'house');
insert into card_set_black_card (card_set_id, black_card_id) values (999000, 999006);
insert into black_cards (id, text, draw, pick, watermark) values (999007, 'Look at my horse, my horse is ____. Give it a lick! Mmmm, it tastes just like ____!', '1', '2', 'house');
insert into card_set_black_card (card_set_id, black_card_id) values (999000, 999007);
insert into black_cards (id, text, draw, pick, watermark) values (999008, '____ confuses my boner.', '0', '1', 'house');
insert into card_set_black_card (card_set_id, black_card_id) values (999000, 999008);
insert into black_cards (id, text, draw, pick, watermark) values (999009, 'After the con, what did we find in the back of ravagetalon''s car?', '0', '1', 'house');
insert into card_set_black_card (card_set_id, black_card_id) values (999000, 999009);
insert into black_cards (id, text, draw, pick, watermark) values (999010, 'HellAshes'' stream was raided by ____.', '0', '1', 'house');
insert into card_set_black_card (card_set_id, black_card_id) values (999000, 999010);
insert into black_cards (id, text, draw, pick, watermark) values (999011, 'We should rename this channel: #____.', '0', '1', 'house');
insert into card_set_black_card (card_set_id, black_card_id) values (999000, 999011);
insert into black_cards (id, text, draw, pick, watermark) values (999012, 'I was so tired I thought ____ was ____!', '1', '2', 'house');
insert into card_set_black_card (card_set_id, black_card_id) values (999000, 999012);
insert into black_cards (id, text, draw, pick, watermark) values (999013, 'My best feature is ____', '0', '1', 'house');
insert into card_set_black_card (card_set_id, black_card_id) values (999000, 999013);
insert into black_cards (id, text, draw, pick, watermark) values (999014, 'People love me because I''m ____', '0', '1', 'house');
insert into card_set_black_card (card_set_id, black_card_id) values (999000, 999014);
insert into black_cards (id, text, draw, pick, watermark) values (999015, 'People hate me because I''m ____', '0', '1', 'house');
insert into card_set_black_card (card_set_id, black_card_id) values (999000, 999015);
insert into black_cards (id, text, draw, pick, watermark) values (999016, 'Class, please turn to page 57 for today''s lesson: "A History of ____."', '0', '1', 'house');
insert into card_set_black_card (card_set_id, black_card_id) values (999000, 999016);
insert into black_cards (id, text, draw, pick, watermark) values (999017, 'Class, please turn to page 69 (nice) for today''s lesson: "A History of ____."', '0', '1', 'house');
insert into card_set_black_card (card_set_id, black_card_id) values (999000, 999017);
insert into black_cards (id, text, draw, pick, watermark) values (999018, 'What did HellAshes buy in Columbus?', '0', '1', 'house');
insert into card_set_black_card (card_set_id, black_card_id) values (999000, 999018);
insert into black_cards (id, text, draw, pick, watermark) values (999019, 'What did CaptainKate buy for her cats?', '0', '1', 'house');
insert into card_set_black_card (card_set_id, black_card_id) values (999000, 999019);
insert into black_cards (id, text, draw, pick, watermark) values (999020, 'What did vsTerminus buy at ConBravo?', '0', '1', 'house');
insert into card_set_black_card (card_set_id, black_card_id) values (999000, 999020);
insert into black_cards (id, text, draw, pick, watermark) values (999021, 'What did I order from Amazon?', '0', '1', 'house');
insert into card_set_black_card (card_set_id, black_card_id) values (999000, 999021);
insert into black_cards (id, text, draw, pick, watermark) values (999022, 'I AM ____. I NEED ____.', '1', '2', 'house');
insert into card_set_black_card (card_set_id, black_card_id) values (999000, 999022);
insert into black_cards (id, text, draw, pick, watermark) values (999023, 'FUCK ____!', '0', '1', 'house');
insert into card_set_black_card (card_set_id, black_card_id) values (999000, 999023);
insert into black_cards (id, text, draw, pick, watermark) values (999024, 'Hey guys, check out my new website! ____.com', '0', '1', 'house');
insert into card_set_black_card (card_set_id, black_card_id) values (999000, 999024);
insert into black_cards (id, text, draw, pick, watermark) values (999025, 'My SO has ____', '0', '1', 'house');
insert into card_set_black_card (card_set_id, black_card_id) values (999000, 999025);
insert into black_cards (id, text, draw, pick, watermark) values (999026, 'My SO is ____', '0', '1', 'house');
insert into card_set_black_card (card_set_id, black_card_id) values (999000, 999026);
insert into black_cards (id, text, draw, pick, watermark) values (999027, 'My SO wants  ____', '0', '1', 'house');
insert into card_set_black_card (card_set_id, black_card_id) values (999000, 999027);
insert into black_cards (id, text, draw, pick, watermark) values (999028, 'I can''t believe it''''s not  ____!', '0', '1', 'house');
insert into card_set_black_card (card_set_id, black_card_id) values (999000, 999028);
insert into black_cards (id, text, draw, pick, watermark) values (999029, 'If it looks like ____ and smells like ____, it''s probably ____.', '2', '3', 'house');
insert into card_set_black_card (card_set_id, black_card_id) values (999000, 999029);
insert into black_cards (id, text, draw, pick, watermark) values (999030, '____, in the middle of ____.', '1', '2', 'house');
insert into card_set_black_card (card_set_id, black_card_id) values (999000, 999030);
insert into black_cards (id, text, draw, pick, watermark) values (999031, 'Our house, in the middle of ____.', '0', '1', 'house');
insert into card_set_black_card (card_set_id, black_card_id) values (999000, 999031);
insert into black_cards (id, text, draw, pick, watermark) values (999032, '____, in the middle of our house..', '0', '1', 'house');
insert into card_set_black_card (card_set_id, black_card_id) values (999000, 999032);
insert into black_cards (id, text, draw, pick, watermark) values (999033, 'In this channel we respect ____!', '0', '1', 'house');
insert into card_set_black_card (card_set_id, black_card_id) values (999000, 999033);
insert into black_cards (id, text, draw, pick, watermark) values (999034, 'In this channel we welcome ____!', '0', '1', 'house');
insert into card_set_black_card (card_set_id, black_card_id) values (999000, 999034);
insert into black_cards (id, text, draw, pick, watermark) values (999035, 'Raise your hand if you''ve fucked ____?', '0', '1', 'house');
insert into card_set_black_card (card_set_id, black_card_id) values (999000, 999035);
insert into black_cards (id, text, draw, pick, watermark) values (999036, 'Raise your hand if you''ve eaten ____!', '0', '1', 'house');
insert into card_set_black_card (card_set_id, black_card_id) values (999000, 999036);
insert into black_cards (id, text, draw, pick, watermark) values (999037, 'Raise your hand if you''re ____!', '0', '1', 'house');
insert into card_set_black_card (card_set_id, black_card_id) values (999000, 999037);
insert into black_cards (id, text, draw, pick, watermark) values (999038, 'Nothin'' gets me harder than ____.', '0', '1', 'house');
insert into card_set_black_card (card_set_id, black_card_id) values (999000, 999038);
insert into black_cards (id, text, draw, pick, watermark) values (999039, 'You have ____? Stop! I can only get so hard!', '0', '1', 'house');
insert into card_set_black_card (card_set_id, black_card_id) values (999000, 999039);
insert into black_cards (id, text, draw, pick, watermark) values (999040, 'I thought I understood ____, but then I encountered ____.', '1', '2', 'house');
insert into card_set_black_card (card_set_id, black_card_id) values (999000, 999040);
insert into black_cards (id, text, draw, pick, watermark) values (999041, 'Nothing makes me happier than ____!', '0', '1', 'house');
insert into card_set_black_card (card_set_id, black_card_id) values (999000, 999041);
insert into black_cards (id, text, draw, pick, watermark) values (999042, '____? That''s my fetish.', '0', '1', 'house');
insert into card_set_black_card (card_set_id, black_card_id) values (999000, 999042);
insert into black_cards (id, text, draw, pick, watermark) values (999043, 'Stop! It''s too big! You''''ll never fit ____ into ____!', '1', '2', 'house');
insert into card_set_black_card (card_set_id, black_card_id) values (999000, 999043);
insert into black_cards (id, text, draw, pick, watermark) values (999044, 'Anything can be ____ if you try hard enough', '0', '1', 'house');
insert into card_set_black_card (card_set_id, black_card_id) values (999000, 999044);
insert into black_cards (id, text, draw, pick, watermark) values (999045, 'Pornhub''s newest and most popular category combines ____ and ____.', '1', '2', 'house');
insert into card_set_black_card (card_set_id, black_card_id) values (999000, 999045);
insert into black_cards (id, text, draw, pick, watermark) values (999046, 'Trending on Pornhub: ____.', '0', '1', 'house');
insert into card_set_black_card (card_set_id, black_card_id) values (999000, 999046);
insert into black_cards (id, text, draw, pick, watermark) values (999047, 'Pornhub''s newest and most popular category: ____.', '0', '1', 'house');
insert into card_set_black_card (card_set_id, black_card_id) values (999000, 999047);
insert into black_cards (id, text, draw, pick, watermark) values (999048, 'I ate ____ and now I feel sick.', '0', '1', 'house');
insert into card_set_black_card (card_set_id, black_card_id) values (999000, 999048);
insert into black_cards (id, text, draw, pick, watermark) values (999049, 'YouTube is deleting videos containing ____ again.', '0', '1', 'house');
insert into card_set_black_card (card_set_id, black_card_id) values (999000, 999049);
insert into black_cards (id, text, draw, pick, watermark) values (999050, 'I was banned from YouTube for uploading videos of ____ and ____.', '1', '2', 'house');
insert into card_set_black_card (card_set_id, black_card_id) values (999000, 999050);
insert into black_cards (id, text, draw, pick, watermark) values (999051, 'I got famous on YouTube uploading home videos of ____.', '0', '1', 'house');
insert into card_set_black_card (card_set_id, black_card_id) values (999000, 999051);
insert into black_cards (id, text, draw, pick, watermark) values (999052, 'I got famous on Twitch streaming ____ for 8 hours a day', '0', '1', 'house');
insert into card_set_black_card (card_set_id, black_card_id) values (999000, 999052);
insert into black_cards (id, text, draw, pick, watermark) values (999053, 'I was banned from Twitch for letting ____ and ____ onto my stream.', '1', '2', 'house');
insert into card_set_black_card (card_set_id, black_card_id) values (999000, 999053);
insert into black_cards (id, text, draw, pick, watermark) values (999054, 'Rapunzel, Rapunzel, let down your ____!', '0', '1', 'house');
insert into card_set_black_card (card_set_id, black_card_id) values (999000, 999054);
insert into black_cards (id, text, draw, pick, watermark) values (999055, 'Can you paint with all the colors of ____?', '0', '1', 'house');
insert into card_set_black_card (card_set_id, black_card_id) values (999000, 999055);
insert into black_cards (id, text, draw, pick, watermark) values (999056, 'Alexa, what is ____?', '0', '1', 'house');
insert into card_set_black_card (card_set_id, black_card_id) values (999000, 999056);
insert into black_cards (id, text, draw, pick, watermark) values (999057, 'Ok Google, Add ____ to my calendar for tomorrow.', '0', '1', 'house');
insert into card_set_black_card (card_set_id, black_card_id) values (999000, 999057);
insert into black_cards (id, text, draw, pick, watermark) values (999058, 'Alexa, give me ____.', '0', '1', 'house');
insert into card_set_black_card (card_set_id, black_card_id) values (999000, 999058);
insert into black_cards (id, text, draw, pick, watermark) values (999059, 'Ok Google, tell me about ____.', '0', '1', 'house');
insert into card_set_black_card (card_set_id, black_card_id) values (999000, 999059);
insert into black_cards (id, text, draw, pick, watermark) values (999060, 'Alexa, is ____ kind of like ____?', '1', '2', 'house');
insert into card_set_black_card (card_set_id, black_card_id) values (999000, 999060);
insert into black_cards (id, text, draw, pick, watermark) values (999061, 'Ok Google, where can I find ____?', '0', '1', 'house');
insert into card_set_black_card (card_set_id, black_card_id) values (999000, 999061);
insert into black_cards (id, text, draw, pick, watermark) values (999062, 'Ok Google, remind me to get ____ tomorrow.', '0', '1', 'house');
insert into card_set_black_card (card_set_id, black_card_id) values (999000, 999062);
insert into black_cards (id, text, draw, pick, watermark) values (999063, 'Ladies and Gentlemen, my name is Totalbiscuit and I''m here to ask and answer one simple question. WTF is ____?', '0', '1', 'house');
insert into card_set_black_card (card_set_id, black_card_id) values (999000, 999063);
insert into black_cards (id, text, draw, pick, watermark) values (999064, 'Pornhub''s most popular video features ____ fucking ____.', '1', '2', 'house');
insert into card_set_black_card (card_set_id, black_card_id) values (999000, 999064);

COMMIT;
