BEGIN;

delete from card_set_white_card where card_set_id = 999000;
delete from card_set_black_card where card_set_id = 999000;
delete from white_cards where id >= 999000 and id <= 999999;
delete from black_cards where id >= 999000 and id <= 999999;
delete from card_set where id=999000;

insert into card_set (id, active, name, base_deck, description, weight) values (999000, 't', 'House Cards', 'f', 'Pretty much anything we found funny enough to write on a blank card with permanent marker.', 999);

insert into white_cards (id, text, watermark) values (999000, 'A Canadian Penny.', 'house');
insert into white_cards (id, text, watermark) values (999001, 'vsTerminus.', 'house');
insert into white_cards (id, text, watermark) values (999002, 'ravagetalon.', 'house');
insert into white_cards (id, text, watermark) values (999003, 'NYVideoGameFreak.', 'house');
insert into white_cards (id, text, watermark) values (999004, 'cookme25.', 'house');
insert into white_cards (id, text, watermark) values (999005, 'bookwormrd118.', 'house');
insert into white_cards (id, text, watermark) values (999006, 'rae.', 'house');
insert into white_cards (id, text, watermark) values (999007, 'captainkate.', 'house');
insert into white_cards (id, text, watermark) values (999008, 'HellAshes.', 'house');
insert into white_cards (id, text, watermark) values (999009, 'Morgonius.', 'house');
insert into white_cards (id, text, watermark) values (999010, 'WolfSamurai.', 'house');
insert into white_cards (id, text, watermark) values (999011, 'Confury.', 'house');
insert into white_cards (id, text, watermark) values (999012, 'Skitch.', 'house');
insert into white_cards (id, text, watermark) values (999013, 'dfopsajff.', 'house');
insert into white_cards (id, text, watermark) values (999014, 'Xyzzy.', 'house');
insert into white_cards (id, text, watermark) values (999015, 'ajanata.', 'house');
insert into white_cards (id, text, watermark) values (999016, 'Grinnz.', 'house');
insert into white_cards (id, text, watermark) values (999017, 'cdigames.', 'house');
insert into white_cards (id, text, watermark) values (999018, 'decoytroy.', 'house');
insert into white_cards (id, text, watermark) values (999019, 'Villene.', 'house');
insert into white_cards (id, text, watermark) values (999020, 'Brojomo.', 'house');
insert into white_cards (id, text, watermark) values (999021, 'Khead161.', 'house');
insert into white_cards (id, text, watermark) values (999022, 'Knightsofservia.', 'house');
insert into white_cards (id, text, watermark) values (999023, 'misery1.', 'house');
insert into white_cards (id, text, watermark) values (999024, 'Tay.', 'house');
insert into white_cards (id, text, watermark) values (999025, 'Jewker.', 'house');
insert into white_cards (id, text, watermark) values (999026, 'Szernex.', 'house');
insert into white_cards (id, text, watermark) values (999027, 'VincentsSin.', 'house');
insert into white_cards (id, text, watermark) values (999028, 'Yuyukirby.', 'house');
insert into white_cards (id, text, watermark) values (999029, 'Duckie.', 'house');
insert into white_cards (id, text, watermark) values (999030, 'New Jersey.', 'house');
insert into white_cards (id, text, watermark) values (999031, 'Winnipeg.', 'house');
insert into white_cards (id, text, watermark) values (999032, 'Kentucky.', 'house');
insert into white_cards (id, text, watermark) values (999033, 'Ohio.', 'house');
insert into white_cards (id, text, watermark) values (999034, 'New England.', 'house');
insert into white_cards (id, text, watermark) values (999035, 'Connecticut.', 'house');
insert into white_cards (id, text, watermark) values (999036, 'Texas.', 'house');
insert into white_cards (id, text, watermark) values (999037, 'New Mexico.', 'house');
insert into white_cards (id, text, watermark) values (999038, 'California.', 'house');
insert into white_cards (id, text, watermark) values (999039, 'Rock Band 1.', 'house');
insert into white_cards (id, text, watermark) values (999040, 'Rock Band 2.', 'house');
insert into white_cards (id, text, watermark) values (999041, 'Rock Band 3.', 'house');
insert into white_cards (id, text, watermark) values (999042, 'Rock Band 4.', 'house');
insert into white_cards (id, text, watermark) values (999043, 'Rock Band 4 PC.', 'house');
insert into white_cards (id, text, watermark) values (999044, 'Harmonix.', 'house');
insert into white_cards (id, text, watermark) values (999045, 'Hamronix.', 'house');
insert into white_cards (id, text, watermark) values (999046, 'Rhythm Gaming.', 'house');
insert into white_cards (id, text, watermark) values (999047, 'Getting drunk and playing Human Resource Machine literally all night long.', 'house');
insert into white_cards (id, text, watermark) values (999048, 'The Canadian Invasion.', 'house');
insert into white_cards (id, text, watermark) values (999049, 'The Connecticut Interdiction.', 'house');
insert into white_cards (id, text, watermark) values (999050, 'Cedar Point.', 'house');
insert into white_cards (id, text, watermark) values (999051, 'Becoming a Real Canadian.', 'house');
insert into white_cards (id, text, watermark) values (999052, 'Rollie Coasties.', 'house');
insert into white_cards (id, text, watermark) values (999053, 'THE HellAshes.', 'house');
insert into white_cards (id, text, watermark) values (999054, 'Literally living under a rock.', 'house');
insert into white_cards (id, text, watermark) values (999055, 'FCing Jordan.', 'house');
insert into white_cards (id, text, watermark) values (999056, 'FCing Jordan. Again.', 'house');
insert into white_cards (id, text, watermark) values (999057, 'Streaming for 14 hours straight.', 'house');
insert into white_cards (id, text, watermark) values (999058, 'ravagetalon''s car.', 'house');
insert into white_cards (id, text, watermark) values (999059, 'Loot Boxes.', 'house');
insert into white_cards (id, text, watermark) values (999060, 'Something involving the butt.', 'house');

insert into card_set_white_card (card_set_id, white_card_id) values (999000, 999000);
insert into card_set_white_card (card_set_id, white_card_id) values (999000, 999001);
insert into card_set_white_card (card_set_id, white_card_id) values (999000, 999002);
insert into card_set_white_card (card_set_id, white_card_id) values (999000, 999003);
insert into card_set_white_card (card_set_id, white_card_id) values (999000, 999004);
insert into card_set_white_card (card_set_id, white_card_id) values (999000, 999005);
insert into card_set_white_card (card_set_id, white_card_id) values (999000, 999006);
insert into card_set_white_card (card_set_id, white_card_id) values (999000, 999007);
insert into card_set_white_card (card_set_id, white_card_id) values (999000, 999008);
insert into card_set_white_card (card_set_id, white_card_id) values (999000, 999009);
insert into card_set_white_card (card_set_id, white_card_id) values (999000, 999010);
insert into card_set_white_card (card_set_id, white_card_id) values (999000, 999011);
insert into card_set_white_card (card_set_id, white_card_id) values (999000, 999012);
insert into card_set_white_card (card_set_id, white_card_id) values (999000, 999013);
insert into card_set_white_card (card_set_id, white_card_id) values (999000, 999014);
insert into card_set_white_card (card_set_id, white_card_id) values (999000, 999015);
insert into card_set_white_card (card_set_id, white_card_id) values (999000, 999016);
insert into card_set_white_card (card_set_id, white_card_id) values (999000, 999017);
insert into card_set_white_card (card_set_id, white_card_id) values (999000, 999018);
insert into card_set_white_card (card_set_id, white_card_id) values (999000, 999019);
insert into card_set_white_card (card_set_id, white_card_id) values (999000, 999020);
insert into card_set_white_card (card_set_id, white_card_id) values (999000, 999021);
insert into card_set_white_card (card_set_id, white_card_id) values (999000, 999022);
insert into card_set_white_card (card_set_id, white_card_id) values (999000, 999023);
insert into card_set_white_card (card_set_id, white_card_id) values (999000, 999024);
insert into card_set_white_card (card_set_id, white_card_id) values (999000, 999025);
insert into card_set_white_card (card_set_id, white_card_id) values (999000, 999026);
insert into card_set_white_card (card_set_id, white_card_id) values (999000, 999027);
insert into card_set_white_card (card_set_id, white_card_id) values (999000, 999028);
insert into card_set_white_card (card_set_id, white_card_id) values (999000, 999029);
insert into card_set_white_card (card_set_id, white_card_id) values (999000, 999030);
insert into card_set_white_card (card_set_id, white_card_id) values (999000, 999031);
insert into card_set_white_card (card_set_id, white_card_id) values (999000, 999032);
insert into card_set_white_card (card_set_id, white_card_id) values (999000, 999033);
insert into card_set_white_card (card_set_id, white_card_id) values (999000, 999034);
insert into card_set_white_card (card_set_id, white_card_id) values (999000, 999035);
insert into card_set_white_card (card_set_id, white_card_id) values (999000, 999036);
insert into card_set_white_card (card_set_id, white_card_id) values (999000, 999037);
insert into card_set_white_card (card_set_id, white_card_id) values (999000, 999038);
insert into card_set_white_card (card_set_id, white_card_id) values (999000, 999039);
insert into card_set_white_card (card_set_id, white_card_id) values (999000, 999040);
insert into card_set_white_card (card_set_id, white_card_id) values (999000, 999041);
insert into card_set_white_card (card_set_id, white_card_id) values (999000, 999042);
insert into card_set_white_card (card_set_id, white_card_id) values (999000, 999043);
insert into card_set_white_card (card_set_id, white_card_id) values (999000, 999044);
insert into card_set_white_card (card_set_id, white_card_id) values (999000, 999045);
insert into card_set_white_card (card_set_id, white_card_id) values (999000, 999046);
insert into card_set_white_card (card_set_id, white_card_id) values (999000, 999047);
insert into card_set_white_card (card_set_id, white_card_id) values (999000, 999048);
insert into card_set_white_card (card_set_id, white_card_id) values (999000, 999049);
insert into card_set_white_card (card_set_id, white_card_id) values (999000, 999050);
insert into card_set_white_card (card_set_id, white_card_id) values (999000, 999051);
insert into card_set_white_card (card_set_id, white_card_id) values (999000, 999052);
insert into card_set_white_card (card_set_id, white_card_id) values (999000, 999053);
insert into card_set_white_card (card_set_id, white_card_id) values (999000, 999054);
insert into card_set_white_card (card_set_id, white_card_id) values (999000, 999055);
insert into card_set_white_card (card_set_id, white_card_id) values (999000, 999056);
insert into card_set_white_card (card_set_id, white_card_id) values (999000, 999057);
insert into card_set_white_card (card_set_id, white_card_id) values (999000, 999058);
insert into card_set_white_card (card_set_id, white_card_id) values (999000, 999059);
insert into card_set_white_card (card_set_id, white_card_id) values (999000, 999060);

insert into black_cards (id, text, draw, pick, watermark) values (999500, 'I fucking hate ____.', 0, 1, 'house');
insert into black_cards (id, text, draw, pick, watermark) values (999501, 'I hate fucking ____.', 0, 1, 'house');
insert into black_cards (id, text, draw, pick, watermark) values (999502, 'I fucking love ____.', 0, 1, 'house');
insert into black_cards (id, text, draw, pick, watermark) values (999503, 'I love fucking ____.', 0, 1, 'house');
insert into black_cards (id, text, draw, pick, watermark) values (999504, 'I''m Wilford Brimley, and I have ____.', 0, 1, 'house');
insert into black_cards (id, text, draw, pick, watermark) values (999505, 'I was banned from /r/____ for my posts about ____.', 0, 2, 'house');
insert into black_cards (id, text, draw, pick, watermark) values (999506, 'You have been made a moderator of /r/____!', 0, 1, 'house');
insert into black_cards (id, text, draw, pick, watermark) values (999507, 'Look at my horse, my horse is ____. Give it a lick! Mmmm, it tastes just like ____!', 0, 2, 'house');
insert into black_cards (id, text, draw, pick, watermark) values (999508, '____ confuses my boner.', 0, 1, 'house');
insert into black_cards (id, text, draw, pick, watermark) values (999509, 'After the con, what did we find in the back of ravagetalon''s car?', 0, 1, 'house');
insert into black_cards (id, text, draw, pick, watermark) values (999510, 'HellAshes'' stream was raided by ____.', 0, 1, 'house');
insert into black_cards (id, text, draw, pick, watermark) values (999511, 'We should rename this channel: #____.', 0, 1, 'house');

insert into card_set_black_card (card_set_id, black_card_id) values (999000, 999500);
insert into card_set_black_card (card_set_id, black_card_id) values (999000, 999501);
insert into card_set_black_card (card_set_id, black_card_id) values (999000, 999502);
insert into card_set_black_card (card_set_id, black_card_id) values (999000, 999503);
insert into card_set_black_card (card_set_id, black_card_id) values (999000, 999504);
insert into card_set_black_card (card_set_id, black_card_id) values (999000, 999505);
insert into card_set_black_card (card_set_id, black_card_id) values (999000, 999506);
insert into card_set_black_card (card_set_id, black_card_id) values (999000, 999507);
insert into card_set_black_card (card_set_id, black_card_id) values (999000, 999508);
insert into card_set_black_card (card_set_id, black_card_id) values (999000, 999509);
insert into card_set_black_card (card_set_id, black_card_id) values (999000, 999510);
insert into card_set_black_card (card_set_id, black_card_id) values (999000, 999511);


COMMIT;
