BEGIN;

delete from card_set_white_card where card_set_id = 141000;
delete from card_set_black_card where card_set_id = 141000;
delete from white_cards where id >= 141000 and id <= 141999;
delete from black_cards where id >= 141000 and id <= 141999;
delete from card_set where id=141000;

insert into card_set (id, active, name, base_deck, description, weight) values (141000, 't', 'Human Pack', 'f', '30 beautiful cards about the human condition straight from the hearts of our human writers.', 999);

insert into white_cards (id, text, watermark) values (141000, 'A pointless job at a soulless corporation.', 'human');
insert into card_set_white_card (card_set_id, white_card_id) values (141000, 141000);
insert into white_cards (id, text, watermark) values (141001, 'Being terrified of a single bee.', 'human');
insert into card_set_white_card (card_set_id, white_card_id) values (141000, 141001);
insert into white_cards (id, text, watermark) values (141002, 'Being young and in love in New York City.', 'human');
insert into card_set_white_card (card_set_id, white_card_id) values (141000, 141002);
insert into white_cards (id, text, watermark) values (141003, 'Chemotherapy.', 'human');
insert into card_set_white_card (card_set_id, white_card_id) values (141000, 141003);
insert into white_cards (id, text, watermark) values (141004, 'Delighting in the pain of others.', 'human');
insert into card_set_white_card (card_set_id, white_card_id) values (141000, 141004);
insert into white_cards (id, text, watermark) values (141005, 'Forming a monogamous pairbond.', 'human');
insert into card_set_white_card (card_set_id, white_card_id) values (141000, 141005);
insert into white_cards (id, text, watermark) values (141006, 'Getting my butt trapped hilariously in a tuba.', 'human');
insert into card_set_white_card (card_set_id, white_card_id) values (141000, 141006);
insert into white_cards (id, text, watermark) values (141007, 'Getting sad for no reason.', 'human');
insert into card_set_white_card (card_set_id, white_card_id) values (141000, 141007);
insert into white_cards (id, text, watermark) values (141008, 'Good ol’ fashioned face-to-face conversation.', 'human');
insert into card_set_white_card (card_set_id, white_card_id) values (141000, 141008);
insert into white_cards (id, text, watermark) values (141009, 'Harnessing the power of steam!!!', 'human');
insert into card_set_white_card (card_set_id, white_card_id) values (141000, 141009);
insert into white_cards (id, text, watermark) values (141010, 'How good this cantaloupe feels on my penis.', 'human');
insert into card_set_white_card (card_set_id, white_card_id) values (141000, 141010);
insert into white_cards (id, text, watermark) values (141011, 'Just hangin’ out, ya know?', 'human');
insert into card_set_white_card (card_set_id, white_card_id) values (141000, 141011);
insert into white_cards (id, text, watermark) values (141012, 'Like 50 mosquito bites.', 'human');
insert into card_set_white_card (card_set_id, white_card_id) values (141000, 141012);
insert into white_cards (id, text, watermark) values (141013, 'Losing a loved one to Fox News.', 'human');
insert into card_set_white_card (card_set_id, white_card_id) values (141000, 141013);
insert into white_cards (id, text, watermark) values (141014, 'Really tall people.', 'human');
insert into card_set_white_card (card_set_id, white_card_id) values (141000, 141014);
insert into white_cards (id, text, watermark) values (141015, 'Saying “what’s that?” And then stealing a french fry.', 'human');
insert into card_set_white_card (card_set_id, white_card_id) values (141000, 141015);
insert into white_cards (id, text, watermark) values (141016, 'Sucking all the oil out of the planet and fucking off to Mars.', 'human');
insert into card_set_white_card (card_set_id, white_card_id) values (141000, 141016);
insert into white_cards (id, text, watermark) values (141017, 'The bomb strapped to my chest.', 'human');
insert into card_set_white_card (card_set_id, white_card_id) values (141000, 141017);
insert into white_cards (id, text, watermark) values (141018, 'The joy of song.', 'human');
insert into card_set_white_card (card_set_id, white_card_id) values (141000, 141018);
insert into white_cards (id, text, watermark) values (141019, 'The salmon.', 'human');
insert into card_set_white_card (card_set_id, white_card_id) values (141000, 141019);
insert into white_cards (id, text, watermark) values (141020, 'The unspeakable horrors of factory farming.', 'human');
insert into card_set_white_card (card_set_id, white_card_id) values (141000, 141020);
insert into white_cards (id, text, watermark) values (141021, 'The whole Jeffrey Epstein thing.', 'human');
insert into card_set_white_card (card_set_id, white_card_id) values (141000, 141021);
insert into white_cards (id, text, watermark) values (141022, 'This horrible thing called twitter.', 'human');
insert into card_set_white_card (card_set_id, white_card_id) values (141000, 141022);
insert into white_cards (id, text, watermark) values (141023, 'Three hours of pimple-popping videos.', 'human');
insert into card_set_white_card (card_set_id, white_card_id) values (141000, 141023);
insert into white_cards (id, text, watermark) values (141024, 'Unwelcome sexual attention from grown men.', 'human');
insert into card_set_white_card (card_set_id, white_card_id) values (141000, 141024);
insert into white_cards (id, text, watermark) values (141025, 'Using words to communicate.', 'human');
insert into card_set_white_card (card_set_id, white_card_id) values (141000, 141025);
insert into white_cards (id, text, watermark) values (141026, 'War with China.', 'human');
insert into card_set_white_card (card_set_id, white_card_id) values (141000, 141026);
insert into white_cards (id, text, watermark) values (141027, 'Watching the life drain from the eyes of my son’s killer.', 'human');
insert into card_set_white_card (card_set_id, white_card_id) values (141000, 141027);

insert into black_cards (id, text, draw, pick, watermark) values (141000, 'Do not go gentle into that good night. Rage, rage against ____?', '0', '1', 'human');
insert into card_set_black_card (card_set_id, black_card_id) values (141000, 141000);
insert into black_cards (id, text, draw, pick, watermark) values (141001, 'Sure, sex is great, but have you tried ____?', '0', '1', 'human');
insert into card_set_black_card (card_set_id, black_card_id) values (141000, 141001);

COMMIT;
