BEGIN;

delete from card_set_white_card where card_set_id = 150000;
delete from card_set_black_card where card_set_id = 150000;
delete from white_cards where id >= 150000 and id <= 150999;
delete from black_cards where id >= 150000 and id <= 150999;
delete from card_set where id=150000;

insert into card_set (id, active, name, base_deck, description, weight) values (150000, 't', 'PAX East + Prime 2014', 'f', 'Includes PAX East 2014 pack + the panel cards at both East and Prime', 999);

insert into white_cards (id, text, watermark) values (150000, 'A giant mechanical bird with a tragic backstory.', 'pax14');
insert into card_set_white_card (card_set_id, white_card_id) values (150000, 150000);
insert into white_cards (id, text, watermark) values (150001, 'A grumpy old Harrison Ford who''d rather be doing anything else.', 'pax14');
insert into card_set_white_card (card_set_id, white_card_id) values (150000, 150001);
insert into white_cards (id, text, watermark) values (150002, 'All of the good times and premium gaming entertainment available to you in the Kickstarter room.', 'pax14');
insert into card_set_white_card (card_set_id, white_card_id) values (150000, 150002);
insert into white_cards (id, text, watermark) values (150003, 'Attacking from Kamchatka.', 'pax14');
insert into card_set_white_card (card_set_id, white_card_id) values (150000, 150003);
insert into white_cards (id, text, watermark) values (150004, 'Collecting all seven power crystals.', 'pax14');
insert into card_set_white_card (card_set_id, white_card_id) values (150000, 150004);
insert into white_cards (id, text, watermark) values (150005, 'Demons and shit.', 'pax14');
insert into card_set_white_card (card_set_id, white_card_id) values (150000, 150005);
insert into white_cards (id, text, watermark) values (150006, 'Endless ninjas.', 'pax14');
insert into card_set_white_card (card_set_id, white_card_id) values (150000, 150006);
insert into white_cards (id, text, watermark) values (150007, 'Futuristic death sports.', 'pax14');
insert into card_set_white_card (card_set_id, white_card_id) values (150000, 150007);
insert into white_cards (id, text, watermark) values (150008, 'Getting bitten by a radioactive spider and then battling leukemia for 30 years.', 'pax14');
insert into card_set_white_card (card_set_id, white_card_id) values (150000, 150008);
insert into white_cards (id, text, watermark) values (150009, 'KHAAAAAAAAAN!', 'pax14');
insert into card_set_white_card (card_set_id, white_card_id) values (150000, 150009);
insert into white_cards (id, text, watermark) values (150010, 'Lagging out.', 'pax14');
insert into card_set_white_card (card_set_id, white_card_id) values (150000, 150010);
insert into white_cards (id, text, watermark) values (150011, 'Mistakenly hitting on a League of Legends statue.', 'pax14');
insert into card_set_white_card (card_set_id, white_card_id) values (150000, 150011);
insert into white_cards (id, text, watermark) values (150012, 'Separate drinking fountains for dark elves.', 'pax14');
insert into card_set_white_card (card_set_id, white_card_id) values (150000, 150012);
insert into white_cards (id, text, watermark) values (150013, 'Ser Jorah Mormont''s cerulean-blue balls.', 'pax14');
insert into card_set_white_card (card_set_id, white_card_id) values (150000, 150013);
insert into white_cards (id, text, watermark) values (150014, 'Stuffing my balls into a Sega Genesis and pressing the power button.', 'pax14');
insert into card_set_white_card (card_set_id, white_card_id) values (150000, 150014);
insert into white_cards (id, text, watermark) values (150015, 'Taking 2d6 emotional damage.', 'pax14');
insert into card_set_white_card (card_set_id, white_card_id) values (150000, 150015);
insert into white_cards (id, text, watermark) values (150016, 'The imagination of Peter Jackson.', 'pax14');
insert into card_set_white_card (card_set_id, white_card_id) values (150000, 150016);
insert into white_cards (id, text, watermark) values (150017, 'The old gods.', 'pax14');
insert into card_set_white_card (card_set_id, white_card_id) values (150000, 150017);
insert into white_cards (id, text, watermark) values (150018, 'The pure, Zen-like state that exists between micro and macro.', 'pax14');
insert into card_set_white_card (card_set_id, white_card_id) values (150000, 150018);
insert into white_cards (id, text, watermark) values (150019, 'The Star Wars universe.', 'pax14');
insert into card_set_white_card (card_set_id, white_card_id) values (150000, 150019);
insert into white_cards (id, text, watermark) values (150020, 'Whatever Final Fantasy bullshit happened this year.', 'pax14');
insert into card_set_white_card (card_set_id, white_card_id) values (150000, 150020);
insert into white_cards (id, text, watermark) values (150021, 'Xena, Warrior Princess.', 'pax14');
insert into card_set_white_card (card_set_id, white_card_id) values (150000, 150021);
insert into white_cards (id, text, watermark) values (150022, 'A floor that is literally made of lava.', 'pax14');
insert into card_set_white_card (card_set_id, white_card_id) values (150000, 150022);
insert into white_cards (id, text, watermark) values (150023, 'All this liquid in my mouth.', 'pax14');
insert into card_set_white_card (card_set_id, white_card_id) values (150000, 150023);
insert into white_cards (id, text, watermark) values (150024, 'Exciting content!', 'pax14');
insert into card_set_white_card (card_set_id, white_card_id) values (150000, 150024);
insert into white_cards (id, text, watermark) values (150025, 'Giving a dolphin a handjob for science.', 'pax14');
insert into card_set_white_card (card_set_id, white_card_id) values (150000, 150025);
insert into white_cards (id, text, watermark) values (150026, 'Hodor.', 'pax14');
insert into card_set_white_card (card_set_id, white_card_id) values (150000, 150026);
insert into white_cards (id, text, watermark) values (150027, 'Rubbing chocolate pudding all over Bill Cosby''s nipples.', 'pax14');
insert into card_set_white_card (card_set_id, white_card_id) values (150000, 150027);
insert into white_cards (id, text, watermark) values (150028, 'Stepping on a god damn friggin'' LEGO.', 'pax14');
insert into card_set_white_card (card_set_id, white_card_id) values (150000, 150028);
insert into white_cards (id, text, watermark) values (150029, 'What The Rock was really cooking.', 'pax14');
insert into card_set_white_card (card_set_id, white_card_id) values (150000, 150029);
insert into white_cards (id, text, watermark) values (150030, 'A neck beard that is 10% cheese.', 'pax14');
insert into card_set_white_card (card_set_id, white_card_id) values (150000, 150030);
insert into white_cards (id, text, watermark) values (150031, 'No survivors.', 'pax14');
insert into card_set_white_card (card_set_id, white_card_id) values (150000, 150031);
insert into white_cards (id, text, watermark) values (150032, 'Pelvic sorcery.', 'pax14');
insert into card_set_white_card (card_set_id, white_card_id) values (150000, 150032);
insert into white_cards (id, text, watermark) values (150033, 'Pooping as quietly as possible.', 'pax14');
insert into card_set_white_card (card_set_id, white_card_id) values (150000, 150033);
insert into white_cards (id, text, watermark) values (150034, 'The beautiful sport of Turkish oil wrestling.', 'pax14');
insert into card_set_white_card (card_set_id, white_card_id) values (150000, 150034);

insert into black_cards (id, text, draw, pick, watermark) values (150000, '____ is way better in ____ mode.', '1', '2', 'pax14');
insert into card_set_black_card (card_set_id, black_card_id) values (150000, 150000);
insert into black_cards (id, text, draw, pick, watermark) values (150001, '(Heavy breathing) Luke, I am ____.', '0', '1', 'pax14');
insert into card_set_black_card (card_set_id, black_card_id) values (150000, 150001);
insert into black_cards (id, text, draw, pick, watermark) values (150002, 'Unfortunately, Neo, no one can be told what ____ is. You have to see it for yourself.', '0', '1', 'pax14');
insert into card_set_black_card (card_set_id, black_card_id) values (150000, 150002);
insert into black_cards (id, text, draw, pick, watermark) values (150003, 'What the hell?! They added a 6/6 with flying, trample and ____.', '0', '1', 'pax14');
insert into card_set_black_card (card_set_id, black_card_id) values (150000, 150003);
insert into black_cards (id, text, draw, pick, watermark) values (150004, 'You think you have defeated me? Well, let''s see how you handle ____.', '0', '1', 'pax14');
insert into card_set_black_card (card_set_id, black_card_id) values (150000, 150004);
insert into black_cards (id, text, draw, pick, watermark) values (150005, '____ was totally worth the trauma.', '0', '1', 'pax14');
insert into card_set_black_card (card_set_id, black_card_id) values (150000, 150005);
insert into black_cards (id, text, draw, pick, watermark) values (150006, 'Let me tell you about my new startup. It''s basically ____, but for ____.', '1', '2', 'pax14');
insert into card_set_black_card (card_set_id, black_card_id) values (150000, 150006);
insert into black_cards (id, text, draw, pick, watermark) values (150007, 'Bob Ross''s little-known first show was called "The Joy of ____."', '0', '1', 'pax14');
insert into card_set_black_card (card_set_id, black_card_id) values (150000, 150007);
insert into black_cards (id, text, draw, pick, watermark) values (150008, 'Buzzfeed presents: 10 pictures of ____ that look like ____.', '1', '2', 'pax14');
insert into card_set_black_card (card_set_id, black_card_id) values (150000, 150008);
insert into black_cards (id, text, draw, pick, watermark) values (150009, 'During my first game of D&D, I accidentally summoned ____.', '0', '1', 'pax14');
insert into card_set_black_card (card_set_id, black_card_id) values (150000, 150009);
insert into black_cards (id, text, draw, pick, watermark) values (150010, 'Like ____, State Farm is there.', '0', '1', 'pax14');
insert into card_set_black_card (card_set_id, black_card_id) values (150000, 150010);
insert into black_cards (id, text, draw, pick, watermark) values (150011, 'The Discovery Channel presents: ____ week.', '0', '1', 'pax14');
insert into card_set_black_card (card_set_id, black_card_id) values (150000, 150011);

COMMIT;
