BEGIN;

delete from card_set_white_card where card_set_id = 149000;
delete from card_set_black_card where card_set_id = 149000;
delete from white_cards where id >= 149000 and id <= 149999;
delete from black_cards where id >= 149000 and id <= 149999;
delete from card_set where id=149000;

insert into card_set (id, active, name, base_deck, description, weight) values (149000, 't', 'PAX East and Prim 2013', 'f', 'PAX East Packs A, B, and C + PAX Prime packs given away in 2013', 999);

insert into white_cards (id, text, watermark) values (149000, 'An immediately regrettable $9 hot dog from the Boston Convention Center.', 'pax13');
insert into card_set_white_card (card_set_id, white_card_id) values (149000, 149000);
insert into white_cards (id, text, watermark) values (149001, 'Casting Magic Missile at a bully.', 'pax13');
insert into card_set_white_card (card_set_id, white_card_id) values (149000, 149001);
insert into white_cards (id, text, watermark) values (149002, 'Firefly: Season 2.', 'pax13');
insert into card_set_white_card (card_set_id, white_card_id) values (149000, 149002);
insert into white_cards (id, text, watermark) values (149003, 'Getting bitch slapped by Dhalsim.', 'pax13');
insert into card_set_white_card (card_set_id, white_card_id) values (149000, 149003);
insert into white_cards (id, text, watermark) values (149004, 'Jiggle physics.', 'pax13');
insert into card_set_white_card (card_set_id, white_card_id) values (149000, 149004);
insert into white_cards (id, text, watermark) values (149005, 'Paying the iron price.', 'pax13');
insert into card_set_white_card (card_set_id, white_card_id) values (149000, 149005);
insert into white_cards (id, text, watermark) values (149006, 'Rotating shapes in mid-air so that they fit into other shapes when they fall.', 'pax13');
insert into card_set_white_card (card_set_id, white_card_id) values (149000, 149006);
insert into white_cards (id, text, watermark) values (149007, 'Running out of stamina.', 'pax13');
insert into card_set_white_card (card_set_id, white_card_id) values (149000, 149007);
insert into white_cards (id, text, watermark) values (149008, 'Getting inside the Horadric Cube with a hot babe and pressing the transmute button.', 'pax13');
insert into card_set_white_card (card_set_id, white_card_id) values (149000, 149008);
insert into white_cards (id, text, watermark) values (149009, 'Loading from a previous save.', 'pax13');
insert into card_set_white_card (card_set_id, white_card_id) values (149000, 149009);
insert into white_cards (id, text, watermark) values (149010, 'Punching a tree to gather wood.', 'pax13');
insert into card_set_white_card (card_set_id, white_card_id) values (149000, 149010);
insert into white_cards (id, text, watermark) values (149011, 'Sharpening a foam broadsword on a foam whetstone.', 'pax13');
insert into card_set_white_card (card_set_id, white_card_id) values (149000, 149011);
insert into white_cards (id, text, watermark) values (149012, 'Spending the year''s insulin budget on Warhammer 40k figurines.', 'pax13');
insert into card_set_white_card (card_set_id, white_card_id) values (149000, 149012);
insert into white_cards (id, text, watermark) values (149013, 'The depression that ensues after catching ''em all.', 'pax13');
insert into card_set_white_card (card_set_id, white_card_id) values (149000, 149013);
insert into white_cards (id, text, watermark) values (149014, 'The rocket launcher.', 'pax13');
insert into card_set_white_card (card_set_id, white_card_id) values (149000, 149014);
insert into white_cards (id, text, watermark) values (149015, 'Violating the First Law of Robotics.', 'pax13');
insert into card_set_white_card (card_set_id, white_card_id) values (149000, 149015);
insert into white_cards (id, text, watermark) values (149016, 'Achieving 500 actions per minute.', 'pax13');
insert into card_set_white_card (card_set_id, white_card_id) values (149000, 149016);
insert into white_cards (id, text, watermark) values (149017, 'Charging up all the way.', 'pax13');
insert into card_set_white_card (card_set_id, white_card_id) values (149000, 149017);
insert into white_cards (id, text, watermark) values (149018, 'Forgetting to eat, and consequently dying.', 'pax13');
insert into card_set_white_card (card_set_id, white_card_id) values (149000, 149018);
insert into white_cards (id, text, watermark) values (149019, 'Judging elves by the color of their skin and not by the content of their character.', 'pax13');
insert into card_set_white_card (card_set_id, white_card_id) values (149000, 149019);
insert into white_cards (id, text, watermark) values (149020, 'Smashing all the pottery in a Pottery Barn in search of rupees.', 'pax13');
insert into card_set_white_card (card_set_id, white_card_id) values (149000, 149020);
insert into white_cards (id, text, watermark) values (149021, 'The Klobb.', 'pax13');
insert into card_set_white_card (card_set_id, white_card_id) values (149000, 149021);
insert into white_cards (id, text, watermark) values (149022, 'Vespene gas.', 'pax13');
insert into card_set_white_card (card_set_id, white_card_id) values (149000, 149022);
insert into white_cards (id, text, watermark) values (149023, 'Wil Wheaton crashing an actual spaceship.', 'pax13');
insert into card_set_white_card (card_set_id, white_card_id) values (149000, 149023);
insert into white_cards (id, text, watermark) values (149024, '70,000 gamers sweating and farting inside an airtight steel dome.', 'pax13');
insert into card_set_white_card (card_set_id, white_card_id) values (149000, 149024);
insert into white_cards (id, text, watermark) values (149025, 'A fully-dressed female videogame character.', 'pax13');
insert into card_set_white_card (card_set_id, white_card_id) values (149000, 149025);
insert into white_cards (id, text, watermark) values (149026, 'A homemade, cum-stained Star Trek uniform.', 'pax13');
insert into card_set_white_card (card_set_id, white_card_id) values (149000, 149026);
insert into white_cards (id, text, watermark) values (149027, 'A madman who lives in a policebox and kidnaps women.', 'pax13');
insert into card_set_white_card (card_set_id, white_card_id) values (149000, 149027);
insert into white_cards (id, text, watermark) values (149028, 'Achieving the manual dexterity and tactical brilliance of a 12-year-old Korean boy.', 'pax13');
insert into card_set_white_card (card_set_id, white_card_id) values (149000, 149028);
insert into white_cards (id, text, watermark) values (149029, 'Allowing nacho cheese to curdle in your beard while you creep in League of Legends.', 'pax13');
insert into card_set_white_card (card_set_id, white_card_id) values (149000, 149029);
insert into white_cards (id, text, watermark) values (149030, 'An angry stone head that stomps on the floor every three seconds.', 'pax13');
insert into card_set_white_card (card_set_id, white_card_id) values (149000, 149030);
insert into white_cards (id, text, watermark) values (149031, 'Being an attractive elf trapped in an unattractive human''s body.', 'pax13');
insert into card_set_white_card (card_set_id, white_card_id) values (149000, 149031);
insert into white_cards (id, text, watermark) values (149032, 'Bowser''s aching heart.', 'pax13');
insert into card_set_white_card (card_set_id, white_card_id) values (149000, 149032);
insert into white_cards (id, text, watermark) values (149033, 'Buying virtual clothes for a Sim family instead of real clothes for a real family.', 'pax13');
insert into card_set_white_card (card_set_id, white_card_id) values (149000, 149033);
insert into white_cards (id, text, watermark) values (149034, 'Charles Barkley Shut Up and Jam!', 'pax13');
insert into card_set_white_card (card_set_id, white_card_id) values (149000, 149034);
insert into white_cards (id, text, watermark) values (149035, 'Eating a pizza that''s lying in the street to gain health.', 'pax13');
insert into card_set_white_card (card_set_id, white_card_id) values (149000, 149035);
insert into white_cards (id, text, watermark) values (149036, 'Filling every pouch of a UtiliKilt™ with pizza.', 'pax13');
insert into card_set_white_card (card_set_id, white_card_id) values (149000, 149036);
insert into white_cards (id, text, watermark) values (149037, 'Full HD.', 'pax13');
insert into card_set_white_card (card_set_id, white_card_id) values (149000, 149037);
insert into white_cards (id, text, watermark) values (149038, 'Getting into a situation with an owlbear.', 'pax13');
insert into card_set_white_card (card_set_id, white_card_id) values (149000, 149038);
insert into white_cards (id, text, watermark) values (149039, 'Google Glass + e-cigarette: Ultimate Combo!', 'pax13');
insert into card_set_white_card (card_set_id, white_card_id) values (149000, 149039);
insert into white_cards (id, text, watermark) values (149040, 'Grand Theft Auto: Fort Lauderdale.', 'pax13');
insert into card_set_white_card (card_set_id, white_card_id) values (149000, 149040);
insert into white_cards (id, text, watermark) values (149041, 'Legendary Creature - Robert Khoo.', 'pax13');
insert into card_set_white_card (card_set_id, white_card_id) values (149000, 149041);
insert into white_cards (id, text, watermark) values (149042, 'Mario Kart rage.', 'pax13');
insert into card_set_white_card (card_set_id, white_card_id) values (149000, 149042);
insert into white_cards (id, text, watermark) values (149043, 'Never watching, discussing, or thinking about My Little Pony.', 'pax13');
insert into card_set_white_card (card_set_id, white_card_id) values (149000, 149043);
insert into white_cards (id, text, watermark) values (149044, 'Nude-modding Super Mario World.', 'pax13');
insert into card_set_white_card (card_set_id, white_card_id) values (149000, 149044);
insert into white_cards (id, text, watermark) values (149045, 'Offering sexual favors for an ore and a sheep.', 'pax13');
insert into card_set_white_card (card_set_id, white_card_id) values (149000, 149045);
insert into white_cards (id, text, watermark) values (149046, 'Reading the comments.', 'pax13');
insert into card_set_white_card (card_set_id, white_card_id) values (149000, 149046);
insert into white_cards (id, text, watermark) values (149047, 'Rolling a D20 to save a failing marriage.', 'pax13');
insert into card_set_white_card (card_set_id, white_card_id) values (149000, 149047);
insert into white_cards (id, text, watermark) values (149048, 'SNES cartridge cleaning fluid.', 'pax13');
insert into card_set_white_card (card_set_id, white_card_id) values (149000, 149048);
insert into white_cards (id, text, watermark) values (149049, 'Tapping Serra Angel.', 'pax13');
insert into card_set_white_card (card_set_id, white_card_id) values (149000, 149049);
insert into white_cards (id, text, watermark) values (149050, 'Temporary invincibility.', 'pax13');
insert into card_set_white_card (card_set_id, white_card_id) values (149000, 149050);
insert into white_cards (id, text, watermark) values (149051, 'The boner hatch in the Iron Man suit.', 'pax13');
insert into card_set_white_card (card_set_id, white_card_id) values (149000, 149051);
insert into white_cards (id, text, watermark) values (149052, 'The Cock Ring of Alacrity.', 'pax13');
insert into card_set_white_card (card_set_id, white_card_id) values (149000, 149052);
insert into white_cards (id, text, watermark) values (149053, 'The collective wail of every Magic player suddenly realizing that they''ve spent hundreds of dollars on pieces of cardboard.', 'pax13');
insert into card_set_white_card (card_set_id, white_card_id) values (149000, 149053);
insert into white_cards (id, text, watermark) values (149054, 'The decade of legal inquests following a single hour of Grand Theft Auto.', 'pax13');
insert into card_set_white_card (card_set_id, white_card_id) values (149000, 149054);
insert into white_cards (id, text, watermark) values (149055, 'The gravity gun.', 'pax13');
insert into card_set_white_card (card_set_id, white_card_id) values (149000, 149055);
insert into white_cards (id, text, watermark) values (149056, 'The Sarlacc.', 'pax13');
insert into card_set_white_card (card_set_id, white_card_id) values (149000, 149056);
insert into white_cards (id, text, watermark) values (149057, 'Turn-of-the-century sky racists.', 'pax13');
insert into card_set_white_card (card_set_id, white_card_id) values (149000, 149057);
insert into white_cards (id, text, watermark) values (149058, 'Unlocking a new sex position.', 'pax13');
insert into card_set_white_card (card_set_id, white_card_id) values (149000, 149058);
insert into white_cards (id, text, watermark) values (149059, 'Winning the approval of Cooking Mama that you never got from actual mama.', 'pax13');
insert into card_set_white_card (card_set_id, white_card_id) values (149000, 149059);
insert into white_cards (id, text, watermark) values (149060, 'Yoshi''s huge egg-laying cloaca.', 'pax13');
insert into card_set_white_card (card_set_id, white_card_id) values (149000, 149060);

insert into black_cards (id, text, draw, pick, watermark) values (149000, 'I have an idea even better than Kickstarter, and it''s called ______starter.', '0', '1', 'pax13');
insert into card_set_black_card (card_set_id, black_card_id) values (149000, 149000);
insert into black_cards (id, text, draw, pick, watermark) values (149001, 'You have been waylaid by ____ and must defend yourself.', '0', '1', 'pax13');
insert into card_set_black_card (card_set_id, black_card_id) values (149000, 149001);
insert into black_cards (id, text, draw, pick, watermark) values (149002, 'Action stations! Action stations! Set condition one throughout the fleet and brace for ____!', '0', '1', 'pax13');
insert into card_set_black_card (card_set_id, black_card_id) values (149000, 149002);
insert into black_cards (id, text, draw, pick, watermark) values (149003, 'In the final round of this year''s Omegathon, Omeganauts must face off in a game of ____.', '0', '1', 'pax13');
insert into card_set_black_card (card_set_id, black_card_id) values (149000, 149003);
insert into black_cards (id, text, draw, pick, watermark) values (149004, 'I don''t know exactly how I got the PAX plague, but I suspect it had something to do with ____.', '0', '1', 'pax13');
insert into card_set_black_card (card_set_id, black_card_id) values (149000, 149004);
insert into black_cards (id, text, draw, pick, watermark) values (149005, 'Press ↓ ↓ ← → B to unleash ____.', '0', '1', 'pax13');
insert into card_set_black_card (card_set_id, black_card_id) values (149000, 149005);
insert into black_cards (id, text, draw, pick, watermark) values (149006, '____: Achievement unlocked.', '0', '1', 'pax13');
insert into card_set_black_card (card_set_id, black_card_id) values (149000, 149006);
insert into black_cards (id, text, draw, pick, watermark) values (149007, 'In the new DLC for Mass Effect, Shepard must save the galaxy from ____.', '0', '1', 'pax13');
insert into card_set_black_card (card_set_id, black_card_id) values (149000, 149007);
insert into black_cards (id, text, draw, pick, watermark) values (149008, 'No Enforcer wants to manage the panel on ____.', '0', '1', 'pax13');
insert into card_set_black_card (card_set_id, black_card_id) values (149000, 149008);
insert into black_cards (id, text, draw, pick, watermark) values (149009, 'The most controversial game at PAX this year is an 8-bit indie platformer about ____.', '0', '1', 'pax13');
insert into card_set_black_card (card_set_id, black_card_id) values (149000, 149009);
insert into black_cards (id, text, draw, pick, watermark) values (149010, 'There was a riot at the Gearbox panel when they gave the attendees ____.', '0', '1', 'pax13');
insert into card_set_black_card (card_set_id, black_card_id) values (149000, 149010);
insert into black_cards (id, text, draw, pick, watermark) values (149011, 'What made Spock cry?', '0', '1', 'pax13');
insert into card_set_black_card (card_set_id, black_card_id) values (149000, 149011);
insert into black_cards (id, text, draw, pick, watermark) values (149012, 'What''s the latest bullshit that''s troubling this quaint fantasy town?', '0', '1', 'pax13');
insert into card_set_black_card (card_set_id, black_card_id) values (149000, 149012);

COMMIT;
