BEGIN;

delete from card_set_white_card where card_set_id = 151000;
delete from card_set_black_card where card_set_id = 151000;
delete from white_cards where id >= 151000 and id <= 151999;
delete from black_cards where id >= 151000 and id <= 151999;
delete from card_set where id=151000;

insert into card_set (id, active, name, base_deck, description, weight) values (151000, 't', 'PAX Prime 2015 Food Packs', 'f', 'Includes Food Packs A, B, and C from PAX Prime 2015', 999);

insert into white_cards (id, text, watermark) values (151000, 'A sobering quantity of chili cheese fries.', 'pax15');
insert into card_set_white_card (card_set_id, white_card_id) values (151000, 151000);
insert into white_cards (id, text, watermark) values (151001, 'Going vegetarian and feeling so great all the time.', 'pax15');
insert into card_set_white_card (card_set_id, white_card_id) values (151000, 151001);
insert into white_cards (id, text, watermark) values (151002, 'Kale farts.', 'pax15');
insert into card_set_white_card (card_set_id, white_card_id) values (151000, 151002);
insert into white_cards (id, text, watermark) values (151003, 'Licking the cake batter off of grandma’s fingers.', 'pax15');
insert into card_set_white_card (card_set_id, white_card_id) values (151000, 151003);
insert into white_cards (id, text, watermark) values (151004, 'Real cheese flavor.', 'pax15');
insert into card_set_white_card (card_set_id, white_card_id) values (151000, 151004);
insert into white_cards (id, text, watermark) values (151005, 'Swishing the wine around and sniffing it like a big fancy man.', 'pax15');
insert into card_set_white_card (card_set_id, white_card_id) values (151000, 151005);
insert into white_cards (id, text, watermark) values (151006, 'The Dial-A-Slice Apple Divider from Williams-Sonoma.', 'pax15');
insert into card_set_white_card (card_set_id, white_card_id) values (151000, 151006);
insert into white_cards (id, text, watermark) values (151007, 'What to do with all of this chocolate on my penis.', 'pax15');
insert into card_set_white_card (card_set_id, white_card_id) values (151000, 151007);
insert into white_cards (id, text, watermark) values (151008, 'A belly full of hard-boiled eggs.', 'pax15');
insert into card_set_white_card (card_set_id, white_card_id) values (151000, 151008);
insert into white_cards (id, text, watermark) values (151009, 'A joyless vegan patty.', 'pax15');
insert into card_set_white_card (card_set_id, white_card_id) values (151000, 151009);
insert into white_cards (id, text, watermark) values (151010, 'A table for one at The Cheesecake Factory.', 'pax15');
insert into card_set_white_card (card_set_id, white_card_id) values (151000, 151010);
insert into white_cards (id, text, watermark) values (151011, 'Being emotionally and physically dominated by Gordon Ramsay.', 'pax15');
insert into card_set_white_card (card_set_id, white_card_id) values (151000, 151011);
insert into white_cards (id, text, watermark) values (151012, 'Kevin Bacon Bits.', 'pax15');
insert into card_set_white_card (card_set_id, white_card_id) values (151000, 151012);
insert into white_cards (id, text, watermark) values (151013, 'Not knowing what to believe anymore about butter.', 'pax15');
insert into card_set_white_card (card_set_id, white_card_id) values (151000, 151013);
insert into white_cards (id, text, watermark) values (151014, 'Soup that''s better than pussy.', 'pax15');
insert into card_set_white_card (card_set_id, white_card_id) values (151000, 151014);
insert into white_cards (id, text, watermark) values (151015, 'Sucking down thousands of pounds of krill every day.', 'pax15');
insert into card_set_white_card (card_set_id, white_card_id) values (151000, 151015);
insert into white_cards (id, text, watermark) values (151016, 'A Mexican child trapped inside of a burrito.', 'pax15');
insert into card_set_white_card (card_set_id, white_card_id) values (151000, 151016);
insert into white_cards (id, text, watermark) values (151017, 'Clamping down on a gazelle’s jugular and tasting its warm life waters.', 'pax15');
insert into card_set_white_card (card_set_id, white_card_id) values (151000, 151017);
insert into white_cards (id, text, watermark) values (151018, 'Committing suicide at the Old Country Buffet.', 'pax15');
insert into card_set_white_card (card_set_id, white_card_id) values (151000, 151018);
insert into white_cards (id, text, watermark) values (151019, 'Father’s forbidden chocolates.', 'pax15');
insert into card_set_white_card (card_set_id, white_card_id) values (151000, 151019);
insert into white_cards (id, text, watermark) values (151020, 'Jizz Twinkies.', 'pax15');
insert into card_set_white_card (card_set_id, white_card_id) values (151000, 151020);
insert into white_cards (id, text, watermark) values (151021, 'The Hellman’s Mayonnaise Corporation.', 'pax15');
insert into card_set_white_card (card_set_id, white_card_id) values (151000, 151021);
insert into white_cards (id, text, watermark) values (151022, 'The hot dog I put in my vagina ten days ago.', 'pax15');
insert into card_set_white_card (card_set_id, white_card_id) values (151000, 151022);
insert into white_cards (id, text, watermark) values (151023, 'The inaudible screams of carrots.', 'pax15');
insert into card_set_white_card (card_set_id, white_card_id) values (151000, 151023);

insert into black_cards (id, text, draw, pick, watermark) values (151000, 'I’m Bobby Flay, and if you can’t stand ____, get out of the kitchen!', '0', '1', 'pax15');
insert into card_set_black_card (card_set_id, black_card_id) values (151000, 151000);
insert into black_cards (id, text, draw, pick, watermark) values (151001, '"It’s not delivery. It’s ____."', '0', '1', 'pax15');
insert into card_set_black_card (card_set_id, black_card_id) values (151000, 151001);
insert into black_cards (id, text, draw, pick, watermark) values (151002, 'Aw babe, your burps smell like ____!', '0', '1', 'pax15');
insert into card_set_black_card (card_set_id, black_card_id) values (151000, 151002);
insert into black_cards (id, text, draw, pick, watermark) values (151003, 'Don''t miss Rachel Ray''s hit new show, Cooking with ____.', '0', '1', 'pax15');
insert into card_set_black_card (card_set_id, black_card_id) values (151000, 151003);
insert into black_cards (id, text, draw, pick, watermark) values (151004, 'Excuse me, waiter. Could take this back? This soup tastes like ____.', '0', '1', 'pax15');
insert into card_set_black_card (card_set_id, black_card_id) values (151000, 151004);
insert into black_cards (id, text, draw, pick, watermark) values (151005, 'Now on Netflix: Jiro Dreams of ____.', '0', '1', 'pax15');
insert into card_set_black_card (card_set_id, black_card_id) values (151000, 151005);

COMMIT;
