BEGIN;

delete from card_set_white_card where card_set_id = 156000;
delete from card_set_black_card where card_set_id = 156000;
delete from white_cards where id >= 156000 and id <= 156999;
delete from black_cards where id >= 156000 and id <= 156999;
delete from card_set where id=156000;

insert into card_set (id, active, name, base_deck, description, weight) values (156000, 't', 'Pride Pack', 'f', 'It''s Pride Month, the time of year when companies put a rainbow on their products', 999);

insert into white_cards (id, text, watermark) values (156000, '30 shirtless bears emerging from the fog.', 'pride');
insert into card_set_white_card (card_set_id, white_card_id) values (156000, 156000);
insert into white_cards (id, text, watermark) values (156001, 'A 6-hour conversation on gender and queer theory.', 'pride');
insert into card_set_white_card (card_set_id, white_card_id) values (156000, 156001);
insert into white_cards (id, text, watermark) values (156002, 'A big black dick strapped to a frail white body.', 'pride');
insert into card_set_white_card (card_set_id, white_card_id) values (156000, 156002);
insert into white_cards (id, text, watermark) values (156003, 'A genderless hole.', 'pride');
insert into card_set_white_card (card_set_id, white_card_id) values (156000, 156003);
insert into white_cards (id, text, watermark) values (156004, 'A messy bitch who lives for drama.', 'pride');
insert into card_set_white_card (card_set_id, white_card_id) values (156000, 156004);
insert into white_cards (id, text, watermark) values (156005, 'A Subaru.', 'pride');
insert into card_set_white_card (card_set_id, white_card_id) values (156000, 156005);
insert into white_cards (id, text, watermark) values (156006, 'A twink in a bounce house.', 'pride');
insert into card_set_white_card (card_set_id, white_card_id) values (156000, 156006);
insert into white_cards (id, text, watermark) values (156007, 'All the different kinds of lesbians.', 'pride');
insert into card_set_white_card (card_set_id, white_card_id) values (156000, 156007);
insert into white_cards (id, text, watermark) values (156008, 'Black, white, Puerto Rican, and Chinese boys.', 'pride');
insert into card_set_white_card (card_set_id, white_card_id) values (156000, 156008);
insert into white_cards (id, text, watermark) values (156009, 'Britney, bitch!', 'pride');
insert into card_set_white_card (card_set_id, white_card_id) values (156000, 156009);
insert into white_cards (id, text, watermark) values (156010, 'Getting your ass ate.', 'pride');
insert into card_set_white_card (card_set_id, white_card_id) values (156000, 156010);
insert into white_cards (id, text, watermark) values (156011, 'Having your titties sucked while sucking on titties.', 'pride');
insert into card_set_white_card (card_set_id, white_card_id) values (156000, 156011);
insert into white_cards (id, text, watermark) values (156012, 'Licking that pussy right.', 'pride');
insert into card_set_white_card (card_set_id, white_card_id) values (156000, 156012);
insert into white_cards (id, text, watermark) values (156013, 'Marsha P. Johnson, the trans woman of color who may have thrown the first brick at Stonewall.', 'pride');
insert into card_set_white_card (card_set_id, white_card_id) values (156000, 156013);
insert into white_cards (id, text, watermark) values (156014, 'Older fitness gays.', 'pride');
insert into card_set_white_card (card_set_id, white_card_id) values (156000, 156014);
insert into white_cards (id, text, watermark) values (156015, 'Peeing in a bathroom.', 'pride');
insert into card_set_white_card (card_set_id, white_card_id) values (156000, 156015);
insert into white_cards (id, text, watermark) values (156016, 'Poppers and lube.', 'pride');
insert into card_set_white_card (card_set_id, white_card_id) values (156000, 156016);
insert into white_cards (id, text, watermark) values (156017, 'PrEP.', 'pride');
insert into card_set_white_card (card_set_id, white_card_id) values (156000, 156017);
insert into white_cards (id, text, watermark) values (156018, 'Repeatedly coming out as bisexual.', 'pride');
insert into card_set_white_card (card_set_id, white_card_id) values (156000, 156018);
insert into white_cards (id, text, watermark) values (156019, 'Talking, laughing, loving, breathing, fighting, fucking, crying, drinking, riding, winning, losing, cheating, kissing, thinking, dreaming.', 'pride');
insert into card_set_white_card (card_set_id, white_card_id) values (156000, 156019);
insert into white_cards (id, text, watermark) values (156020, 'Telling Heather she can''t pull off that top.', 'pride');
insert into card_set_white_card (card_set_id, white_card_id) values (156000, 156020);
insert into white_cards (id, text, watermark) values (156021, 'The careless cunt who left a water ring on my credenza.', 'pride');
insert into card_set_white_card (card_set_id, white_card_id) values (156000, 156021);
insert into white_cards (id, text, watermark) values (156022, 'The pan-ethnic, gender-fluid children of the future.', 'pride');
insert into card_set_white_card (card_set_id, white_card_id) values (156000, 156022);
insert into white_cards (id, text, watermark) values (156023, 'Those cheekbones, honey.', 'pride');
insert into card_set_white_card (card_set_id, white_card_id) values (156000, 156023);
insert into white_cards (id, text, watermark) values (156024, 'Whatever straight people do for fun.', 'pride');
insert into card_set_white_card (card_set_id, white_card_id) values (156000, 156024);

insert into black_cards (id, text, draw, pick, watermark) values (156000, 'Excuse me, straight man, but ____ isn''t for you, STRAIGHT MAN.', '0', '1', 'pride');
insert into card_set_black_card (card_set_id, black_card_id) values (156000, 156000);
insert into black_cards (id, text, draw, pick, watermark) values (156001, 'GOD HATES ____!', '0', '1', 'pride');
insert into card_set_black_card (card_set_id, black_card_id) values (156000, 156001);
insert into black_cards (id, text, draw, pick, watermark) values (156002, 'If you can''t love yourself, how the hell you gonna love ____?', '0', '1', 'pride');
insert into card_set_black_card (card_set_id, black_card_id) values (156000, 156002);
insert into black_cards (id, text, draw, pick, watermark) values (156003, 'We''re here! We''re ____! Get used to it!', '0', '1', 'pride');
insert into card_set_black_card (card_set_id, black_card_id) values (156000, 156003);
insert into black_cards (id, text, draw, pick, watermark) values (156004, 'YAAAAAAS! You are serving me ____ realness!', '0', '1', 'pride');
insert into card_set_black_card (card_set_id, black_card_id) values (156000, 156004);

COMMIT;
