BEGIN;

delete from card_set_white_card where card_set_id = 153000;
delete from card_set_black_card where card_set_id = 153000;
delete from white_cards where id >= 153000 and id <= 153999;
delete from black_cards where id >= 153000 and id <= 153999;
delete from card_set where id=153000;

insert into card_set (id, active, name, base_deck, description, weight) values (153000, 't', 'Science Pack', 'f', 'The Science Pack is a pack about the hit system of knowledge known worldwide as science', 999);

insert into white_cards (id, text, watermark) values (153000, '3.7 billion years of evolution.', 'sci');
insert into card_set_white_card (card_set_id, white_card_id) values (153000, 153000);
insert into white_cards (id, text, watermark) values (153001, 'A 0.7 waist-to-hip ratio.', 'sci');
insert into card_set_white_card (card_set_id, white_card_id) values (153000, 153001);
insert into white_cards (id, text, watermark) values (153002, 'A supermassive black hole.', 'sci');
insert into card_set_white_card (card_set_id, white_card_id) values (153000, 153002);
insert into white_cards (id, text, watermark) values (153003, 'Achieving reproductive success.', 'sci');
insert into card_set_white_card (card_set_id, white_card_id) values (153000, 153003);
insert into white_cards (id, text, watermark) values (153004, 'Being knowledgeable in a narrow domain that nobody understands or cares about.', 'sci');
insert into card_set_white_card (card_set_id, white_card_id) values (153000, 153004);
insert into white_cards (id, text, watermark) values (153005, 'David Attenborough watching us mate.', 'sci');
insert into card_set_white_card (card_set_id, white_card_id) values (153000, 153005);
insert into white_cards (id, text, watermark) values (153006, 'Developing secondary sex characteristics.', 'sci');
insert into card_set_white_card (card_set_id, white_card_id) values (153000, 153006);
insert into white_cards (id, text, watermark) values (153007, 'Driving into a tornado to learn about tornadoes.', 'sci');
insert into card_set_white_card (card_set_id, white_card_id) values (153000, 153007);
insert into white_cards (id, text, watermark) values (153008, 'Electroejaculating a capuchin monkey.', 'sci');
insert into card_set_white_card (card_set_id, white_card_id) values (153000, 153008);
insert into white_cards (id, text, watermark) values (153009, 'Evolving a labyrinthine vagina.', 'sci');
insert into card_set_white_card (card_set_id, white_card_id) values (153000, 153009);
insert into white_cards (id, text, watermark) values (153010, 'Explosive decompression.', 'sci');
insert into card_set_white_card (card_set_id, white_card_id) values (153000, 153010);
insert into white_cards (id, text, watermark) values (153011, 'Failing the Turing test.', 'sci');
insert into card_set_white_card (card_set_id, white_card_id) values (153000, 153011);
insert into white_cards (id, text, watermark) values (153012, 'Fun and interesting facts about rocks.', 'sci');
insert into card_set_white_card (card_set_id, white_card_id) values (153000, 153012);
insert into white_cards (id, text, watermark) values (153013, 'Getting really worried about global warming for a few seconds.', 'sci');
insert into card_set_white_card (card_set_id, white_card_id) values (153000, 153013);
insert into white_cards (id, text, watermark) values (153014, 'Infinity.', 'sci');
insert into card_set_white_card (card_set_id, white_card_id) values (153000, 153014);
insert into white_cards (id, text, watermark) values (153015, 'Insufficient serotonin.', 'sci');
insert into card_set_white_card (card_set_id, white_card_id) values (153000, 153015);
insert into white_cards (id, text, watermark) values (153016, 'Oxytocin release via manual stimulation of the nipples.', 'sci');
insert into card_set_white_card (card_set_id, white_card_id) values (153000, 153016);
insert into white_cards (id, text, watermark) values (153017, 'Photosynthesis.', 'sci');
insert into card_set_white_card (card_set_id, white_card_id) values (153000, 153017);
insert into white_cards (id, text, watermark) values (153018, 'Reconciling quantum theory with general relativity.', 'sci');
insert into card_set_white_card (card_set_id, white_card_id) values (153000, 153018);
insert into white_cards (id, text, watermark) values (153019, 'Slowly evaporating.', 'sci');
insert into card_set_white_card (card_set_id, white_card_id) values (153000, 153019);
insert into white_cards (id, text, watermark) values (153020, 'The quiet majesty of the sea turtle.', 'sci');
insert into card_set_white_card (card_set_id, white_card_id) values (153000, 153020);
insert into white_cards (id, text, watermark) values (153021, 'The Sun engulfing the Earth.', 'sci');
insert into card_set_white_card (card_set_id, white_card_id) values (153000, 153021);
insert into white_cards (id, text, watermark) values (153022, 'Uranus.', 'sci');
insert into card_set_white_card (card_set_id, white_card_id) values (153000, 153022);

insert into black_cards (id, text, draw, pick, watermark) values (153000, 'A study published in Nature this week found that ____ is good for you in small doses.', '0', '1', 'sci');
insert into card_set_black_card (card_set_id, black_card_id) values (153000, 153000);
insert into black_cards (id, text, draw, pick, watermark) values (153001, 'Hey there, Young Scientists! Put on your labcoats and strap on your safety goggles, because today we''re learning about ____!', '0', '1', 'sci');
insert into card_set_black_card (card_set_id, black_card_id) values (153000, 153001);
insert into black_cards (id, text, draw, pick, watermark) values (153002, 'In an attempt to recreate conditions just after the Big Bang, physicists at the LHC are observing collisions between ____ and ____.', '1', '2', 'sci');
insert into card_set_black_card (card_set_id, black_card_id) values (153000, 153002);
insert into black_cards (id, text, draw, pick, watermark) values (153003, 'In line with our predictions, we find a robust correlation between ____ and ____ (p<.05).', '1', '2', 'sci');
insert into card_set_black_card (card_set_id, black_card_id) values (153000, 153003);
insert into black_cards (id, text, draw, pick, watermark) values (153004, 'In what''s being hailed as a major breakthrough, scientists have synthesized ____ in the lab.', '0', '1', 'sci');
insert into card_set_black_card (card_set_id, black_card_id) values (153000, 153004);
insert into black_cards (id, text, draw, pick, watermark) values (153005, 'Today on Mythbusters, we found out how long ____ can withstand ____.', '1', '2', 'sci');
insert into card_set_black_card (card_set_id, black_card_id) values (153000, 153005);
insert into black_cards (id, text, draw, pick, watermark) values (153006, 'What really killed the dinosaurs?', '0', '1', 'sci');
insert into card_set_black_card (card_set_id, black_card_id) values (153000, 153006);

COMMIT;
