BEGIN;

delete from card_set_white_card where card_set_id = 152000;
delete from card_set_black_card where card_set_id = 152000;
delete from white_cards where id >= 152000 and id <= 152999;
delete from black_cards where id >= 152000 and id <= 152999;
delete from card_set where id=152000;

insert into card_set (id, active, name, base_deck, description, weight) values (152000, 't', 'Sci-Fi Pack', 'f', '30 cards about what will happen when humanity goes too far with technology', 999);

insert into white_cards (id, text, watermark) values (152000, 'https://i.imgur.com/G4F31vG.jpeg', 'scifi');
insert into card_set_white_card (card_set_id, white_card_id) values (152000, 152000);
insert into white_cards (id, text, watermark) values (152001, '[A picture of Sean Connery in the movie Zardoz]', 'scifi');
insert into card_set_white_card (card_set_id, white_card_id) values (152000, 152001);
insert into white_cards (id, text, watermark) values (152002, 'A hazmat suit full of farts.', 'scifi');
insert into card_set_white_card (card_set_id, white_card_id) values (152000, 152002);
insert into white_cards (id, text, watermark) values (152003, 'A misty room full of glistening egg sacs.', 'scifi');
insert into card_set_white_card (card_set_id, white_card_id) values (152000, 152003);
insert into white_cards (id, text, watermark) values (152004, 'A planet-devouring space worm named Rachel.', 'scifi');
insert into card_set_white_card (card_set_id, white_card_id) values (152000, 152004);
insert into white_cards (id, text, watermark) values (152005, 'A protagonist with no qualities.', 'scifi');
insert into card_set_white_card (card_set_id, white_card_id) values (152000, 152005);
insert into white_cards (id, text, watermark) values (152006, 'A supercomputer that predicts the future with 100% accuracy.', 'scifi');
insert into card_set_white_card (card_set_id, white_card_id) values (152000, 152006);
insert into white_cards (id, text, watermark) values (152007, 'An alternate history where Hitler was gay but he still killed all those people.', 'scifi');
insert into card_set_white_card (card_set_id, white_card_id) values (152000, 152007);
insert into white_cards (id, text, watermark) values (152008, 'Astronaut pussy.', 'scifi');
insert into card_set_white_card (card_set_id, white_card_id) values (152000, 152008);
insert into white_cards (id, text, watermark) values (152009, 'Beep beep boop beep boop.', 'scifi');
insert into card_set_white_card (card_set_id, white_card_id) values (152000, 152009);
insert into white_cards (id, text, watermark) values (152010, 'Cheerful blowjob robots.', 'scifi');
insert into card_set_white_card (card_set_id, white_card_id) values (152000, 152010);
insert into white_cards (id, text, watermark) values (152011, 'Cosmic bowling.', 'scifi');
insert into card_set_white_card (card_set_id, white_card_id) values (152000, 152011);
insert into white_cards (id, text, watermark) values (152012, 'Cumming into a black hole.', 'scifi');
insert into card_set_white_card (card_set_id, white_card_id) values (152000, 152012);
insert into white_cards (id, text, watermark) values (152013, 'Darmok and Jalad at Tanagra.', 'scifi');
insert into card_set_white_card (card_set_id, white_card_id) values (152000, 152013);
insert into white_cards (id, text, watermark) values (152014, 'Frantically writing equations on a chalkboard.', 'scifi');
insert into card_set_white_card (card_set_id, white_card_id) values (152000, 152014);
insert into white_cards (id, text, watermark) values (152015, 'Funkified aliens from the planet Groovius.', 'scifi');
insert into card_set_white_card (card_set_id, white_card_id) values (152000, 152015);
insert into white_cards (id, text, watermark) values (152016, 'Going too far with science and bad things happening.', 'scifi');
insert into card_set_white_card (card_set_id, white_card_id) values (152000, 152016);
insert into white_cards (id, text, watermark) values (152017, 'How great of a movie Men In Black was.', 'scifi');
insert into card_set_white_card (card_set_id, white_card_id) values (152000, 152017);
insert into white_cards (id, text, watermark) values (152018, 'Laying thousands of eggs in a man''s colon.', 'scifi');
insert into card_set_white_card (card_set_id, white_card_id) values (152000, 152018);
insert into white_cards (id, text, watermark) values (152019, 'Masturbating Yoda''s leathery turtle-penis.', 'scifi');
insert into card_set_white_card (card_set_id, white_card_id) values (152000, 152019);
insert into white_cards (id, text, watermark) values (152020, 'Nine seasons of sexual tension with David Duchovny.', 'scifi');
insert into card_set_white_card (card_set_id, white_card_id) values (152000, 152020);
insert into white_cards (id, text, watermark) values (152021, 'That girl from the Hunger Games.', 'scifi');
insert into card_set_white_card (card_set_id, white_card_id) values (152000, 152021);
insert into white_cards (id, text, watermark) values (152022, 'The dystopia we''re living in right now.', 'scifi');
insert into card_set_white_card (card_set_id, white_card_id) values (152000, 152022);
insert into white_cards (id, text, watermark) values (152023, 'The ending of Lost.', 'scifi');
insert into card_set_white_card (card_set_id, white_card_id) values (152000, 152023);
insert into white_cards (id, text, watermark) values (152024, 'Three boobs.', 'scifi');
insert into card_set_white_card (card_set_id, white_card_id) values (152000, 152024);
insert into white_cards (id, text, watermark) values (152025, 'Transferring my consciousness into a guinea pig.', 'scifi');
insert into card_set_white_card (card_set_id, white_card_id) values (152000, 152025);
insert into white_cards (id, text, watermark) values (152026, 'Trimming the poop out of Chewbacca''s butt hair.', 'scifi');
insert into card_set_white_card (card_set_id, white_card_id) values (152000, 152026);
insert into white_cards (id, text, watermark) values (152027, 'Vulcan sex-madness.', 'scifi');
insert into card_set_white_card (card_set_id, white_card_id) values (152000, 152027);

insert into black_cards (id, text, draw, pick, watermark) values (152000, 'Computer! Display ____ on screen. Enhance.', '0', '1', 'scifi');
insert into card_set_black_card (card_set_id, black_card_id) values (152000, 152000);
insert into black_cards (id, text, draw, pick, watermark) values (152001, 'Fear leads to anger. Anger leads to hate. Hate leads to ____.', '0', '1', 'scifi');
insert into card_set_black_card (card_set_id, black_card_id) values (152000, 152001);
insert into black_cards (id, text, draw, pick, watermark) values (152002, 'Madam President, the asteroid is headed directly for Earth and there''s only one thing that can stop it: ____.', '0', '1', 'scifi');
insert into card_set_black_card (card_set_id, black_card_id) values (152000, 152002);
insert into black_cards (id, text, draw, pick, watermark) values (152003, 'This won''t be like negotiating with the Vogons. Humans only respond to one thing: ____.', '0', '1', 'scifi');
insert into card_set_black_card (card_set_id, black_card_id) values (152000, 152003);
insert into black_cards (id, text, draw, pick, watermark) values (152004, 'What is the answer to life, the universe, and everything?', '0', '1', 'scifi');
insert into card_set_black_card (card_set_id, black_card_id) values (152000, 152004);
insert into black_cards (id, text, draw, pick, watermark) values (152005, 'You have violated the Prime Directive! You exposed an alien culture to ____ before they were ready.', '0', '1', 'scifi');
insert into card_set_black_card (card_set_id, black_card_id) values (152000, 152005);
insert into black_cards (id, text, draw, pick, watermark) values (152006, 'You''re not going to believe this, but I''m you from the future! You''ve got to stop ____.', '0', '1', 'scifi');
insert into card_set_black_card (card_set_id, black_card_id) values (152000, 152006);

COMMIT;
