BEGIN;

delete from card_set_white_card where card_set_id = 127000;
delete from card_set_black_card where card_set_id = 127000;
delete from white_cards where id >= 127000 and id <= 127999;
delete from black_cards where id >= 127000 and id <= 127999;
delete from card_set where id=127000;

insert into card_set (id, active, name, base_deck, description, weight) values (127000, 't', 'UK', 'f', 'UK.', 999);

insert into white_cards (id, text, watermark) values (127000, '400 years of colonial atrocities.', 'uk');
insert into card_set_white_card (card_set_id, white_card_id) values (127000, 127000);
insert into white_cards (id, text, watermark) values (127001, 'A bit of slap and tickle.', 'uk');
insert into card_set_white_card (card_set_id, white_card_id) values (127000, 127001);
insert into white_cards (id, text, watermark) values (127002, 'A Chelsea smile.', 'uk');
insert into card_set_white_card (card_set_id, white_card_id) values (127000, 127002);
insert into white_cards (id, text, watermark) values (127003, 'A fanny fart.', 'uk');
insert into card_set_white_card (card_set_id, white_card_id) values (127000, 127003);
insert into white_cards (id, text, watermark) values (127004, 'A ginger’s freckled ballsack.', 'uk');
insert into card_set_white_card (card_set_id, white_card_id) values (127000, 127004);
insert into white_cards (id, text, watermark) values (127005, 'A mad cow.', 'uk');
insert into card_set_white_card (card_set_id, white_card_id) values (127000, 127005);
insert into white_cards (id, text, watermark) values (127006, 'A madman who lives in a police box and kidnaps women.', 'uk');
insert into card_set_white_card (card_set_id, white_card_id) values (127000, 127006);
insert into white_cards (id, text, watermark) values (127007, 'A nice cup of tea.', 'uk');
insert into card_set_white_card (card_set_id, white_card_id) values (127000, 127007);
insert into white_cards (id, text, watermark) values (127008, 'A posh wank.', 'uk');
insert into card_set_white_card (card_set_id, white_card_id) values (127000, 127008);
insert into white_cards (id, text, watermark) values (127009, 'A sober Irishman who doesn’t care for potatoes.', 'uk');
insert into card_set_white_card (card_set_id, white_card_id) values (127000, 127009);
insert into white_cards (id, text, watermark) values (127010, 'A thousand Scottish warriors lifting their kilts in unison.', 'uk');
insert into card_set_white_card (card_set_id, white_card_id) values (127000, 127010);
insert into white_cards (id, text, watermark) values (127011, 'A vindaloo poo.', 'uk');
insert into card_set_white_card (card_set_id, white_card_id) values (127000, 127011);
insert into white_cards (id, text, watermark) values (127012, 'A white van man.', 'uk');
insert into card_set_white_card (card_set_id, white_card_id) values (127000, 127012);
insert into white_cards (id, text, watermark) values (127013, 'An argument with Richard Dawkins.', 'uk');
insert into card_set_white_card (card_set_id, white_card_id) values (127000, 127013);
insert into white_cards (id, text, watermark) values (127014, 'An entrenched class system.', 'uk');
insert into card_set_white_card (card_set_id, white_card_id) values (127000, 127014);
insert into white_cards (id, text, watermark) values (127015, 'Anything that comes out of Prince Philip’s mouth.', 'uk');
insert into card_set_white_card (card_set_id, white_card_id) values (127000, 127015);
insert into white_cards (id, text, watermark) values (127016, 'Badger culling.', 'uk');
insert into card_set_white_card (card_set_id, white_card_id) values (127000, 127016);
insert into white_cards (id, text, watermark) values (127017, 'Being hunted like a fox.', 'uk');
insert into card_set_white_card (card_set_id, white_card_id) values (127000, 127017);
insert into white_cards (id, text, watermark) values (127018, 'Blood, toil, tears, and sweat.', 'uk');
insert into card_set_white_card (card_set_id, white_card_id) values (127000, 127018);
insert into white_cards (id, text, watermark) values (127019, 'Blowing up Parliament.', 'uk');
insert into card_set_white_card (card_set_id, white_card_id) values (127000, 127019);
insert into white_cards (id, text, watermark) values (127020, 'Buckfast Tonic Wine', 'uk');
insert into card_set_white_card (card_set_id, white_card_id) values (127000, 127020);
insert into white_cards (id, text, watermark) values (127021, 'Cheeky bum sex.', 'uk');
insert into card_set_white_card (card_set_id, white_card_id) values (127000, 127021);
insert into white_cards (id, text, watermark) values (127022, 'Chivalry.', 'uk');
insert into card_set_white_card (card_set_id, white_card_id) values (127000, 127022);
insert into white_cards (id, text, watermark) values (127023, 'Cottaging.', 'uk');
insert into card_set_white_card (card_set_id, white_card_id) values (127000, 127023);
insert into white_cards (id, text, watermark) values (127024, 'Daddies Brown Sauce.', 'uk');
insert into card_set_white_card (card_set_id, white_card_id) values (127000, 127024);
insert into white_cards (id, text, watermark) values (127025, 'David Cameron.', 'uk');
insert into card_set_white_card (card_set_id, white_card_id) values (127000, 127025);
insert into white_cards (id, text, watermark) values (127026, 'Dogging', 'uk');
insert into card_set_white_card (card_set_id, white_card_id) values (127000, 127026);
insert into white_cards (id, text, watermark) values (127027, 'Doing a shit in Pudsey Bear’s eyehole.', 'uk');
insert into card_set_white_card (card_set_id, white_card_id) values (127000, 127027);
insert into white_cards (id, text, watermark) values (127028, 'Druids.', 'uk');
insert into card_set_white_card (card_set_id, white_card_id) values (127000, 127028);
insert into white_cards (id, text, watermark) values (127029, 'Ed Balls.', 'uk');
insert into card_set_white_card (card_set_id, white_card_id) values (127000, 127029);
insert into white_cards (id, text, watermark) values (127030, 'England.', 'uk');
insert into card_set_white_card (card_set_id, white_card_id) values (127000, 127030);
insert into white_cards (id, text, watermark) values (127031, 'Excalibur.', 'uk');
insert into card_set_white_card (card_set_id, white_card_id) values (127000, 127031);
insert into white_cards (id, text, watermark) values (127032, 'Faffing about.', 'uk');
insert into card_set_white_card (card_set_id, white_card_id) values (127000, 127032);
insert into white_cards (id, text, watermark) values (127033, 'Five litres of Special Brew.', 'uk');
insert into card_set_white_card (card_set_id, white_card_id) values (127000, 127033);
insert into white_cards (id, text, watermark) values (127034, 'Gary Glitter.', 'uk');
insert into card_set_white_card (card_set_id, white_card_id) values (127000, 127034);
insert into white_cards (id, text, watermark) values (127035, 'Gentleman’s Relish.®', 'uk');
insert into card_set_white_card (card_set_id, white_card_id) values (127000, 127035);
insert into white_cards (id, text, watermark) values (127036, 'Germans on holiday.', 'uk');
insert into card_set_white_card (card_set_id, white_card_id) values (127000, 127036);
insert into white_cards (id, text, watermark) values (127037, 'Getting naked and watching CBeebies.', 'uk');
insert into card_set_white_card (card_set_id, white_card_id) values (127000, 127037);
insert into white_cards (id, text, watermark) values (127038, 'Getting wed, having a few kids, taking some pictures, retiring to the south of France, and dying.', 'uk');
insert into card_set_white_card (card_set_id, white_card_id) values (127000, 127038);
insert into white_cards (id, text, watermark) values (127039, 'Haggis.', 'uk');
insert into card_set_white_card (card_set_id, white_card_id) values (127000, 127039);
insert into white_cards (id, text, watermark) values (127040, 'Hurling one’s body down a hill in pursuit of a wheel of cheese.', 'uk');
insert into card_set_white_card (card_set_id, white_card_id) values (127000, 127040);
insert into white_cards (id, text, watermark) values (127041, 'Jade Goody’s cancerous remains.', 'uk');
insert into card_set_white_card (card_set_id, white_card_id) values (127000, 127041);
insert into white_cards (id, text, watermark) values (127042, 'Jedward.', 'uk');
insert into card_set_white_card (card_set_id, white_card_id) values (127000, 127042);
insert into white_cards (id, text, watermark) values (127043, 'Jehovah’s Witnesses.', 'uk');
insert into card_set_white_card (card_set_id, white_card_id) values (127000, 127043);
insert into white_cards (id, text, watermark) values (127044, 'Jimmy Savile', 'uk');
insert into card_set_white_card (card_set_id, white_card_id) values (127000, 127044);
insert into white_cards (id, text, watermark) values (127045, 'Just touching David Beckham’s hair.', 'uk');
insert into card_set_white_card (card_set_id, white_card_id) values (127000, 127045);
insert into white_cards (id, text, watermark) values (127046, 'Leaked footage of Kate Middleton’s colonoscopy.', 'uk');
insert into card_set_white_card (card_set_id, white_card_id) values (127000, 127046);
insert into white_cards (id, text, watermark) values (127047, 'Madeleine McCann.', 'uk');
insert into card_set_white_card (card_set_id, white_card_id) values (127000, 127047);
insert into white_cards (id, text, watermark) values (127048, 'Maureen of Blackpool, Reader’s Wife of the Year 1988.', 'uk');
insert into card_set_white_card (card_set_id, white_card_id) values (127000, 127048);
insert into white_cards (id, text, watermark) values (127049, 'Millwall fans.', 'uk');
insert into card_set_white_card (card_set_id, white_card_id) values (127000, 127049);
insert into white_cards (id, text, watermark) values (127050, 'Mining accidents.', 'uk');
insert into card_set_white_card (card_set_id, white_card_id) values (127000, 127050);
insert into white_cards (id, text, watermark) values (127051, 'One Direction’s supple, hairless bodies.', 'uk');
insert into card_set_white_card (card_set_id, white_card_id) values (127000, 127051);
insert into white_cards (id, text, watermark) values (127052, 'Pronouncing the names of northern Welsh towns.', 'uk');
insert into card_set_white_card (card_set_id, white_card_id) values (127000, 127052);
insert into white_cards (id, text, watermark) values (127053, 'Queen Elizabeth’s immaculate anus.', 'uk');
insert into card_set_white_card (card_set_id, white_card_id) values (127000, 127053);
insert into white_cards (id, text, watermark) values (127054, 'Ripping off the Beatles.', 'uk');
insert into card_set_white_card (card_set_id, white_card_id) values (127000, 127054);
insert into white_cards (id, text, watermark) values (127055, 'Rubbing Boris Johnson’s belly until he falls asleep.', 'uk');
insert into card_set_white_card (card_set_id, white_card_id) values (127000, 127055);
insert into white_cards (id, text, watermark) values (127056, 'Scalping the Milkybar Kid.', 'uk');
insert into card_set_white_card (card_set_id, white_card_id) values (127000, 127056);
insert into white_cards (id, text, watermark) values (127057, 'Scousers.', 'uk');
insert into card_set_white_card (card_set_id, white_card_id) values (127000, 127057);
insert into white_cards (id, text, watermark) values (127058, 'Shitting out a perfect Cumberland sausage.', 'uk');
insert into card_set_white_card (card_set_id, white_card_id) values (127000, 127058);
insert into white_cards (id, text, watermark) values (127059, 'Slapping a biscuit out of an orphan’s mouth.', 'uk');
insert into card_set_white_card (card_set_id, white_card_id) values (127000, 127059);
insert into white_cards (id, text, watermark) values (127060, 'Spaniards.', 'uk');
insert into card_set_white_card (card_set_id, white_card_id) values (127000, 127060);
insert into white_cards (id, text, watermark) values (127061, 'The Black Death.', 'uk');
insert into card_set_white_card (card_set_id, white_card_id) values (127000, 127061);
insert into white_cards (id, text, watermark) values (127062, 'The bloody Welsh.', 'uk');
insert into card_set_white_card (card_set_id, white_card_id) values (127000, 127062);
insert into white_cards (id, text, watermark) values (127063, 'The entire cast of Downtown Abbey.', 'uk');
insert into card_set_white_card (card_set_id, white_card_id) values (127000, 127063);
insert into white_cards (id, text, watermark) values (127064, 'The French.', 'uk');
insert into card_set_white_card (card_set_id, white_card_id) values (127000, 127064);
insert into white_cards (id, text, watermark) values (127065, 'The Hillsborough Disaster.', 'uk');
insert into card_set_white_card (card_set_id, white_card_id) values (127000, 127065);
insert into white_cards (id, text, watermark) values (127066, 'The Honey Monster.', 'uk');
insert into card_set_white_card (card_set_id, white_card_id) values (127000, 127066);
insert into white_cards (id, text, watermark) values (127067, 'The North.', 'uk');
insert into card_set_white_card (card_set_id, white_card_id) values (127000, 127067);
insert into white_cards (id, text, watermark) values (127068, 'The petty troubles of the landed gentry.', 'uk');
insert into card_set_white_card (card_set_id, white_card_id) values (127000, 127068);
insert into white_cards (id, text, watermark) values (127069, 'The Stig.', 'uk');
insert into card_set_white_card (card_set_id, white_card_id) values (127000, 127069);
insert into white_cards (id, text, watermark) values (127070, 'The sudden appearance of the Go Compare man.', 'uk');
insert into card_set_white_card (card_set_id, white_card_id) values (127000, 127070);
insert into white_cards (id, text, watermark) values (127071, 'The way James Bond treats women.', 'uk');
insert into card_set_white_card (card_set_id, white_card_id) values (127000, 127071);
insert into white_cards (id, text, watermark) values (127072, 'Tories.', 'uk');
insert into card_set_white_card (card_set_id, white_card_id) values (127000, 127072);
insert into white_cards (id, text, watermark) values (127073, 'Trench foot.', 'uk');
insert into card_set_white_card (card_set_id, white_card_id) values (127000, 127073);

insert into black_cards (id, text, draw, pick, watermark) values (127000, '____? Jim’ll fix it!', '0', '1', 'uk');
insert into card_set_black_card (card_set_id, black_card_id) values (127000, 127000);
insert into black_cards (id, text, draw, pick, watermark) values (127001, '____. That’s why mums go to Iceland.', '0', '1', 'uk');
insert into card_set_black_card (card_set_id, black_card_id) values (127000, 127001);
insert into black_cards (id, text, draw, pick, watermark) values (127002, '____. Once you pop, the fun don’t stop!', '0', '1', 'uk');
insert into card_set_black_card (card_set_id, black_card_id) values (127000, 127002);
insert into black_cards (id, text, draw, pick, watermark) values (127003, 'And the BAFTA for ____ goes to ____.', '1', '2', 'uk');
insert into card_set_black_card (card_set_id, black_card_id) values (127000, 127003);
insert into black_cards (id, text, draw, pick, watermark) values (127004, 'Channel 4 presents “____: the Story of ____.”', '1', '2', 'uk');
insert into card_set_black_card (card_set_id, black_card_id) values (127000, 127004);
insert into black_cards (id, text, draw, pick, watermark) values (127005, 'Channel 5’s new reality show features eight washed-up celebrities living with ____.', '0', '1', 'uk');
insert into card_set_black_card (card_set_id, black_card_id) values (127000, 127005);
insert into black_cards (id, text, draw, pick, watermark) values (127006, 'Coming to the West End this year, ____: The Musical.', '0', '1', 'uk');
insert into card_set_black_card (card_set_id, black_card_id) values (127000, 127006);
insert into black_cards (id, text, draw, pick, watermark) values (127007, 'Dear Agony Aunt, I’m having some trouble with ____ and would like your advice.', '0', '1', 'uk');
insert into card_set_black_card (card_set_id, black_card_id) values (127000, 127007);
insert into black_cards (id, text, draw, pick, watermark) values (127008, 'In her latest feature-length film, Tracy Beaker struggles with ____ for the first time.', '0', '1', 'uk');
insert into card_set_black_card (card_set_id, black_card_id) values (127000, 127008);
insert into black_cards (id, text, draw, pick, watermark) values (127009, 'In Wormwood Scrubs, word is you can trade 200 cigarettes for ____.', '0', '1', 'uk');
insert into card_set_black_card (card_set_id, black_card_id) values (127000, 127009);
insert into black_cards (id, text, draw, pick, watermark) values (127010, 'Next on Sky Sports: The World Championship of ____.', '0', '1', 'uk');
insert into card_set_black_card (card_set_id, black_card_id) values (127000, 127010);
insert into black_cards (id, text, draw, pick, watermark) values (127011, 'Nobody expects the Spanish Inquisition! Our chief weapons are fear, surprise, and ____.', '0', '1', 'uk');
insert into card_set_black_card (card_set_id, black_card_id) values (127000, 127011);
insert into black_cards (id, text, draw, pick, watermark) values (127012, 'We apologize for the delay in train service due to ____.', '0', '1', 'uk');
insert into card_set_black_card (card_set_id, black_card_id) values (127000, 127012);
insert into black_cards (id, text, draw, pick, watermark) values (127013, 'The Natural History Museum has just opened an interactive exhibit on ____.', '0', '1', 'uk');
insert into card_set_black_card (card_set_id, black_card_id) values (127000, 127013);
insert into black_cards (id, text, draw, pick, watermark) values (127014, 'The theme for next year’s Eurovision Song Contest is “We are ____.”', '0', '1', 'uk');
insert into card_set_black_card (card_set_id, black_card_id) values (127000, 127014);
insert into black_cards (id, text, draw, pick, watermark) values (127015, 'Today on The Jeremy Kyle Show: “Help! My son is ____!”', '0', '1', 'uk');
insert into card_set_black_card (card_set_id, black_card_id) values (127000, 127015);
insert into black_cards (id, text, draw, pick, watermark) values (127016, 'What are school board members using to curb rampant teenage pregnancy?', '0', '1', 'uk');
insert into card_set_black_card (card_set_id, black_card_id) values (127000, 127016);
insert into black_cards (id, text, draw, pick, watermark) values (127017, 'What did I bring back from London?', '0', '1', 'uk');
insert into card_set_black_card (card_set_id, black_card_id) values (127000, 127017);
insert into black_cards (id, text, draw, pick, watermark) values (127018, 'What kept Margaret Thatcher busy in her early years?', '0', '1', 'uk');
insert into card_set_black_card (card_set_id, black_card_id) values (127000, 127018);
insert into black_cards (id, text, draw, pick, watermark) values (127019, 'When I am Prime Minister of the United Kingdom, I will create the Ministry of ____.', '0', '1', 'uk');
insert into card_set_black_card (card_set_id, black_card_id) values (127000, 127019);

COMMIT;
