BEGIN;

delete from card_set_white_card where card_set_id = 135000;
delete from card_set_black_card where card_set_id = 135000;
delete from white_cards where id >= 135000 and id <= 135999;
delete from black_cards where id >= 135000 and id <= 135999;
delete from card_set where id=135000;

insert into card_set (id, active, name, base_deck, description, weight) values (135000, 't', 'Weed Pack', 'f', 'Hey man, I know I was supposed to get you the website content for the Weed Pack, but I got really high and this is all I have so far haha. Cannabis, also known as marijuana among several other names, is a psychoactive drug from the Cannabis plant in...', 999);

insert into white_cards (id, text, watermark) values (135000, 'A bong rip so massive it restores justice to the kingdom.', 'weed');
insert into card_set_white_card (card_set_id, white_card_id) values (135000, 135000);
insert into white_cards (id, text, watermark) values (135001, 'A sandwich with Cheetos in it!', 'weed');
insert into card_set_white_card (card_set_id, white_card_id) values (135000, 135001);
insert into white_cards (id, text, watermark) values (135002, 'A whole cheese pizza just for me.', 'weed');
insert into card_set_white_card (card_set_id, white_card_id) values (135000, 135002);
insert into white_cards (id, text, watermark) values (135003, 'An eight-foot man smoking a six-foot bong.', 'weed');
insert into card_set_white_card (card_set_id, white_card_id) values (135000, 135003);
insert into white_cards (id, text, watermark) values (135004, 'Ancient aliens.', 'weed');
insert into card_set_white_card (card_set_id, white_card_id) values (135000, 135004);
insert into white_cards (id, text, watermark) values (135005, 'Being too high for airplane.', 'weed');
insert into card_set_white_card (card_set_id, white_card_id) values (135000, 135005);
insert into white_cards (id, text, watermark) values (135006, 'Cheese crunchies.', 'weed');
insert into card_set_white_card (card_set_id, white_card_id) values (135000, 135006);
insert into white_cards (id, text, watermark) values (135007, 'Dank ass cancer weed.', 'weed');
insert into card_set_white_card (card_set_id, white_card_id) values (135000, 135007);
insert into white_cards (id, text, watermark) values (135008, 'Dicking around on the guitar for an hour.', 'weed');
insert into card_set_white_card (card_set_id, white_card_id) values (135000, 135008);
insert into white_cards (id, text, watermark) values (135009, 'Dropping stuff and knocking everything over.', 'weed');
insert into card_set_white_card (card_set_id, white_card_id) values (135000, 135009);
insert into white_cards (id, text, watermark) values (135010, 'Eating all the skin off a rotisserie chicken.', 'weed');
insert into card_set_white_card (card_set_id, white_card_id) values (135000, 135010);
insert into white_cards (id, text, watermark) values (135011, 'Forgetting to breathe and then dying.', 'weed');
insert into card_set_white_card (card_set_id, white_card_id) values (135000, 135011);
insert into white_cards (id, text, watermark) values (135012, 'Getting high and watching Planet Earth.', 'weed');
insert into card_set_white_card (card_set_id, white_card_id) values (135000, 135012);
insert into white_cards (id, text, watermark) values (135013, 'Grinning like an idiot.', 'weed');
insert into card_set_white_card (card_set_id, white_card_id) values (135000, 135013);
insert into white_cards (id, text, watermark) values (135014, 'Hot tub.', 'weed');
insert into card_set_white_card (card_set_id, white_card_id) values (135000, 135014);
insert into white_cards (id, text, watermark) values (135015, 'How bright the sun is.', 'weed');
insert into card_set_white_card (card_set_id, white_card_id) values (135000, 135015);
insert into white_cards (id, text, watermark) values (135016, 'Huge popcorn nugs of hairy alien weed.', 'weed');
insert into card_set_white_card (card_set_id, white_card_id) values (135000, 135016);
insert into white_cards (id, text, watermark) values (135017, 'My own fingers.', 'weed');
insert into card_set_white_card (card_set_id, white_card_id) values (135000, 135017);
insert into white_cards (id, text, watermark) values (135018, 'Smoking a blunt butt-ass naked.', 'weed');
insert into card_set_white_card (card_set_id, white_card_id) values (135000, 135018);
insert into white_cards (id, text, watermark) values (135019, 'Smoking a joint with former President Barack Obama.', 'weed');
insert into card_set_white_card (card_set_id, white_card_id) values (135000, 135019);
insert into white_cards (id, text, watermark) values (135020, 'Snoop Dogg.', 'weed');
insert into card_set_white_card (card_set_id, white_card_id) values (135000, 135020);
insert into white_cards (id, text, watermark) values (135021, 'The banks, the media, the entire system, man.', 'weed');
insert into card_set_white_card (card_set_id, white_card_id) values (135000, 135021);
insert into white_cards (id, text, watermark) values (135022, 'Too much edibles.', 'weed');
insert into card_set_white_card (card_set_id, white_card_id) values (135000, 135022);
insert into white_cards (id, text, watermark) values (135023, 'Unbelievably soft carpet.', 'weed');
insert into card_set_white_card (card_set_id, white_card_id) values (135000, 135023);
insert into white_cards (id, text, watermark) values (135024, 'Whatever the fuck I was just talking about.', 'weed');
insert into card_set_white_card (card_set_id, white_card_id) values (135000, 135024);

insert into black_cards (id, text, draw, pick, watermark) values (135000, 'Everyone is staring at you because you''re ____.', '0', '1', 'weed');
insert into card_set_black_card (card_set_id, black_card_id) values (135000, 135000);
insert into black_cards (id, text, draw, pick, watermark) values (135001, 'Hold up. I gotta deal with ____, then l''mma smoke this.', '0', '1', 'weed');
insert into card_set_black_card (card_set_id, black_card_id) values (135000, 135001);
insert into black_cards (id, text, draw, pick, watermark) values (135002, 'Instead of playing a card this round, everyone must stare the Card Czar while making a sound you''d make after tasting something delicious.', '0', '1', 'weed');
insert into card_set_black_card (card_set_id, black_card_id) values (135000, 135002);
insert into black_cards (id, text, draw, pick, watermark) values (135003, 'Okay here''s the pitch. James Franco and Seth Rogen are trying to score some weed, and then ____ happens.', '0', '1', 'weed');
insert into card_set_black_card (card_set_id, black_card_id) values (135000, 135003);
insert into black_cards (id, text, draw, pick, watermark) values (135004, 'You know what''s, like, really funny when you think about it? ____.', '0', '1', 'weed');
insert into card_set_black_card (card_set_id, black_card_id) values (135000, 135004);

COMMIT;
