BEGIN;

delete from card_set_white_card where card_set_id = 133000;
delete from card_set_black_card where card_set_id = 133000;
delete from white_cards where id >= 133000 and id <= 133999;
delete from black_cards where id >= 133000 and id <= 133999;
delete from card_set where id=133000;

insert into card_set (id, active, name, base_deck, description, weight) values (133000, 't', 'World Wide Web Pack', 'f', 'Except for the rampant misinformation and unspeakable pornography, the Internet is one of Al Gore''s greatest inventions. CAH wrote this pack in a Reddit AMA with the help of a bunch of Internet strangers', 999);

insert into white_cards (id, text, watermark) values (133000, 'A complete inability to understand anyone else''s perspective.', 'www');
insert into card_set_white_card (card_set_id, white_card_id) values (133000, 133000);
insert into white_cards (id, text, watermark) values (133001, 'A fun, sexy time at the nude beach.', 'www');
insert into card_set_white_card (card_set_id, white_card_id) values (133000, 133001);
insert into white_cards (id, text, watermark) values (133002, 'A man from Craigslist.', 'www');
insert into card_set_white_card (card_set_id, white_card_id) values (133000, 133002);
insert into white_cards (id, text, watermark) values (133003, 'A night of Taco Bell and anal sex.', 'www');
insert into card_set_white_card (card_set_id, white_card_id) values (133000, 133003);
insert into white_cards (id, text, watermark) values (133004, 'A respectful discussion of race and gender on the Internet.', 'www');
insert into card_set_white_card (card_set_id, white_card_id) values (133000, 133004);
insert into white_cards (id, text, watermark) values (133005, 'Cat massage.', 'www');
insert into card_set_white_card (card_set_id, white_card_id) values (133000, 133005);
insert into white_cards (id, text, watermark) values (133006, 'Destroying Dick Cheney''s last horcrux.', 'www');
insert into card_set_white_card (card_set_id, white_card_id) values (133000, 133006);
insert into white_cards (id, text, watermark) values (133007, 'Game of Thrones spoilers.', 'www');
insert into card_set_white_card (card_set_id, white_card_id) values (133000, 133007);
insert into white_cards (id, text, watermark) values (133008, 'Getting death threats.', 'www');
insert into card_set_white_card (card_set_id, white_card_id) values (133000, 133008);
insert into white_cards (id, text, watermark) values (133009, 'Getting teabagged by a fifth grader in Call of Duty.', 'www');
insert into card_set_white_card (card_set_id, white_card_id) values (133000, 133009);
insert into white_cards (id, text, watermark) values (133010, 'Goats screaming like people.', 'www');
insert into card_set_white_card (card_set_id, white_card_id) values (133000, 133010);
insert into white_cards (id, text, watermark) values (133011, 'Googling.', 'www');
insert into card_set_white_card (card_set_id, white_card_id) values (133000, 133011);
insert into white_cards (id, text, watermark) values (133012, 'Internet porn analysis paralysis.', 'www');
insert into card_set_white_card (card_set_id, white_card_id) values (133000, 133012);
insert into white_cards (id, text, watermark) values (133013, 'Lofi hip hop beats to relax/study to.', 'www');
insert into card_set_white_card (card_set_id, white_card_id) values (133000, 133013);
insert into white_cards (id, text, watermark) values (133014, 'Matching with Mom on Tinder.', 'www');
insert into card_set_white_card (card_set_id, white_card_id) values (133000, 133014);
insert into white_cards (id, text, watermark) values (133015, 'My browser history.', 'www');
insert into card_set_white_card (card_set_id, white_card_id) values (133000, 133015);
insert into white_cards (id, text, watermark) values (133016, 'My privileged white penis.', 'www');
insert into card_set_white_card (card_set_id, white_card_id) values (133000, 133016);
insert into white_cards (id, text, watermark) values (133017, 'Pretending to be black.', 'www');
insert into card_set_white_card (card_set_id, white_card_id) values (133000, 133017);
insert into white_cards (id, text, watermark) values (133018, 'Smash Mouth.', 'www');
insert into card_set_white_card (card_set_id, white_card_id) values (133000, 133018);
insert into white_cards (id, text, watermark) values (133019, 'Some racist-ass shit.', 'www');
insert into card_set_white_card (card_set_id, white_card_id) values (133000, 133019);
insert into white_cards (id, text, watermark) values (133020, 'Taking a shit while running at full speed.', 'www');
insert into card_set_white_card (card_set_id, white_card_id) values (133000, 133020);
insert into white_cards (id, text, watermark) values (133021, 'That thing on the Internet everyone''s talking about.', 'www');
insert into card_set_white_card (card_set_id, white_card_id) values (133000, 133021);
insert into white_cards (id, text, watermark) values (133022, 'Three years of semen in a shoebox.', 'www');
insert into card_set_white_card (card_set_id, white_card_id) values (133000, 133022);
insert into white_cards (id, text, watermark) values (133023, 'Tweeting an apology.', 'www');
insert into card_set_white_card (card_set_id, white_card_id) values (133000, 133023);
insert into white_cards (id, text, watermark) values (133024, 'W. W. W. DOT BIG DADDY SEX HOLE DOT COM.', 'www');
insert into card_set_white_card (card_set_id, white_card_id) values (133000, 133024);
insert into white_cards (id, text, watermark) values (133025, 'Youtube comments.', 'www');
insert into card_set_white_card (card_set_id, white_card_id) values (133000, 133025);

insert into black_cards (id, text, draw, pick, watermark) values (133000, 'Don''t worry, Penny! Go Go Gadget ____!', '0', '1', 'www');
insert into card_set_black_card (card_set_id, black_card_id) values (133000, 133000);
insert into black_cards (id, text, draw, pick, watermark) values (133001, 'I need you like ____ needs ____.', '1', '2', 'www');
insert into card_set_black_card (card_set_id, black_card_id) values (133000, 133001);
insert into black_cards (id, text, draw, pick, watermark) values (133002, 'I''m just gonna stay in tonight. You know, Netflix and ____.', '0', '1', 'www');
insert into card_set_black_card (card_set_id, black_card_id) values (133000, 133002);
insert into black_cards (id, text, draw, pick, watermark) values (133003, 'Nothing says "I love you" like ____.', '0', '1', 'www');
insert into card_set_black_card (card_set_id, black_card_id) values (133000, 133003);
insert into black_cards (id, text, draw, pick, watermark) values (133004, 'Such ____. Very ____. Wow.', '1', '2', 'www');
insert into card_set_black_card (card_set_id, black_card_id) values (133000, 133004);
insert into black_cards (id, text, draw, pick, watermark) values (133005, 'This app is basically Tinder, but for ____.', '0', '1', 'www');
insert into card_set_black_card (card_set_id, black_card_id) values (133000, 133005);
insert into black_cards (id, text, draw, pick, watermark) values (133006, 'TRIGGER WARNING: ____.', '0', '1', 'www');
insert into card_set_black_card (card_set_id, black_card_id) values (133000, 133006);
insert into black_cards (id, text, draw, pick, watermark) values (133007, 'What did I nickname my genitals?', '0', '1', 'www');
insert into card_set_black_card (card_set_id, black_card_id) values (133000, 133007);
insert into black_cards (id, text, draw, pick, watermark) values (133008, 'You guys, you can buy ____ on the dark web.', '0', '1', 'www');
insert into card_set_black_card (card_set_id, black_card_id) values (133000, 133008);

COMMIT;
