BEGIN;

delete from card_set_white_card where card_set_id = 122000;
delete from card_set_black_card where card_set_id = 122000;
delete from white_cards where id >= 122000 and id <= 122999;
delete from black_cards where id >= 122000 and id <= 122999;
delete from card_set where id=122000;

insert into card_set (id, active, name, base_deck, description, weight) values (122000, 't', '2nd Expansion', 'f', '2nd Expansion.', 999);

insert into white_cards (id, text, watermark) values (122000, 'A 55-gallon drum of lube.', 'X2');
insert into card_set_white_card (card_set_id, white_card_id) values (122000, 122000);
insert into white_cards (id, text, watermark) values (122001, 'A bigger, blacker dick.', 'X2');
insert into card_set_white_card (card_set_id, white_card_id) values (122000, 122001);
insert into white_cards (id, text, watermark) values (122002, 'A Burmese tiger pit.', 'X2');
insert into card_set_white_card (card_set_id, white_card_id) values (122000, 122002);
insert into white_cards (id, text, watermark) values (122003, 'A dollop of sour cream.', 'X2');
insert into card_set_white_card (card_set_id, white_card_id) values (122000, 122003);
insert into white_cards (id, text, watermark) values (122004, 'A fortuitous turnip harvest.', 'X2');
insert into card_set_white_card (card_set_id, white_card_id) values (122000, 122004);
insert into white_cards (id, text, watermark) values (122005, 'A magic hippie love cloud.', 'X2');
insert into card_set_white_card (card_set_id, white_card_id) values (122000, 122005);
insert into white_cards (id, text, watermark) values (122006, 'A man in yoga pants with a ponytail and feather earrings.', 'X2');
insert into card_set_white_card (card_set_id, white_card_id) values (122000, 122006);
insert into white_cards (id, text, watermark) values (122007, 'A piñata full of scorpions.', 'X2');
insert into card_set_white_card (card_set_id, white_card_id) values (122000, 122007);
insert into white_cards (id, text, watermark) values (122008, 'A sad fat dragon with no friends.', 'X2');
insert into card_set_white_card (card_set_id, white_card_id) values (122000, 122008);
insert into white_cards (id, text, watermark) values (122009, 'A slightly shittier parallel universe.', 'X2');
insert into card_set_white_card (card_set_id, white_card_id) values (122000, 122009);
insert into white_cards (id, text, watermark) values (122010, 'A sofa that says “I have style, but I like to be comfortable.”', 'X2');
insert into card_set_white_card (card_set_id, white_card_id) values (122000, 122010);
insert into white_cards (id, text, watermark) values (122011, 'A soulful rendition of "Ol'' Man River."', 'X2');
insert into card_set_white_card (card_set_id, white_card_id) values (122000, 122011);
insert into white_cards (id, text, watermark) values (122012, 'A squadron of moles wearing aviator goggles.', 'X2');
insert into card_set_white_card (card_set_id, white_card_id) values (122000, 122012);
insert into white_cards (id, text, watermark) values (122013, 'A sweaty, panting leather daddy.', 'X2');
insert into card_set_white_card (card_set_id, white_card_id) values (122000, 122013);
insert into white_cards (id, text, watermark) values (122014, 'A sweet spaceship.', 'X2');
insert into card_set_white_card (card_set_id, white_card_id) values (122000, 122014);
insert into white_cards (id, text, watermark) values (122015, 'All of this blood.', 'X2');
insert into card_set_white_card (card_set_id, white_card_id) values (122000, 122015);
insert into white_cards (id, text, watermark) values (122016, 'An army of skeletons.', 'X2');
insert into card_set_white_card (card_set_id, white_card_id) values (122000, 122016);
insert into white_cards (id, text, watermark) values (122017, 'An ether-soaked rag.', 'X2');
insert into card_set_white_card (card_set_id, white_card_id) values (122000, 122017);
insert into white_cards (id, text, watermark) values (122018, 'An unhinged ferris wheel rolling toward the sea.', 'X2');
insert into card_set_white_card (card_set_id, white_card_id) values (122000, 122018);
insert into white_cards (id, text, watermark) values (122019, 'Another shot of morphine.', 'X2');
insert into card_set_white_card (card_set_id, white_card_id) values (122000, 122019);
insert into white_cards (id, text, watermark) values (122020, 'Basic human decency.', 'X2');
insert into card_set_white_card (card_set_id, white_card_id) values (122000, 122020);
insert into white_cards (id, text, watermark) values (122021, 'Beefin'' over turf.', 'X2');
insert into card_set_white_card (card_set_id, white_card_id) values (122000, 122021);
insert into white_cards (id, text, watermark) values (122022, 'Being awesome at sex.', 'X2');
insert into card_set_white_card (card_set_id, white_card_id) values (122000, 122022);
insert into white_cards (id, text, watermark) values (122023, 'Boris the Soviet Love Hammer.', 'X2');
insert into card_set_white_card (card_set_id, white_card_id) values (122000, 122023);
insert into white_cards (id, text, watermark) values (122024, 'Bullshit.', 'X2');
insert into card_set_white_card (card_set_id, white_card_id) values (122000, 122024);
insert into white_cards (id, text, watermark) values (122025, 'Catastrophic urethral trauma.', 'X2');
insert into card_set_white_card (card_set_id, white_card_id) values (122000, 122025);
insert into white_cards (id, text, watermark) values (122026, 'Crabapples all over the fucking sidewalk.', 'X2');
insert into card_set_white_card (card_set_id, white_card_id) values (122000, 122026);
insert into white_cards (id, text, watermark) values (122027, 'Crushing Mr. Peanut''s brittle body.', 'X2');
insert into card_set_white_card (card_set_id, white_card_id) values (122000, 122027);
insert into white_cards (id, text, watermark) values (122028, 'Daddy''s belt.', 'X2');
insert into card_set_white_card (card_set_id, white_card_id) values (122000, 122028);
insert into white_cards (id, text, watermark) values (122029, 'Death by Steven Seagal.', 'X2');
insert into card_set_white_card (card_set_id, white_card_id) values (122000, 122029);
insert into white_cards (id, text, watermark) values (122030, 'Dennis the Menace.', 'X2');
insert into card_set_white_card (card_set_id, white_card_id) values (122000, 122030);
insert into white_cards (id, text, watermark) values (122031, 'Dining with cardboard cutouts of the cast of "Friends."', 'X2');
insert into card_set_white_card (card_set_id, white_card_id) values (122000, 122031);
insert into white_cards (id, text, watermark) values (122032, 'Double penetration.', 'X2');
insert into card_set_white_card (card_set_id, white_card_id) values (122000, 122032);
insert into white_cards (id, text, watermark) values (122033, 'Existing.', 'X2');
insert into card_set_white_card (card_set_id, white_card_id) values (122000, 122033);
insert into white_cards (id, text, watermark) values (122034, 'Alcohol.', 'X2');
insert into card_set_white_card (card_set_id, white_card_id) values (122000, 122034);
insert into white_cards (id, text, watermark) values (122035, 'Finding Waldo.', 'X2');
insert into card_set_white_card (card_set_id, white_card_id) values (122000, 122035);
insert into white_cards (id, text, watermark) values (122036, 'Fuck Mountain.', 'X2');
insert into card_set_white_card (card_set_id, white_card_id) values (122000, 122036);
insert into white_cards (id, text, watermark) values (122037, 'Getting hilariously gang-banged by the Blue Man Group.', 'X2');
insert into card_set_white_card (card_set_id, white_card_id) values (122000, 122037);
insert into white_cards (id, text, watermark) values (122038, 'Grandpa''s ashes.', 'X2');
insert into card_set_white_card (card_set_id, white_card_id) values (122000, 122038);
insert into white_cards (id, text, watermark) values (122039, 'Graphic violence, adult language, and some sexual content.', 'X2');
insert into card_set_white_card (card_set_id, white_card_id) values (122000, 122039);
insert into white_cards (id, text, watermark) values (122040, 'Hillary Clinton.', 'X2');
insert into card_set_white_card (card_set_id, white_card_id) values (122000, 122040);
insert into white_cards (id, text, watermark) values (122041, 'Hillary Clinton''s death stare.', 'X2');
insert into card_set_white_card (card_set_id, white_card_id) values (122000, 122041);
insert into white_cards (id, text, watermark) values (122042, 'Intimacy problems.', 'X2');
insert into card_set_white_card (card_set_id, white_card_id) values (122000, 122042);
insert into white_cards (id, text, watermark) values (122043, 'Jeff Goldblum.', 'X2');
insert into card_set_white_card (card_set_id, white_card_id) values (122000, 122043);
insert into white_cards (id, text, watermark) values (122044, 'Living in a trashcan.', 'X2');
insert into card_set_white_card (card_set_id, white_card_id) values (122000, 122044);
insert into white_cards (id, text, watermark) values (122045, 'Loki, the trickster god.', 'X2');
insert into card_set_white_card (card_set_id, white_card_id) values (122000, 122045);
insert into white_cards (id, text, watermark) values (122046, 'Making a friend.', 'X2');
insert into card_set_white_card (card_set_id, white_card_id) values (122000, 122046);
insert into white_cards (id, text, watermark) values (122047, 'Maximal insertion.', 'X2');
insert into card_set_white_card (card_set_id, white_card_id) values (122000, 122047);
insert into white_cards (id, text, watermark) values (122048, 'Me.', 'X2');
insert into card_set_white_card (card_set_id, white_card_id) values (122000, 122048);
insert into white_cards (id, text, watermark) values (122049, 'Mild autism.', 'X2');
insert into card_set_white_card (card_set_id, white_card_id) values (122000, 122049);
insert into white_cards (id, text, watermark) values (122050, 'Mooing.', 'X2');
insert into card_set_white_card (card_set_id, white_card_id) values (122000, 122050);
insert into white_cards (id, text, watermark) values (122051, 'My first kill.', 'X2');
insert into card_set_white_card (card_set_id, white_card_id) values (122000, 122051);
insert into white_cards (id, text, watermark) values (122052, 'Nunchuck moves.', 'X2');
insert into card_set_white_card (card_set_id, white_card_id) values (122000, 122052);
insert into white_cards (id, text, watermark) values (122053, 'Oncoming traffic.', 'X2');
insert into card_set_white_card (card_set_id, white_card_id) values (122000, 122053);
insert into white_cards (id, text, watermark) values (122054, 'One Ring to rule them all.', 'X2');
insert into card_set_white_card (card_set_id, white_card_id) values (122000, 122054);
insert into white_cards (id, text, watermark) values (122055, 'Power.', 'X2');
insert into card_set_white_card (card_set_id, white_card_id) values (122000, 122055);
insert into white_cards (id, text, watermark) values (122056, 'Pretty Pretty Princess Dress-Up Board Game®.', 'X2');
insert into card_set_white_card (card_set_id, white_card_id) values (122000, 122056);
insert into white_cards (id, text, watermark) values (122057, 'Pumping out a baby every nine months.', 'X2');
insert into card_set_white_card (card_set_id, white_card_id) values (122000, 122057);
insert into white_cards (id, text, watermark) values (122058, 'Rising from the grave.', 'X2');
insert into card_set_white_card (card_set_id, white_card_id) values (122000, 122058);
insert into white_cards (id, text, watermark) values (122059, 'Scrotal frostbite.', 'X2');
insert into card_set_white_card (card_set_id, white_card_id) values (122000, 122059);
insert into white_cards (id, text, watermark) values (122060, 'Some really fucked-up shit.', 'X2');
insert into card_set_white_card (card_set_id, white_card_id) values (122000, 122060);
insert into white_cards (id, text, watermark) values (122061, 'Special musical guest, Cher.', 'X2');
insert into card_set_white_card (card_set_id, white_card_id) values (122000, 122061);
insert into white_cards (id, text, watermark) values (122062, 'Spring break!', 'X2');
insert into card_set_white_card (card_set_id, white_card_id) values (122000, 122062);
insert into white_cards (id, text, watermark) values (122063, 'Subduing a grizzly bear and making her your wife.', 'X2');
insert into card_set_white_card (card_set_id, white_card_id) values (122000, 122063);
insert into white_cards (id, text, watermark) values (122064, 'Survivor''s guilt.', 'X2');
insert into card_set_white_card (card_set_id, white_card_id) values (122000, 122064);
insert into white_cards (id, text, watermark) values (122065, 'Swiftly achieving orgasm.', 'X2');
insert into card_set_white_card (card_set_id, white_card_id) values (122000, 122065);
insert into white_cards (id, text, watermark) values (122066, 'Taking a man''s eyes and balls out and putting his eyes where his balls go and then his balls in the eye holes.', 'X2');
insert into card_set_white_card (card_set_id, white_card_id) values (122000, 122066);
insert into white_cards (id, text, watermark) values (122067, 'The black Power Ranger.', 'X2');
insert into card_set_white_card (card_set_id, white_card_id) values (122000, 122067);
insert into white_cards (id, text, watermark) values (122068, 'The corporations.', 'X2');
insert into card_set_white_card (card_set_id, white_card_id) values (122000, 122068);
insert into white_cards (id, text, watermark) values (122069, 'The day the birds attacked.', 'X2');
insert into card_set_white_card (card_set_id, white_card_id) values (122000, 122069);
insert into white_cards (id, text, watermark) values (122070, 'The Google.', 'X2');
insert into card_set_white_card (card_set_id, white_card_id) values (122000, 122070);
insert into white_cards (id, text, watermark) values (122071, 'The grey nutrient broth that sustains Mitt Romney.', 'X2');
insert into card_set_white_card (card_set_id, white_card_id) values (122000, 122071);
insert into white_cards (id, text, watermark) values (122072, 'The hose.', 'X2');
insert into card_set_white_card (card_set_id, white_card_id) values (122000, 122072);
insert into white_cards (id, text, watermark) values (122073, 'The human body.', 'X2');
insert into card_set_white_card (card_set_id, white_card_id) values (122000, 122073);
insert into white_cards (id, text, watermark) values (122074, 'The mere concept of Applebee''s®.', 'X2');
insert into card_set_white_card (card_set_id, white_card_id) values (122000, 122074);
insert into white_cards (id, text, watermark) values (122075, 'The mixing of the races.', 'X2');
insert into card_set_white_card (card_set_id, white_card_id) values (122000, 122075);
insert into white_cards (id, text, watermark) values (122076, 'The new Radiohead album.', 'X2');
insert into card_set_white_card (card_set_id, white_card_id) values (122000, 122076);
insert into white_cards (id, text, watermark) values (122077, 'Tiny nipples.', 'X2');
insert into card_set_white_card (card_set_id, white_card_id) values (122000, 122077);
insert into white_cards (id, text, watermark) values (122078, 'Tongue.', 'X2');
insert into card_set_white_card (card_set_id, white_card_id) values (122000, 122078);
insert into white_cards (id, text, watermark) values (122079, 'Upgrading homeless people to mobile hotspots.', 'X2');
insert into card_set_white_card (card_set_id, white_card_id) values (122000, 122079);
insert into white_cards (id, text, watermark) values (122080, 'Weapons-grade plutonium.', 'X2');
insert into card_set_white_card (card_set_id, white_card_id) values (122000, 122080);
insert into white_cards (id, text, watermark) values (122081, 'Wearing an octopus for a hat.', 'X2');
insert into card_set_white_card (card_set_id, white_card_id) values (122000, 122081);
insert into white_cards (id, text, watermark) values (122082, 'Whining like a little bitch.', 'X2');
insert into card_set_white_card (card_set_id, white_card_id) values (122000, 122082);
insert into white_cards (id, text, watermark) values (122083, 'Whipping a disobedient slave.', 'X2');
insert into card_set_white_card (card_set_id, white_card_id) values (122000, 122083);

insert into black_cards (id, text, draw, pick, watermark) values (122000, '____ would be incomplete without ____.', '1', '2', 'X2');
insert into card_set_black_card (card_set_id, black_card_id) values (122000, 122000);
insert into black_cards (id, text, draw, pick, watermark) values (122001, 'A remarkable new study has shown that monkeys have evolved their own primitive version of ____.', '0', '1', 'X2');
insert into card_set_black_card (card_set_id, black_card_id) values (122000, 122001);
insert into black_cards (id, text, draw, pick, watermark) values (122002, 'After months of debate, the Occupy Wall Street General Assembly could only agree on "More ____!"', '0', '1', 'X2');
insert into card_set_black_card (card_set_id, black_card_id) values (122000, 122002);
insert into black_cards (id, text, draw, pick, watermark) values (122003, 'Before ____, all we had was ____.', '1', '2', 'X2');
insert into card_set_black_card (card_set_id, black_card_id) values (122000, 122003);
insert into black_cards (id, text, draw, pick, watermark) values (122004, 'Before I run for president, I must destroy all evidence of my involvement with ____.', '0', '1', 'X2');
insert into card_set_black_card (card_set_id, black_card_id) values (122000, 122004);
insert into black_cards (id, text, draw, pick, watermark) values (122005, 'Charades was ruined for me forever when my dad had to act out ____.', '0', '1', 'X2');
insert into card_set_black_card (card_set_id, black_card_id) values (122000, 122005);
insert into black_cards (id, text, draw, pick, watermark) values (122006, 'During his midlife crisis, my mom got really into ____.', '0', '1', 'X2');
insert into card_set_black_card (card_set_id, black_card_id) values (122000, 122006);
insert into black_cards (id, text, draw, pick, watermark) values (122007, 'Everyone down on the ground! We don''t want to hurt anyone. We''re just here for ____.', '0', '1', 'X2');
insert into card_set_black_card (card_set_id, black_card_id) values (122000, 122007);
insert into black_cards (id, text, draw, pick, watermark) values (122008, 'I spent my whole life trying to escape from ____, only to have it ruined by ____.', '1', '2', 'X2');
insert into card_set_black_card (card_set_id, black_card_id) values (122000, 122008);
insert into black_cards (id, text, draw, pick, watermark) values (122009, 'I went from ____ to ____, all thanks to ____.', '2', '3', 'X2');
insert into card_set_black_card (card_set_id, black_card_id) values (122000, 122009);
insert into black_cards (id, text, draw, pick, watermark) values (122010, 'If God didn''t want us to enjoy ____, he wouldn''t have given us ____.', '1', '2', 'X2');
insert into card_set_black_card (card_set_id, black_card_id) values (122000, 122010);
insert into black_cards (id, text, draw, pick, watermark) values (122011, 'In his newest and most difficult stunt, David Blaine must escape from ____.', '0', '1', 'X2');
insert into card_set_black_card (card_set_id, black_card_id) values (122000, 122011);
insert into black_cards (id, text, draw, pick, watermark) values (122012, 'Little Miss Muffet Sat on a tuffet, Eating her curds and ____.', '0', '1', 'X2');
insert into card_set_black_card (card_set_id, black_card_id) values (122000, 122012);
insert into black_cards (id, text, draw, pick, watermark) values (122013, 'Members of New York''s social elite are paying thousands of dollars just to experience ____.', '0', '1', 'X2');
insert into card_set_black_card (card_set_id, black_card_id) values (122000, 122013);
insert into black_cards (id, text, draw, pick, watermark) values (122014, 'My country, ''tis of thee, sweet land of ____.', '0', '1', 'X2');
insert into card_set_black_card (card_set_id, black_card_id) values (122000, 122014);
insert into black_cards (id, text, draw, pick, watermark) values (122015, 'My dad freaked out when he looked at my browser history and found ____.com/____.', '1', '2', 'X2');
insert into card_set_black_card (card_set_id, black_card_id) values (122000, 122015);
insert into black_cards (id, text, draw, pick, watermark) values (122016, 'My new favorite porn star is Joey "____" McGee.', '0', '1', 'X2');
insert into card_set_black_card (card_set_id, black_card_id) values (122000, 122016);
insert into black_cards (id, text, draw, pick, watermark) values (122017, 'Next time on Dr. Phil: How to talk to your child about ____.', '0', '1', 'X2');
insert into card_set_black_card (card_set_id, black_card_id) values (122000, 122017);
insert into black_cards (id, text, draw, pick, watermark) values (122018, 'Only two things in life are certain: ____ and taxes.', '0', '1', 'X2');
insert into card_set_black_card (card_set_id, black_card_id) values (122000, 122018);
insert into black_cards (id, text, draw, pick, watermark) values (122019, 'The Five Stages of Grief: denial, anger, ____, ____, ____.', '2', '3', 'X2');
insert into card_set_black_card (card_set_id, black_card_id) values (122000, 122019);
insert into black_cards (id, text, draw, pick, watermark) values (122020, 'The healing process began when I joined a support group for addiction to ____.', '0', '1', 'X2');
insert into card_set_black_card (card_set_id, black_card_id) values (122000, 122020);
insert into black_cards (id, text, draw, pick, watermark) values (122021, 'The votes are in, and the new high school mascot is ____.', '0', '1', 'X2');
insert into card_set_black_card (card_set_id, black_card_id) values (122000, 122021);
insert into black_cards (id, text, draw, pick, watermark) values (122022, 'This is your captain speaking. Prepare for ____.', '0', '1', 'X2');
insert into card_set_black_card (card_set_id, black_card_id) values (122000, 122022);
insert into black_cards (id, text, draw, pick, watermark) values (122023, 'This month''s Cosmo: "Spice up your sex life by bringing ____ into the bedroom."', '0', '1', 'X2');
insert into card_set_black_card (card_set_id, black_card_id) values (122000, 122023);
insert into black_cards (id, text, draw, pick, watermark) values (122024, 'Tonight on 20/20: What you don''t know about ____ could kill you.', '0', '1', 'X2');
insert into card_set_black_card (card_set_id, black_card_id) values (122000, 122024);
insert into black_cards (id, text, draw, pick, watermark) values (122025, 'What''s harshing my mellow, man?', '0', '1', 'X2');
insert into card_set_black_card (card_set_id, black_card_id) values (122000, 122025);
insert into black_cards (id, text, draw, pick, watermark) values (122026, 'You haven''t truly lived until you''ve experienced ____ and ____ at the same time.', '1', '2', 'X2');
insert into card_set_black_card (card_set_id, black_card_id) values (122000, 122026);
insert into black_cards (id, text, draw, pick, watermark) values (122027, 'Your persistence is admirable, my dear Princess. But you cannot win my heart with ____ alone.', '0', '1', 'X2');
insert into card_set_black_card (card_set_id, black_card_id) values (122000, 122027);

COMMIT;
