BEGIN;

delete from card_set_white_card where card_set_id = 123000;
delete from card_set_black_card where card_set_id = 123000;
delete from white_cards where id >= 123000 and id <= 123999;
delete from black_cards where id >= 123000 and id <= 123999;
delete from card_set where id=123000;

insert into card_set (id, active, name, base_deck, description, weight) values (123000, 't', '3rd Expansion', 'f', '3rd Expansion.', 999);

insert into white_cards (id, text, watermark) values (123000, 'A black male in his early 20s, last seen wearing a hoodie.', 'X3');
insert into card_set_white_card (card_set_id, white_card_id) values (123000, 123000);
insert into white_cards (id, text, watermark) values (123001, 'A boo-boo.', 'X3');
insert into card_set_white_card (card_set_id, white_card_id) values (123000, 123001);
insert into white_cards (id, text, watermark) values (123002, 'A botched circumcision.', 'X3');
insert into card_set_white_card (card_set_id, white_card_id) values (123000, 123002);
insert into white_cards (id, text, watermark) values (123003, 'A cat video so cute that your eyes roll back and your spine slides out of your anus.', 'X3');
insert into card_set_white_card (card_set_id, white_card_id) values (123000, 123003);
insert into white_cards (id, text, watermark) values (123004, 'A cop who is also a dog.', 'X3');
insert into card_set_white_card (card_set_id, white_card_id) values (123000, 123004);
insert into white_cards (id, text, watermark) values (123005, 'A greased-up Matthew McConaughey.', 'X3');
insert into card_set_white_card (card_set_id, white_card_id) values (123000, 123005);
insert into white_cards (id, text, watermark) values (123006, 'A Japanese toaster you can fuck.', 'X3');
insert into card_set_white_card (card_set_id, white_card_id) values (123000, 123006);
insert into white_cards (id, text, watermark) values (123007, 'A lamprey swimming up the toilet and latching onto your taint.', 'X3');
insert into card_set_white_card (card_set_id, white_card_id) values (123000, 123007);
insert into white_cards (id, text, watermark) values (123008, 'A pile of squirming bodies.', 'X3');
insert into card_set_white_card (card_set_id, white_card_id) values (123000, 123008);
insert into white_cards (id, text, watermark) values (123009, 'A PowerPoint presentation.', 'X3');
insert into card_set_white_card (card_set_id, white_card_id) values (123000, 123009);
insert into white_cards (id, text, watermark) values (123010, 'A spontaneous conga line.', 'X3');
insert into card_set_white_card (card_set_id, white_card_id) values (123000, 123010);
insert into white_cards (id, text, watermark) values (123011, 'A surprising amount of hair.', 'X3');
insert into card_set_white_card (card_set_id, white_card_id) values (123000, 123011);
insert into white_cards (id, text, watermark) values (123012, 'A vagina that leads to another dimension.', 'X3');
insert into card_set_white_card (card_set_id, white_card_id) values (123000, 123012);
insert into white_cards (id, text, watermark) values (123013, 'Actually getting shot, for real.', 'X3');
insert into card_set_white_card (card_set_id, white_card_id) values (123000, 123013);
insert into white_cards (id, text, watermark) values (123014, 'All my friends dying.', 'X3');
insert into card_set_white_card (card_set_id, white_card_id) values (123000, 123014);
insert into white_cards (id, text, watermark) values (123015, 'An all-midget production of Shakespeare’s Richard III.', 'X3');
insert into card_set_white_card (card_set_id, white_card_id) values (123000, 123015);
insert into white_cards (id, text, watermark) values (123016, 'An ass disaster.', 'X3');
insert into card_set_white_card (card_set_id, white_card_id) values (123000, 123016);
insert into white_cards (id, text, watermark) values (123017, 'An unstoppable wave of fire ants.', 'X3');
insert into card_set_white_card (card_set_id, white_card_id) values (123000, 123017);
insert into white_cards (id, text, watermark) values (123018, 'Bill Clinton, naked on a bearskin rug with a saxophone.', 'X3');
insert into card_set_white_card (card_set_id, white_card_id) values (123000, 123018);
insert into white_cards (id, text, watermark) values (123019, 'Blood farts.', 'X3');
insert into card_set_white_card (card_set_id, white_card_id) values (123000, 123019);
insert into white_cards (id, text, watermark) values (123020, 'Blowing some dudes in an alley.', 'X3');
insert into card_set_white_card (card_set_id, white_card_id) values (123000, 123020);
insert into white_cards (id, text, watermark) values (123021, 'Buying the right pants to be cool.', 'X3');
insert into card_set_white_card (card_set_id, white_card_id) values (123000, 123021);
insert into white_cards (id, text, watermark) values (123022, 'Chugging a lava lamp.', 'X3');
insert into card_set_white_card (card_set_id, white_card_id) values (123000, 123022);
insert into white_cards (id, text, watermark) values (123023, 'Cock.', 'X3');
insert into card_set_white_card (card_set_id, white_card_id) values (123000, 123023);
insert into white_cards (id, text, watermark) values (123024, 'Crying into the pages of Sylvia Plath.', 'X3');
insert into card_set_white_card (card_set_id, white_card_id) values (123000, 123024);
insert into white_cards (id, text, watermark) values (123025, 'Demonic possession.', 'X3');
insert into card_set_white_card (card_set_id, white_card_id) values (123000, 123025);
insert into white_cards (id, text, watermark) values (123026, 'Disco fever.', 'X3');
insert into card_set_white_card (card_set_id, white_card_id) values (123000, 123026);
insert into white_cards (id, text, watermark) values (123027, 'Drinking ten 5-hour ENERGYs® to get fifty continuous hours of energy.', 'X3');
insert into card_set_white_card (card_set_id, white_card_id) values (123000, 123027);
insert into white_cards (id, text, watermark) values (123028, 'Dying alone and in pain.', 'X3');
insert into card_set_white_card (card_set_id, white_card_id) values (123000, 123028);
insert into white_cards (id, text, watermark) values (123029, 'Eating Tom Selleck’s mustache to gain his powers.', 'X3');
insert into card_set_white_card (card_set_id, white_card_id) values (123000, 123029);
insert into white_cards (id, text, watermark) values (123030, 'Filling every orifice with butterscotch pudding.', 'X3');
insert into card_set_white_card (card_set_id, white_card_id) values (123000, 123030);
insert into white_cards (id, text, watermark) values (123031, 'Fisting.', 'X3');
insert into card_set_white_card (card_set_id, white_card_id) values (123000, 123031);
insert into white_cards (id, text, watermark) values (123032, 'Flying robots that kill people.', 'X3');
insert into card_set_white_card (card_set_id, white_card_id) values (123000, 123032);
insert into white_cards (id, text, watermark) values (123033, 'Gay aliens.', 'X3');
insert into card_set_white_card (card_set_id, white_card_id) values (123000, 123033);
insert into white_cards (id, text, watermark) values (123034, 'Getting your dick stuck in a Chinese finger trap with another dick.', 'X3');
insert into card_set_white_card (card_set_id, white_card_id) values (123000, 123034);
insert into white_cards (id, text, watermark) values (123035, 'Girls that always be textin’.', 'X3');
insert into card_set_white_card (card_set_id, white_card_id) values (123000, 123035);
insert into white_cards (id, text, watermark) values (123036, 'Going around punching people.', 'X3');
insert into card_set_white_card (card_set_id, white_card_id) values (123000, 123036);
insert into white_cards (id, text, watermark) values (123037, 'Having sex on top of a pizza.', 'X3');
insert into card_set_white_card (card_set_id, white_card_id) values (123000, 123037);
insert into white_cards (id, text, watermark) values (123038, 'Having shotguns for legs.', 'X3');
insert into card_set_white_card (card_set_id, white_card_id) values (123000, 123038);
insert into white_cards (id, text, watermark) values (123039, 'Indescribable loneliness.', 'X3');
insert into card_set_white_card (card_set_id, white_card_id) values (123000, 123039);
insert into white_cards (id, text, watermark) values (123040, 'Jumping out at people.', 'X3');
insert into card_set_white_card (card_set_id, white_card_id) values (123000, 123040);
insert into white_cards (id, text, watermark) values (123041, 'Letting everyone down.', 'X3');
insert into card_set_white_card (card_set_id, white_card_id) values (123000, 123041);
insert into white_cards (id, text, watermark) values (123042, 'Mufasa’s death scene.', 'X3');
insert into card_set_white_card (card_set_id, white_card_id) values (123000, 123042);
insert into white_cards (id, text, watermark) values (123043, 'My manservant, Claude.', 'X3');
insert into card_set_white_card (card_set_id, white_card_id) values (123000, 123043);
insert into white_cards (id, text, watermark) values (123044, 'Not contributing to society in any meaningful way.', 'X3');
insert into card_set_white_card (card_set_id, white_card_id) values (123000, 123044);
insert into white_cards (id, text, watermark) values (123045, 'Not having sex.', 'X3');
insert into card_set_white_card (card_set_id, white_card_id) values (123000, 123045);
insert into white_cards (id, text, watermark) values (123046, 'Nothing.', 'X3');
insert into card_set_white_card (card_set_id, white_card_id) values (123000, 123046);
insert into white_cards (id, text, watermark) values (123047, 'Putting an entire peanut butter and jelly sandwich into the VCR.', 'X3');
insert into card_set_white_card (card_set_id, white_card_id) values (123000, 123047);
insert into white_cards (id, text, watermark) values (123048, 'Racial profiling.', 'X3');
insert into card_set_white_card (card_set_id, white_card_id) values (123000, 123048);
insert into white_cards (id, text, watermark) values (123049, 'Reverse cowgirl.', 'X3');
insert into card_set_white_card (card_set_id, white_card_id) values (123000, 123049);
insert into white_cards (id, text, watermark) values (123050, 'Roland the Farter, flatulist to the king.', 'X3');
insert into card_set_white_card (card_set_id, white_card_id) values (123000, 123050);
insert into white_cards (id, text, watermark) values (123051, 'Running naked through a mall, pissing and shitting everywhere.', 'X3');
insert into card_set_white_card (card_set_id, white_card_id) values (123000, 123051);
insert into white_cards (id, text, watermark) values (123052, 'Samuel L. Jackson.', 'X3');
insert into card_set_white_card (card_set_id, white_card_id) values (123000, 123052);
insert into white_cards (id, text, watermark) values (123053, 'Screaming like a maniac.', 'X3');
insert into card_set_white_card (card_set_id, white_card_id) values (123000, 123053);
insert into white_cards (id, text, watermark) values (123054, 'Self-flagellation.', 'X3');
insert into card_set_white_card (card_set_id, white_card_id) values (123000, 123054);
insert into white_cards (id, text, watermark) values (123055, 'Shutting the fuck up.', 'X3');
insert into card_set_white_card (card_set_id, white_card_id) values (123000, 123055);
insert into white_cards (id, text, watermark) values (123056, 'Slapping a racist old lady.', 'X3');
insert into card_set_white_card (card_set_id, white_card_id) values (123000, 123056);
insert into white_cards (id, text, watermark) values (123057, 'Sneezing, farting, and cumming at the same time.', 'X3');
insert into card_set_white_card (card_set_id, white_card_id) values (123000, 123057);
insert into white_cards (id, text, watermark) values (123058, 'Some douche with an acoustic guitar.', 'X3');
insert into card_set_white_card (card_set_id, white_card_id) values (123000, 123058);
insert into white_cards (id, text, watermark) values (123059, 'Some kind of bird-man.', 'X3');
insert into card_set_white_card (card_set_id, white_card_id) values (123000, 123059);
insert into white_cards (id, text, watermark) values (123060, 'Spending lots of money.', 'X3');
insert into card_set_white_card (card_set_id, white_card_id) values (123000, 123060);
insert into white_cards (id, text, watermark) values (123061, 'That ass.', 'X3');
insert into card_set_white_card (card_set_id, white_card_id) values (123000, 123061);
insert into white_cards (id, text, watermark) values (123062, 'The entire Internet.', 'X3');
insert into card_set_white_card (card_set_id, white_card_id) values (123000, 123062);
insert into white_cards (id, text, watermark) values (123063, 'The Harlem Globetrotters.', 'X3');
insert into card_set_white_card (card_set_id, white_card_id) values (123000, 123063);
insert into white_cards (id, text, watermark) values (123064, 'The Land of Chocolate.', 'X3');
insert into card_set_white_card (card_set_id, white_card_id) values (123000, 123064);
insert into white_cards (id, text, watermark) values (123065, 'The moist, demanding chasm of his mouth.', 'X3');
insert into card_set_white_card (card_set_id, white_card_id) values (123000, 123065);
insert into white_cards (id, text, watermark) values (123066, 'The primal, ball-slapping sex your parents are having right now.', 'X3');
insert into card_set_white_card (card_set_id, white_card_id) values (123000, 123066);
insert into white_cards (id, text, watermark) values (123067, 'The Quesadilla Explosion Salad™ from Chili’s.®', 'X3');
insert into card_set_white_card (card_set_id, white_card_id) values (123000, 123067);
insert into white_cards (id, text, watermark) values (123068, 'The systematic destruction of an entire people and their way of life.', 'X3');
insert into card_set_white_card (card_set_id, white_card_id) values (123000, 123068);
insert into white_cards (id, text, watermark) values (123069, 'The thin veneer of situational causality that underlies porn.', 'X3');
insert into card_set_white_card (card_set_id, white_card_id) values (123000, 123069);
insert into white_cards (id, text, watermark) values (123070, 'The way white people is.', 'X3');
insert into card_set_white_card (card_set_id, white_card_id) values (123000, 123070);
insert into white_cards (id, text, watermark) values (123071, 'Three months in the hole.', 'X3');
insert into card_set_white_card (card_set_id, white_card_id) values (123000, 123071);
insert into white_cards (id, text, watermark) values (123072, 'Unlimited soup, salad, and breadsticks.', 'X3');
insert into card_set_white_card (card_set_id, white_card_id) values (123000, 123072);
insert into white_cards (id, text, watermark) values (123073, 'Velcro™.', 'X3');
insert into card_set_white_card (card_set_id, white_card_id) values (123000, 123073);
insert into white_cards (id, text, watermark) values (123074, 'Vietnam flashbacks.', 'X3');
insert into card_set_white_card (card_set_id, white_card_id) values (123000, 123074);
insert into white_cards (id, text, watermark) values (123075, 'Vomiting mid-blowjob.', 'X3');
insert into card_set_white_card (card_set_id, white_card_id) values (123000, 123075);
insert into white_cards (id, text, watermark) values (123076, 'Warm, velvety muppet sex.', 'X3');
insert into card_set_white_card (card_set_id, white_card_id) values (123000, 123076);

insert into black_cards (id, text, draw, pick, watermark) values (123000, '____: Hours of fun. Easy to use. Perfect for ____!', '1', '2', 'X3');
insert into card_set_black_card (card_set_id, black_card_id) values (123000, 123000);
insert into black_cards (id, text, draw, pick, watermark) values (123001, '____. Great in theory, kind of a mess in practice.', '0', '1', 'X3');
insert into card_set_black_card (card_set_id, black_card_id) values (123000, 123001);
insert into black_cards (id, text, draw, pick, watermark) values (123002, 'A successful job interview begins with ____ and ends with ____.', '1', '2', 'X3');
insert into card_set_black_card (card_set_id, black_card_id) values (123000, 123002);
insert into black_cards (id, text, draw, pick, watermark) values (123003, 'After months of practice with ____, I’m finally ready for ____.', '1', '2', 'X3');
insert into card_set_black_card (card_set_id, black_card_id) values (123000, 123003);
insert into black_cards (id, text, draw, pick, watermark) values (123004, 'And what did you bring for show & tell?', '0', '1', 'X3');
insert into card_set_black_card (card_set_id, black_card_id) values (123000, 123004);
insert into black_cards (id, text, draw, pick, watermark) values (123005, 'As part of his contract, Prince won’t perform without ____ in his dressing room.', '0', '1', 'X3');
insert into card_set_black_card (card_set_id, black_card_id) values (123000, 123005);
insert into black_cards (id, text, draw, pick, watermark) values (123006, 'As part of his daily regimen, Anderson Cooper sets aside 15 minutes for ____.', '0', '1', 'X3');
insert into card_set_black_card (card_set_id, black_card_id) values (123000, 123006);
insert into black_cards (id, text, draw, pick, watermark) values (123007, 'Call the law offices of Goldstein & Goldstein, because no one should have to tolerate ____ in the workplace.', '0', '1', 'X3');
insert into card_set_black_card (card_set_id, black_card_id) values (123000, 123007);
insert into black_cards (id, text, draw, pick, watermark) values (123008, 'During high school I never really fit in until I found ____ club.', '0', '1', 'X3');
insert into card_set_black_card (card_set_id, black_card_id) values (123000, 123008);
insert into black_cards (id, text, draw, pick, watermark) values (123009, 'Finally! A service that delivers ____ and ____ right to your door.', '1', '2', 'X3');
insert into card_set_black_card (card_set_id, black_card_id) values (123000, 123009);
insert into black_cards (id, text, draw, pick, watermark) values (123010, 'Having problems with ____? We recommend ____!', '1', '2', 'X3');
insert into card_set_black_card (card_set_id, black_card_id) values (123000, 123010);
insert into black_cards (id, text, draw, pick, watermark) values (123011, 'Hey baby, come back to my place and I’ll show you ____.', '0', '1', 'X3');
insert into card_set_black_card (card_set_id, black_card_id) values (123000, 123011);
insert into black_cards (id, text, draw, pick, watermark) values (123012, 'I’m not like you. I’m too rich and busy for ____.', '0', '1', 'X3');
insert into card_set_black_card (card_set_id, black_card_id) values (123000, 123012);
insert into black_cards (id, text, draw, pick, watermark) values (123013, 'In the sixth circle of Hell, sinners must endure ____ for all eternity.', '0', '1', 'X3');
insert into card_set_black_card (card_set_id, black_card_id) values (123000, 123013);
insert into black_cards (id, text, draw, pick, watermark) values (123014, 'Listen, son. If you want to get involved with ____, I won’t stop you. Just steer clear of ____.', '1', '2', 'X3');
insert into card_set_black_card (card_set_id, black_card_id) values (123000, 123014);
insert into black_cards (id, text, draw, pick, watermark) values (123015, 'Lovin'' you is easy ''cause you’re ____.', '0', '1', 'X3');
insert into card_set_black_card (card_set_id, black_card_id) values (123000, 123015);
insert into black_cards (id, text, draw, pick, watermark) values (123016, 'Money can’t buy me ____, but it can buy me ____.', '1', '2', 'X3');
insert into card_set_black_card (card_set_id, black_card_id) values (123000, 123016);
insert into black_cards (id, text, draw, pick, watermark) values (123017, 'My gym teacher got fired for adding ____ to the obstacle course.', '0', '1', 'X3');
insert into card_set_black_card (card_set_id, black_card_id) values (123000, 123017);
insert into black_cards (id, text, draw, pick, watermark) values (123018, 'My life is ruled by a vicious cycle of ____ and ____.', '1', '2', 'X3');
insert into card_set_black_card (card_set_id, black_card_id) values (123000, 123018);
insert into black_cards (id, text, draw, pick, watermark) values (123019, 'The date was going horribly until we discovered our shared interest in ____.', '0', '1', 'X3');
insert into card_set_black_card (card_set_id, black_card_id) values (123000, 123019);
insert into black_cards (id, text, draw, pick, watermark) values (123020, 'To prepare for his upcoming role, Daniel Day-Lewis immersed himself in the world of ____.', '0', '1', 'X3');
insert into card_set_black_card (card_set_id, black_card_id) values (123000, 123020);
insert into black_cards (id, text, draw, pick, watermark) values (123021, 'Turns out that ____-Woman was neither the hero we needed nor wanted.', '0', '1', 'X3');
insert into card_set_black_card (card_set_id, black_card_id) values (123000, 123021);
insert into black_cards (id, text, draw, pick, watermark) values (123022, 'What left this stain on my bed?', '0', '1', 'X3');
insert into card_set_black_card (card_set_id, black_card_id) values (123000, 123022);
insert into black_cards (id, text, draw, pick, watermark) values (123023, 'When you get right down to it, ____ is just ____ but with more ____.', '2', '3', 'X3');
insert into card_set_black_card (card_set_id, black_card_id) values (123000, 123023);
insert into black_cards (id, text, draw, pick, watermark) values (123024, 'With enough time and pleasure, ____ will turn into ____.', '1', '2', 'X3');
insert into card_set_black_card (card_set_id, black_card_id) values (123000, 123024);

COMMIT;
