BEGIN;

delete from card_set_white_card where card_set_id = 124000;
delete from card_set_black_card where card_set_id = 124000;
delete from white_cards where id >= 124000 and id <= 124999;
delete from black_cards where id >= 124000 and id <= 124999;
delete from card_set where id=124000;

insert into card_set (id, active, name, base_deck, description, weight) values (124000, 't', '4th Expansion', 'f', '4th Expansion', 999);

insert into white_cards (id, text, watermark) values (124000, '10 Incredible Facts About the Anus.', 'X4');
insert into card_set_white_card (card_set_id, white_card_id) values (124000, 124000);
insert into white_cards (id, text, watermark) values (124001, 'A bunch of idiots playing a card game instead of interacting like normal humans.', 'X4');
insert into card_set_white_card (card_set_id, white_card_id) values (124000, 124001);
insert into white_cards (id, text, watermark) values (124002, 'A dance move that''s just sex.', 'X4');
insert into card_set_white_card (card_set_id, white_card_id) values (124000, 124002);
insert into white_cards (id, text, watermark) values (124003, 'A fart.', 'X4');
insert into card_set_white_card (card_set_id, white_card_id) values (124000, 124003);
insert into white_cards (id, text, watermark) values (124004, 'A for-real lizard that spits blood from its eyes.', 'X4');
insert into card_set_white_card (card_set_id, white_card_id) values (124000, 124004);
insert into white_cards (id, text, watermark) values (124005, 'A gender identity that can only be conveyed through slam poetry.', 'X4');
insert into card_set_white_card (card_set_id, white_card_id) values (124000, 124005);
insert into white_cards (id, text, watermark) values (124006, 'A hopeless amount of spiders.', 'X4');
insert into card_set_white_card (card_set_id, white_card_id) values (124000, 124006);
insert into white_cards (id, text, watermark) values (124007, 'A horse with no legs.', 'X4');
insert into card_set_white_card (card_set_id, white_card_id) values (124000, 124007);
insert into white_cards (id, text, watermark) values (124008, 'A kiss on the lips.', 'X4');
insert into card_set_white_card (card_set_id, white_card_id) values (124000, 124008);
insert into white_cards (id, text, watermark) values (124009, 'A manhole.', 'X4');
insert into card_set_white_card (card_set_id, white_card_id) values (124000, 124009);
insert into white_cards (id, text, watermark) values (124010, 'A Native American who solves crimes by going into the spirit world.', 'X4');
insert into card_set_white_card (card_set_id, white_card_id) values (124000, 124010);
insert into white_cards (id, text, watermark) values (124011, 'A sex comet from Neptune that plunges the Earth into eternal sexiness.', 'X4');
insert into card_set_white_card (card_set_id, white_card_id) values (124000, 124011);
insert into white_cards (id, text, watermark) values (124012, 'A sex goblin with a carnival penis.', 'X4');
insert into card_set_white_card (card_set_id, white_card_id) values (124000, 124012);
insert into white_cards (id, text, watermark) values (124013, 'A shiny rock that proves I love you.', 'X4');
insert into card_set_white_card (card_set_id, white_card_id) values (124000, 124013);
insert into white_cards (id, text, watermark) values (124014, 'A Ugandan warlord.', 'X4');
insert into card_set_white_card (card_set_id, white_card_id) values (124000, 124014);
insert into white_cards (id, text, watermark) values (124015, 'Actual mutants with medical conditions and no superpowers.', 'X4');
insert into card_set_white_card (card_set_id, white_card_id) values (124000, 124015);
insert into white_cards (id, text, watermark) values (124016, 'Africa.', 'X4');
insert into card_set_white_card (card_set_id, white_card_id) values (124000, 124016);
insert into white_cards (id, text, watermark) values (124017, 'All the single ladies.', 'X4');
insert into card_set_white_card (card_set_id, white_card_id) values (124000, 124017);
insert into white_cards (id, text, watermark) values (124018, 'Almost giving money to a homeless person.', 'X4');
insert into card_set_white_card (card_set_id, white_card_id) values (124000, 124018);
insert into white_cards (id, text, watermark) values (124019, 'Ambiguous sarcasm.', 'X4');
insert into card_set_white_card (card_set_id, white_card_id) values (124000, 124019);
insert into white_cards (id, text, watermark) values (124020, 'An interracial handshake.', 'X4');
insert into card_set_white_card (card_set_id, white_card_id) values (124000, 124020);
insert into white_cards (id, text, watermark) values (124021, 'Angelheaded hipsters burning for the ancient heavenly connection to the starry dynamo in the machinery of night.', 'X4');
insert into card_set_white_card (card_set_id, white_card_id) values (124000, 124021);
insert into white_cards (id, text, watermark) values (124022, 'Ass to mouth.', 'X4');
insert into card_set_white_card (card_set_id, white_card_id) values (124000, 124022);
insert into white_cards (id, text, watermark) values (124023, 'Blackula.', 'X4');
insert into card_set_white_card (card_set_id, white_card_id) values (124000, 124023);
insert into white_cards (id, text, watermark) values (124024, 'Bouncing up and down.', 'X4');
insert into card_set_white_card (card_set_id, white_card_id) values (124000, 124024);
insert into white_cards (id, text, watermark) values (124025, 'Calculating every mannerism so as not to suggest homosexuality.', 'X4');
insert into card_set_white_card (card_set_id, white_card_id) values (124000, 124025);
insert into white_cards (id, text, watermark) values (124026, 'Child Protective Services.', 'X4');
insert into card_set_white_card (card_set_id, white_card_id) values (124000, 124026);
insert into white_cards (id, text, watermark) values (124027, 'Crazy opium eyes.', 'X4');
insert into card_set_white_card (card_set_id, white_card_id) values (124000, 124027);
insert into white_cards (id, text, watermark) values (124028, 'Dem titties.', 'X4');
insert into card_set_white_card (card_set_id, white_card_id) values (124000, 124028);
insert into white_cards (id, text, watermark) values (124029, 'Dat ass.', 'X4');
insert into card_set_white_card (card_set_id, white_card_id) values (124000, 124029);
insert into white_cards (id, text, watermark) values (124030, 'Doo-doo.', 'X4');
insert into card_set_white_card (card_set_id, white_card_id) values (124000, 124030);
insert into white_cards (id, text, watermark) values (124031, 'Drinking responsibly.', 'X4');
insert into card_set_white_card (card_set_id, white_card_id) values (124000, 124031);
insert into white_cards (id, text, watermark) values (124032, 'Exploding pigeons.', 'X4');
insert into card_set_white_card (card_set_id, white_card_id) values (124000, 124032);
insert into white_cards (id, text, watermark) values (124033, 'Falling into the toilet.', 'X4');
insert into card_set_white_card (card_set_id, white_card_id) values (124000, 124033);
insert into white_cards (id, text, watermark) values (124034, 'Finally finishing off the Indians.', 'X4');
insert into card_set_white_card (card_set_id, white_card_id) values (124000, 124034);
insert into white_cards (id, text, watermark) values (124035, 'Fucking a corpse back to life.', 'X4');
insert into card_set_white_card (card_set_id, white_card_id) values (124000, 124035);
insert into white_cards (id, text, watermark) values (124036, 'Grammar nazis who are also regular Nazis.', 'X4');
insert into card_set_white_card (card_set_id, white_card_id) values (124000, 124036);
insert into white_cards (id, text, watermark) values (124037, 'How awesome I am.', 'X4');
insert into card_set_white_card (card_set_id, white_card_id) values (124000, 124037);
insert into white_cards (id, text, watermark) values (124038, 'Injecting speed into one arm and horse tranquilizer into the other.', 'X4');
insert into card_set_white_card (card_set_id, white_card_id) values (124000, 124038);
insert into white_cards (id, text, watermark) values (124039, 'Interspecies marriage.', 'X4');
insert into card_set_white_card (card_set_id, white_card_id) values (124000, 124039);
insert into white_cards (id, text, watermark) values (124040, 'Jizz.', 'X4');
insert into card_set_white_card (card_set_id, white_card_id) values (124000, 124040);
insert into white_cards (id, text, watermark) values (124041, 'Khakis.', 'X4');
insert into card_set_white_card (card_set_id, white_card_id) values (124000, 124041);
insert into white_cards (id, text, watermark) values (124042, 'Lots and lots of abortions.', 'X4');
insert into card_set_white_card (card_set_id, white_card_id) values (124000, 124042);
insert into white_cards (id, text, watermark) values (124043, 'Moderate-to-severe joint pain.', 'X4');
insert into card_set_white_card (card_set_id, white_card_id) values (124000, 124043);
insert into white_cards (id, text, watermark) values (124044, 'My dad''s dumb fucking face.', 'X4');
insert into card_set_white_card (card_set_id, white_card_id) values (124000, 124044);
insert into white_cards (id, text, watermark) values (124045, 'My sex dungeon.', 'X4');
insert into card_set_white_card (card_set_id, white_card_id) values (124000, 124045);
insert into white_cards (id, text, watermark) values (124046, 'My worthless son.', 'X4');
insert into card_set_white_card (card_set_id, white_card_id) values (124000, 124046);
insert into white_cards (id, text, watermark) values (124047, 'Neil Diamond''s Greatest Hits.', 'X4');
insert into card_set_white_card (card_set_id, white_card_id) values (124000, 124047);
insert into white_cards (id, text, watermark) values (124048, 'No clothes on, penis in vagina.', 'X4');
insert into card_set_white_card (card_set_id, white_card_id) values (124000, 124048);
insert into white_cards (id, text, watermark) values (124049, 'Party Mexicans.', 'X4');
insert into card_set_white_card (card_set_id, white_card_id) values (124000, 124049);
insert into white_cards (id, text, watermark) values (124050, 'Prince Ali, fabulous he, Ali Ababwa.', 'X4');
insert into card_set_white_card (card_set_id, white_card_id) values (124000, 124050);
insert into white_cards (id, text, watermark) values (124051, 'Sharks with legs.', 'X4');
insert into card_set_white_card (card_set_id, white_card_id) values (124000, 124051);
insert into white_cards (id, text, watermark) values (124052, 'Smoking crack, for instance.', 'X4');
insert into card_set_white_card (card_set_id, white_card_id) values (124000, 124052);
insert into white_cards (id, text, watermark) values (124053, 'Snorting coke off a clown''s boner.', 'X4');
insert into card_set_white_card (card_set_id, white_card_id) values (124000, 124053);
insert into white_cards (id, text, watermark) values (124054, 'Some sort of Asian.', 'X4');
insert into card_set_white_card (card_set_id, white_card_id) values (124000, 124054);
insert into white_cards (id, text, watermark) values (124055, 'Sports.', 'X4');
insert into card_set_white_card (card_set_id, white_card_id) values (124000, 124055);
insert into white_cards (id, text, watermark) values (124056, 'Stuffing a child''s face with Fun Dip® until he starts having fun.', 'X4');
insert into card_set_white_card (card_set_id, white_card_id) values (124000, 124056);
insert into white_cards (id, text, watermark) values (124057, 'Sugar madness.', 'X4');
insert into card_set_white_card (card_set_id, white_card_id) values (124000, 124057);
insert into white_cards (id, text, watermark) values (124058, 'The best taquito in the galaxy.', 'X4');
insert into card_set_white_card (card_set_id, white_card_id) values (124000, 124058);
insert into white_cards (id, text, watermark) values (124059, 'The complex geopolitical quagmire that is the Middle East.', 'X4');
insert into card_set_white_card (card_set_id, white_card_id) values (124000, 124059);
insert into white_cards (id, text, watermark) values (124060, 'The euphoric rush of strangling a drifter.', 'X4');
insert into card_set_white_card (card_set_id, white_card_id) values (124000, 124060);
insert into white_cards (id, text, watermark) values (124061, 'The peaceful and nonthreatening rise of China.', 'X4');
insert into card_set_white_card (card_set_id, white_card_id) values (124000, 124061);
insert into white_cards (id, text, watermark) values (124062, 'The safe word.', 'X4');
insert into card_set_white_card (card_set_id, white_card_id) values (124000, 124062);
insert into white_cards (id, text, watermark) values (124063, 'The secret formula for ultimate female satisfaction.', 'X4');
insert into card_set_white_card (card_set_id, white_card_id) values (124000, 124063);
insert into white_cards (id, text, watermark) values (124064, 'The size of my penis.', 'X4');
insert into card_set_white_card (card_set_id, white_card_id) values (124000, 124064);
insert into white_cards (id, text, watermark) values (124065, 'The tiniest shred of evidence that God is real.', 'X4');
insert into card_set_white_card (card_set_id, white_card_id) values (124000, 124065);
insert into white_cards (id, text, watermark) values (124066, 'Three consecutive seconds of happiness.', 'X4');
insert into card_set_white_card (card_set_id, white_card_id) values (124000, 124066);
insert into white_cards (id, text, watermark) values (124067, 'Unquestioning obedience.', 'X4');
insert into card_set_white_card (card_set_id, white_card_id) values (124000, 124067);
insert into white_cards (id, text, watermark) values (124068, 'What Jesus would do.', 'X4');
insert into card_set_white_card (card_set_id, white_card_id) values (124000, 124068);
insert into white_cards (id, text, watermark) values (124069, 'Whatever a McRib® is made of.', 'X4');
insert into card_set_white_card (card_set_id, white_card_id) values (124000, 124069);
insert into white_cards (id, text, watermark) values (124070, 'Whispering all sexy.', 'X4');
insert into card_set_white_card (card_set_id, white_card_id) values (124000, 124070);

insert into black_cards (id, text, draw, pick, watermark) values (124000, '____ may pass, but ____ will last forever.', '1', '2', 'X4');
insert into card_set_black_card (card_set_id, black_card_id) values (124000, 124000);
insert into black_cards (id, text, draw, pick, watermark) values (124001, '____ will never be the same after ____.', '1', '2', 'X4');
insert into card_set_black_card (card_set_id, black_card_id) values (124000, 124001);
insert into black_cards (id, text, draw, pick, watermark) values (124002, '2 AM in the city that never sleeps. The door swings open and she walks in, legs up to here. Something in her eyes tells me she''s looking for ____.', '0', '1', 'X4');
insert into card_set_black_card (card_set_id, black_card_id) values (124000, 124002);
insert into black_cards (id, text, draw, pick, watermark) values (124003, 'Adventure. Romance. ____. From Paramount Pictures, "____."', '1', '2', 'X4');
insert into card_set_black_card (card_set_id, black_card_id) values (124000, 124003);
insert into black_cards (id, text, draw, pick, watermark) values (124004, 'Alright, bros. Our frat house is condemned, and all the hot slampieces are over at Gamma Phi. The time has come to commence Operation ____.', '0', '1', 'X4');
insert into card_set_black_card (card_set_id, black_card_id) values (124000, 124004);
insert into black_cards (id, text, draw, pick, watermark) values (124005, 'As king, how will I keep the peasants in line?', '0', '1', 'X4');
insert into card_set_black_card (card_set_id, black_card_id) values (124000, 124005);
insert into black_cards (id, text, draw, pick, watermark) values (124006, 'Dammit, Gary.  You can''t just solve every problem with ____.', '0', '1', 'X4');
insert into card_set_black_card (card_set_id, black_card_id) values (124000, 124006);
insert into black_cards (id, text, draw, pick, watermark) values (124007, 'Dear Leader Kim Jong-un, our village praises your infinite wisdom with a humble offering of ____.', '0', '1', 'X4');
insert into card_set_black_card (card_set_id, black_card_id) values (124000, 124007);
insert into black_cards (id, text, draw, pick, watermark) values (124008, 'Do not fuck with me! I am literally ____ right now.', '0', '1', 'X4');
insert into card_set_black_card (card_set_id, black_card_id) values (124000, 124008);
insert into black_cards (id, text, draw, pick, watermark) values (124009, 'Every step towards ____ gets me a little bit closer to ____.', '1', '2', 'X4');
insert into card_set_black_card (card_set_id, black_card_id) values (124000, 124009);
insert into black_cards (id, text, draw, pick, watermark) values (124010, 'Forget everything you know about ____, because now we''ve supercharged it with ____!', '1', '2', 'X4');
insert into card_set_black_card (card_set_id, black_card_id) values (124000, 124010);
insert into black_cards (id, text, draw, pick, watermark) values (124011, 'Honey, I have a new role-play I want to try tonight! You can be ____, and I''ll be ____.', '1', '2', 'X4');
insert into card_set_black_card (card_set_id, black_card_id) values (124000, 124011);
insert into black_cards (id, text, draw, pick, watermark) values (124012, 'How am I compensating for my tiny penis?', '0', '1', 'X4');
insert into card_set_black_card (card_set_id, black_card_id) values (124000, 124012);
insert into black_cards (id, text, draw, pick, watermark) values (124013, 'I am become ____, destroyer of ____!', '1', '2', 'X4');
insert into card_set_black_card (card_set_id, black_card_id) values (124000, 124013);
insert into black_cards (id, text, draw, pick, watermark) values (124014, 'I''m pretty sure I''m high right now, because I''m absolutely mesmerized by ____.', '0', '1', 'X4');
insert into card_set_black_card (card_set_id, black_card_id) values (124000, 124014);
insert into black_cards (id, text, draw, pick, watermark) values (124015, 'I''m sorry, sir, but we don''t allow ____ at the country club.', '0', '1', 'X4');
insert into card_set_black_card (card_set_id, black_card_id) values (124000, 124015);
insert into black_cards (id, text, draw, pick, watermark) values (124016, 'If you can''t handle ____, you''d better stay away from ____.', '1', '2', 'X4');
insert into card_set_black_card (card_set_id, black_card_id) values (124000, 124016);
insert into black_cards (id, text, draw, pick, watermark) values (124017, 'In return for my soul, the Devil promised me ____, but all I got was ____.', '1', '2', 'X4');
insert into card_set_black_card (card_set_id, black_card_id) values (124000, 124017);
insert into black_cards (id, text, draw, pick, watermark) values (124018, 'In the beginning, there was ____. And the Lord said, "Let there be ____."', '1', '2', 'X4');
insert into card_set_black_card (card_set_id, black_card_id) values (124000, 124018);
insert into black_cards (id, text, draw, pick, watermark) values (124019, 'It lurks in the night. It hungers for flesh. This summer, no one is safe from ____.', '0', '1', 'X4');
insert into card_set_black_card (card_set_id, black_card_id) values (124000, 124019);
insert into black_cards (id, text, draw, pick, watermark) values (124020, 'Man, this is bullshit. Fuck ____.', '0', '1', 'X4');
insert into card_set_black_card (card_set_id, black_card_id) values (124000, 124020);
insert into black_cards (id, text, draw, pick, watermark) values (124021, 'Oprah''s book of the month is "____ For ____: A Story of Hope."', '1', '2', 'X4');
insert into card_set_black_card (card_set_id, black_card_id) values (124000, 124021);
insert into black_cards (id, text, draw, pick, watermark) values (124022, 'She''s up all night for good fun. I''m up all night for ____.', '0', '1', 'X4');
insert into card_set_black_card (card_set_id, black_card_id) values (124000, 124022);
insert into black_cards (id, text, draw, pick, watermark) values (124023, 'The Japanese have developed a smaller, more efficient version of ____.', '0', '1', 'X4');
insert into card_set_black_card (card_set_id, black_card_id) values (124000, 124023);
insert into black_cards (id, text, draw, pick, watermark) values (124024, 'This is the prime of my life. I''m young, hot, and full of ____.', '0', '1', 'X4');
insert into card_set_black_card (card_set_id, black_card_id) values (124000, 124024);
insert into black_cards (id, text, draw, pick, watermark) values (124025, 'This year''s hottest album is "____" by ____.', '1', '2', 'X4');
insert into card_set_black_card (card_set_id, black_card_id) values (124000, 124025);
insert into black_cards (id, text, draw, pick, watermark) values (124026, 'We never did find ____, but along the way we sure learned a lot about ____.', '1', '2', 'X4');
insert into card_set_black_card (card_set_id, black_card_id) values (124000, 124026);
insert into black_cards (id, text, draw, pick, watermark) values (124027, 'Wes Anderson''s new film tells the story of a precocious child coming to terms with ____.', '0', '1', 'X4');
insert into card_set_black_card (card_set_id, black_card_id) values (124000, 124027);
insert into black_cards (id, text, draw, pick, watermark) values (124028, 'What''s fun until it gets weird?', '0', '1', 'X4');
insert into card_set_black_card (card_set_id, black_card_id) values (124000, 124028);
insert into black_cards (id, text, draw, pick, watermark) values (124029, 'You guys, I saw this crazy movie last night. It opens on ____, and then there''s some stuff about ____, and then it ends with ____.', '2', '3', 'X4');
insert into card_set_black_card (card_set_id, black_card_id) values (124000, 124029);
insert into black_cards (id, text, draw, pick, watermark) values (124030, 'You''ve seen the bearded lady! You''ve seen the ring of fire! Now, ladies and gentlemen, feast your eyes upon ____!', '0', '1', 'X4');
insert into card_set_black_card (card_set_id, black_card_id) values (124000, 124030);

COMMIT;
