BEGIN;

delete from card_set_white_card where card_set_id = 114000;
delete from card_set_black_card where card_set_id = 114000;
delete from white_cards where id >= 114000 and id <= 114999;
delete from black_cards where id >= 114000 and id <= 114999;
delete from card_set where id=114000;

insert into card_set (id, active, name, base_deck, description, weight) values (114000, 't', '5th expansion', 'f', '5th expansion', 999);

insert into white_cards (id, text, watermark) values (114000, '40 acres and a mule.', 'X5');
insert into card_set_white_card (card_set_id, white_card_id) values (114000, 114000);
insert into white_cards (id, text, watermark) values (114001, 'A chimpanzee in sunglasses fucking your wife.', 'X5');
insert into card_set_white_card (card_set_id, white_card_id) values (114000, 114001);
insert into white_cards (id, text, watermark) values (114002, 'A crazy little thing called love.', 'X5');
insert into card_set_white_card (card_set_id, white_card_id) values (114000, 114002);
insert into white_cards (id, text, watermark) values (114003, 'A disappointing salad.', 'X5');
insert into card_set_white_card (card_set_id, white_card_id) values (114000, 114003);
insert into white_cards (id, text, watermark) values (114004, 'A face full of horse cum.', 'X5');
insert into card_set_white_card (card_set_id, white_card_id) values (114000, 114004);
insert into white_cards (id, text, watermark) values (114005, 'A giant powdery manbaby.', 'X5');
insert into card_set_white_card (card_set_id, white_card_id) values (114000, 114005);
insert into white_cards (id, text, watermark) values (114006, 'A mouthful of potato salad.', 'X5');
insert into card_set_white_card (card_set_id, white_card_id) values (114000, 114006);
insert into white_cards (id, text, watermark) values (114007, 'A one-way ticket to Gary, Indiana.', 'X5');
insert into card_set_white_card (card_set_id, white_card_id) values (114000, 114007);
insert into white_cards (id, text, watermark) values (114008, 'A powered exoskeleton.', 'X5');
insert into card_set_white_card (card_set_id, white_card_id) values (114000, 114008);
insert into white_cards (id, text, watermark) values (114009, 'A reason not to commit murder.', 'X5');
insert into card_set_white_card (card_set_id, white_card_id) values (114000, 114009);
insert into white_cards (id, text, watermark) values (114010, 'A team of lawyers.', 'X5');
insert into card_set_white_card (card_set_id, white_card_id) values (114000, 114010);
insert into white_cards (id, text, watermark) values (114011, 'A whole new kind of porn.', 'X5');
insert into card_set_white_card (card_set_id, white_card_id) values (114000, 114011);
insert into white_cards (id, text, watermark) values (114012, 'A zero-risk way to make $2,000 from home.', 'X5');
insert into card_set_white_card (card_set_id, white_card_id) values (114000, 114012);
insert into white_cards (id, text, watermark) values (114013, 'AIDS monkeys.', 'X5');
insert into card_set_white_card (card_set_id, white_card_id) values (114000, 114013);
insert into white_cards (id, text, watermark) values (114014, 'All these decorative pillows.', 'X5');
insert into card_set_white_card (card_set_id, white_card_id) values (114000, 114014);
insert into white_cards (id, text, watermark) values (114015, 'An inability to form meaningful relationships.', 'X5');
insert into card_set_white_card (card_set_id, white_card_id) values (114000, 114015);
insert into white_cards (id, text, watermark) values (114016, 'An unforgettable quinceañera.', 'X5');
insert into card_set_white_card (card_set_id, white_card_id) values (114000, 114016);
insert into white_cards (id, text, watermark) values (114017, 'An uninterrupted history of imperialism and exploitation.', 'X5');
insert into card_set_white_card (card_set_id, white_card_id) values (114000, 114017);
insert into white_cards (id, text, watermark) values (114018, 'Anal fissures like you wouldn''t believe.', 'X5');
insert into card_set_white_card (card_set_id, white_card_id) values (114000, 114018);
insert into white_cards (id, text, watermark) values (114019, 'Ancient Athenian boy-fucking.', 'X5');
insert into card_set_white_card (card_set_id, white_card_id) values (114000, 114019);
insert into white_cards (id, text, watermark) values (114020, 'Backwards knees.', 'X5');
insert into card_set_white_card (card_set_id, white_card_id) values (114000, 114020);
insert into white_cards (id, text, watermark) values (114021, 'Being nine years old.', 'X5');
insert into card_set_white_card (card_set_id, white_card_id) values (114000, 114021);
insert into white_cards (id, text, watermark) values (114022, 'Being paralyzed from the neck down.', 'X5');
insert into card_set_white_card (card_set_id, white_card_id) values (114000, 114022);
insert into white_cards (id, text, watermark) values (114023, 'Being worshipped as the one true God.', 'X5');
insert into card_set_white_card (card_set_id, white_card_id) values (114000, 114023);
insert into white_cards (id, text, watermark) values (114024, 'Blackface.', 'X5');
insert into card_set_white_card (card_set_id, white_card_id) values (114000, 114024);
insert into white_cards (id, text, watermark) values (114025, 'Blowjobs for everyone.', 'X5');
insert into card_set_white_card (card_set_id, white_card_id) values (114000, 114025);
insert into white_cards (id, text, watermark) values (114026, 'Boring Vaginal sex.', 'X5');
insert into card_set_white_card (card_set_id, white_card_id) values (114000, 114026);
insert into white_cards (id, text, watermark) values (114027, 'Butt stuff.', 'X5');
insert into card_set_white_card (card_set_id, white_card_id) values (114000, 114027);
insert into white_cards (id, text, watermark) values (114028, 'Changing a person''s mind with logic and facts.', 'X5');
insert into card_set_white_card (card_set_id, white_card_id) values (114000, 114028);
insert into white_cards (id, text, watermark) values (114029, 'Child support payments.', 'X5');
insert into card_set_white_card (card_set_id, white_card_id) values (114000, 114029);
insert into white_cards (id, text, watermark) values (114030, 'Cutting off a flamingo''s legs with garden shears.', 'X5');
insert into card_set_white_card (card_set_id, white_card_id) values (114000, 114030);
insert into white_cards (id, text, watermark) values (114031, 'Daddy''s credit card.', 'X5');
insert into card_set_white_card (card_set_id, white_card_id) values (114000, 114031);
insert into white_cards (id, text, watermark) values (114032, 'Deez nuts.', 'X5');
insert into card_set_white_card (card_set_id, white_card_id) values (114000, 114032);
insert into white_cards (id, text, watermark) values (114033, 'Denzel.', 'X5');
insert into card_set_white_card (card_set_id, white_card_id) values (114000, 114033);
insert into white_cards (id, text, watermark) values (114034, 'Doing the right stuff to her nipples.', 'X5');
insert into card_set_white_card (card_set_id, white_card_id) values (114000, 114034);
insert into white_cards (id, text, watermark) values (114035, 'Ejaculating live bees and the bees are angry.', 'X5');
insert into card_set_white_card (card_set_id, white_card_id) values (114000, 114035);
insert into white_cards (id, text, watermark) values (114036, 'Ennui.', 'X5');
insert into card_set_white_card (card_set_id, white_card_id) values (114000, 114036);
insert into white_cards (id, text, watermark) values (114037, 'Figuring out how to have sex with a dolphin.', 'X5');
insert into card_set_white_card (card_set_id, white_card_id) values (114000, 114037);
insert into white_cards (id, text, watermark) values (114038, 'Free ice cream, yo.', 'X5');
insert into card_set_white_card (card_set_id, white_card_id) values (114000, 114038);
insert into white_cards (id, text, watermark) values (114039, 'Genghis Khan''s DNA.', 'X5');
insert into card_set_white_card (card_set_id, white_card_id) values (114000, 114039);
insert into white_cards (id, text, watermark) values (114040, 'Getting caught by the police and going to jail.', 'X5');
insert into card_set_white_card (card_set_id, white_card_id) values (114000, 114040);
insert into white_cards (id, text, watermark) values (114041, 'Getting drive-by shot.', 'X5');
insert into card_set_white_card (card_set_id, white_card_id) values (114000, 114041);
insert into white_cards (id, text, watermark) values (114042, 'Getting eaten alive by Guy Fieri.', 'X5');
insert into card_set_white_card (card_set_id, white_card_id) values (114000, 114042);
insert into white_cards (id, text, watermark) values (114043, 'Giant sperm from outer space.', 'X5');
insert into card_set_white_card (card_set_id, white_card_id) values (114000, 114043);
insert into white_cards (id, text, watermark) values (114044, 'Going to a high school reunion on ketamine.', 'X5');
insert into card_set_white_card (card_set_id, white_card_id) values (114000, 114044);
insert into white_cards (id, text, watermark) values (114045, 'Having been dead for a while.', 'X5');
insert into card_set_white_card (card_set_id, white_card_id) values (114000, 114045);
insert into white_cards (id, text, watermark) values (114046, 'Mom''s new boyfriend.', 'X5');
insert into card_set_white_card (card_set_id, white_card_id) values (114000, 114046);
insert into white_cards (id, text, watermark) values (114047, 'My boyfriend''s stupid penis.', 'X5');
insert into card_set_white_card (card_set_id, white_card_id) values (114000, 114047);
insert into white_cards (id, text, watermark) values (114048, 'My dead son''s baseball glove.', 'X5');
insert into card_set_white_card (card_set_id, white_card_id) values (114000, 114048);
insert into white_cards (id, text, watermark) values (114049, 'My first period.', 'X5');
insert into card_set_white_card (card_set_id, white_card_id) values (114000, 114049);
insert into white_cards (id, text, watermark) values (114050, 'Not believing in giraffes.', 'X5');
insert into card_set_white_card (card_set_id, white_card_id) values (114000, 114050);
insert into white_cards (id, text, watermark) values (114051, 'Oil!', 'X5');
insert into card_set_white_card (card_set_id, white_card_id) values (114000, 114051);
insert into white_cards (id, text, watermark) values (114052, 'Out-of-this-world bazongas.', 'X5');
insert into card_set_white_card (card_set_id, white_card_id) values (114000, 114052);
insert into white_cards (id, text, watermark) values (114053, 'P.F. Chang himself.', 'X5');
insert into card_set_white_card (card_set_id, white_card_id) values (114000, 114053);
insert into white_cards (id, text, watermark) values (114054, 'Russian super-tuberculosis.', 'X5');
insert into card_set_white_card (card_set_id, white_card_id) values (114000, 114054);
insert into white_cards (id, text, watermark) values (114055, 'Seeing my village burned and my family slaughtered before my eyes.', 'X5');
insert into card_set_white_card (card_set_id, white_card_id) values (114000, 114055);
insert into white_cards (id, text, watermark) values (114056, 'Seeing things from Hitler''s perspective.', 'X5');
insert into card_set_white_card (card_set_id, white_card_id) values (114000, 114056);
insert into white_cards (id, text, watermark) values (114057, 'September 11th, 2001.', 'X5');
insert into card_set_white_card (card_set_id, white_card_id) values (114000, 114057);
insert into white_cards (id, text, watermark) values (114058, 'Slowly easing down onto a cucumber.', 'X5');
insert into card_set_white_card (card_set_id, white_card_id) values (114000, 114058);
insert into white_cards (id, text, watermark) values (114059, 'Social justice warriors with flamethrowers of compassion.', 'X5');
insert into card_set_white_card (card_set_id, white_card_id) values (114000, 114059);
insert into white_cards (id, text, watermark) values (114060, 'Some shit-hot guitar licks.', 'X5');
insert into card_set_white_card (card_set_id, white_card_id) values (114000, 114060);
insert into white_cards (id, text, watermark) values (114061, 'Stupid.', 'X5');
insert into card_set_white_card (card_set_id, white_card_id) values (114000, 114061);
insert into white_cards (id, text, watermark) values (114062, 'The Abercrombie & Fitch lifestyle.', 'X5');
insert into card_set_white_card (card_set_id, white_card_id) values (114000, 114062);
insert into white_cards (id, text, watermark) values (114063, 'The basic suffering that pervades all of existence.', 'X5');
insert into card_set_white_card (card_set_id, white_card_id) values (114000, 114063);
insert into white_cards (id, text, watermark) values (114064, 'The black half of Barack Obama.', 'X5');
insert into card_set_white_card (card_set_id, white_card_id) values (114000, 114064);
insert into white_cards (id, text, watermark) values (114065, 'The eight gay warlocks who dictate the rules of fashion.', 'X5');
insert into card_set_white_card (card_set_id, white_card_id) values (114000, 114065);
insert into white_cards (id, text, watermark) values (114066, 'The ghost of Marlon Brando.', 'X5');
insert into card_set_white_card (card_set_id, white_card_id) values (114000, 114066);
insert into white_cards (id, text, watermark) values (114067, 'The inability to form meaningful relationships.', 'X5');
insert into card_set_white_card (card_set_id, white_card_id) values (114000, 114067);
insert into white_cards (id, text, watermark) values (114068, 'The passage of time.', 'X5');
insert into card_set_white_card (card_set_id, white_card_id) values (114000, 114068);
insert into white_cards (id, text, watermark) values (114069, 'The swim team, all at once.', 'X5');
insert into card_set_white_card (card_set_id, white_card_id) values (114000, 114069);
insert into white_cards (id, text, watermark) values (114070, 'The tiger that killed my father.', 'X5');
insert into card_set_white_card (card_set_id, white_card_id) values (114000, 114070);
insert into white_cards (id, text, watermark) values (114071, 'The unbelievable world of mushrooms.', 'X5');
insert into card_set_white_card (card_set_id, white_card_id) values (114000, 114071);
insert into white_cards (id, text, watermark) values (114072, 'The white half of Barack Obama.', 'X5');
insert into card_set_white_card (card_set_id, white_card_id) values (114000, 114072);
insert into white_cards (id, text, watermark) values (114073, 'Too much cocaine.', 'X5');
insert into card_set_white_card (card_set_id, white_card_id) values (114000, 114073);
insert into white_cards (id, text, watermark) values (114074, 'Unrelenting genital punishment.', 'X5');
insert into card_set_white_card (card_set_id, white_card_id) values (114000, 114074);
insert into white_cards (id, text, watermark) values (114075, 'Vegetarian options.', 'X5');
insert into card_set_white_card (card_set_id, white_card_id) values (114000, 114075);
insert into white_cards (id, text, watermark) values (114076, 'Wearing glasses and sounding smart.', 'X5');
insert into card_set_white_card (card_set_id, white_card_id) values (114000, 114076);
insert into white_cards (id, text, watermark) values (114077, 'Western standards of beauty.', 'X5');
insert into card_set_white_card (card_set_id, white_card_id) values (114000, 114077);

insert into black_cards (id, text, draw, pick, watermark) values (114000, 'And today''s soup is Cream of ____.', '0', '1', 'X5');
insert into card_set_black_card (card_set_id, black_card_id) values (114000, 114000);
insert into black_cards (id, text, draw, pick, watermark) values (114001, 'Armani suit: $1,000. Dinner for two at that swanky restaurant: $300. The look on her face when you surprise her with ____: priceless.', '0', '1', 'X5');
insert into card_set_black_card (card_set_id, black_card_id) values (114000, 114001);
insert into black_cards (id, text, draw, pick, watermark) values (114002, 'Do the Dew with our most extreme flavor yet! Get ready for Mountain Dew ____!', '0', '1', 'X5');
insert into card_set_black_card (card_set_id, black_card_id) values (114000, 114002);
insert into black_cards (id, text, draw, pick, watermark) values (114003, 'Do you lack energy? Does it sometimes feel like the whole world is ____? Zoloft.', '0', '1', 'X5');
insert into card_set_black_card (card_set_id, black_card_id) values (114000, 114003);
insert into black_cards (id, text, draw, pick, watermark) values (114004, 'Don''t forget! Beginning this week, Casual Friday will officially become "____ Friday."', '0', '1', 'X5');
insert into card_set_black_card (card_set_id, black_card_id) values (114000, 114004);
insert into black_cards (id, text, draw, pick, watermark) values (114005, 'Get ready for the movie of the summer! One cop plays by the book. The other''s only interested in one thing: ____.', '0', '1', 'X5');
insert into card_set_black_card (card_set_id, black_card_id) values (114000, 114005);
insert into black_cards (id, text, draw, pick, watermark) values (114006, 'Having the worst day EVER. #____', '0', '1', 'X5');
insert into card_set_black_card (card_set_id, black_card_id) values (114000, 114006);
insert into black_cards (id, text, draw, pick, watermark) values (114007, 'Heed my voice, mortals! I am the god of ____ , and I will not tolerate ____!', '1', '2', 'X5');
insert into card_set_black_card (card_set_id, black_card_id) values (114000, 114007);
insert into black_cards (id, text, draw, pick, watermark) values (114008, 'Help me doctor, I''ve got ____ in my butt!', '0', '1', 'X5');
insert into card_set_black_card (card_set_id, black_card_id) values (114000, 114008);
insert into black_cards (id, text, draw, pick, watermark) values (114009, 'Here at the Academy for Gifted Children, we allow students to explore ____ at their own pace.', '0', '1', 'X5');
insert into card_set_black_card (card_set_id, black_card_id) values (114000, 114009);
insert into black_cards (id, text, draw, pick, watermark) values (114010, 'Hi MTV! My name is Kendra, I live in Malibu, I''m into ____, and I love to have a good time.', '0', '1', 'X5');
insert into card_set_black_card (card_set_id, black_card_id) values (114000, 114010);
insert into black_cards (id, text, draw, pick, watermark) values (114011, 'Hi, this is Jim from accounting. We noticed a $1,200 charge labeled "____." Can you explain?', '0', '1', 'X5');
insert into card_set_black_card (card_set_id, black_card_id) values (114000, 114011);
insert into black_cards (id, text, draw, pick, watermark) values (114012, 'I don''t mean to brag, but they call me the Micheal Jordan of ____.', '0', '1', 'X5');
insert into card_set_black_card (card_set_id, black_card_id) values (114000, 114012);
insert into black_cards (id, text, draw, pick, watermark) values (114013, 'In his farewell address, George Washington famously warned Americans about the dangers of ____.', '0', '1', 'X5');
insert into card_set_black_card (card_set_id, black_card_id) values (114000, 114013);
insert into black_cards (id, text, draw, pick, watermark) values (114014, 'In his new action comedy, Jackie Chan must fend off ninjas while also dealing with ____.', '0', '1', 'X5');
insert into card_set_black_card (card_set_id, black_card_id) values (114000, 114014);
insert into black_cards (id, text, draw, pick, watermark) values (114015, 'Life''s pretty tough in the fast lane. That''s why I never leave the house without ____.', '0', '1', 'X5');
insert into card_set_black_card (card_set_id, black_card_id) values (114000, 114015);
insert into black_cards (id, text, draw, pick, watermark) values (114016, 'Now in bookstores: "The Audacity of ____" by Barack Obama.', '0', '1', 'X5');
insert into card_set_black_card (card_set_id, black_card_id) values (114000, 114016);
insert into black_cards (id, text, draw, pick, watermark) values (114017, 'Patient presents with ____ . Likely a result of ____.', '1', '2', 'X5');
insert into card_set_black_card (card_set_id, black_card_id) values (114000, 114017);
insert into black_cards (id, text, draw, pick, watermark) values (114018, 'Well if ____ is good enough for ____, it''s good enough for me.', '0', '1', 'X5');
insert into card_set_black_card (card_set_id, black_card_id) values (114000, 114018);
insert into black_cards (id, text, draw, pick, watermark) values (114019, 'Well what do you have to say for yourself, Casey? This is the third time you''ve been sent to the principal''s office for ____.', '0', '1', 'X5');
insert into card_set_black_card (card_set_id, black_card_id) values (114000, 114019);
insert into black_cards (id, text, draw, pick, watermark) values (114020, 'What killed my boner?', '0', '1', 'X5');
insert into card_set_black_card (card_set_id, black_card_id) values (114000, 114020);
insert into black_cards (id, text, draw, pick, watermark) values (114021, 'What''s making things awkward in the sauna?', '0', '1', 'X5');
insert into card_set_black_card (card_set_id, black_card_id) values (114000, 114021);
insert into black_cards (id, text, draw, pick, watermark) values (114022, 'WHOOO! God damn I love ____!', '0', '1', 'X5');
insert into card_set_black_card (card_set_id, black_card_id) values (114000, 114022);
insert into black_cards (id, text, draw, pick, watermark) values (114023, 'Why am I broke?', '0', '1', 'X5');
insert into card_set_black_card (card_set_id, black_card_id) values (114000, 114023);
insert into black_cards (id, text, draw, pick, watermark) values (114024, 'Yo'' mama''s so fat she ____!', '0', '1', 'X5');
insert into card_set_black_card (card_set_id, black_card_id) values (114000, 114024);

COMMIT;
