BEGIN;

delete from card_set_white_card where card_set_id = 115000;
delete from card_set_black_card where card_set_id = 115000;
delete from white_cards where id >= 115000 and id <= 115999;
delete from black_cards where id >= 115000 and id <= 115999;
delete from card_set where id=115000;

insert into card_set (id, active, name, base_deck, description, weight) values (115000, 't', '6th Expansion', 'f', '6th expansion.', 999);

insert into white_cards (id, text, watermark) values (115000, 'A bass drop so huge it tears the starry vault asunder to reveal the face of God.', 'X6');
insert into card_set_white_card (card_set_id, white_card_id) values (115000, 115000);
insert into white_cards (id, text, watermark) values (115001, 'A bowl of gourds.', 'X6');
insert into card_set_white_card (card_set_id, white_card_id) values (115000, 115001);
insert into white_cards (id, text, watermark) values (115002, 'A buttload of candy.', 'X6');
insert into card_set_white_card (card_set_id, white_card_id) values (115000, 115002);
insert into white_cards (id, text, watermark) values (115003, 'A constant need for validation.', 'X6');
insert into card_set_white_card (card_set_id, white_card_id) values (115000, 115003);
insert into white_cards (id, text, watermark) values (115004, 'A man who is so cool that he rides on a motorcycle.', 'X6');
insert into card_set_white_card (card_set_id, white_card_id) values (115000, 115004);
insert into white_cards (id, text, watermark) values (115005, 'A peyote-fueled vision quest.', 'X6');
insert into card_set_white_card (card_set_id, white_card_id) values (115000, 115005);
insert into white_cards (id, text, watermark) values (115006, 'A pizza guy who fucked up.', 'X6');
insert into card_set_white_card (card_set_id, white_card_id) values (115000, 115006);
insert into white_cards (id, text, watermark) values (115007, 'A possible Muslim.', 'X6');
insert into card_set_white_card (card_set_id, white_card_id) values (115000, 115007);
insert into white_cards (id, text, watermark) values (115008, 'A self-microwaving burrito.', 'X6');
insert into card_set_white_card (card_set_id, white_card_id) values (115000, 115008);
insert into white_cards (id, text, watermark) values (115009, 'A turd.', 'X6');
insert into card_set_white_card (card_set_id, white_card_id) values (115000, 115009);
insert into white_cards (id, text, watermark) values (115010, 'A whole lotta woman.', 'X6');
insert into card_set_white_card (card_set_id, white_card_id) values (115000, 115010);
insert into white_cards (id, text, watermark) values (115011, 'An oppressed people with a vibrant culture.', 'X6');
insert into card_set_white_card (card_set_id, white_card_id) values (115000, 115011);
insert into white_cards (id, text, watermark) values (115012, 'An overwhelming variety of cheeses.', 'X6');
insert into card_set_white_card (card_set_id, white_card_id) values (115000, 115012);
insert into white_cards (id, text, watermark) values (115013, 'Bathing in moonsblood and dancing around the ancient oak.', 'X6');
insert into card_set_white_card (card_set_id, white_card_id) values (115000, 115013);
insert into white_cards (id, text, watermark) values (115014, 'Being a terrible mother.', 'X6');
insert into card_set_white_card (card_set_id, white_card_id) values (115000, 115014);
insert into white_cards (id, text, watermark) values (115015, 'Being John Malkovich.', 'X6');
insert into card_set_white_card (card_set_id, white_card_id) values (115000, 115015);
insert into white_cards (id, text, watermark) values (115016, 'Being popular and good at sports.', 'X6');
insert into card_set_white_card (card_set_id, white_card_id) values (115000, 115016);
insert into white_cards (id, text, watermark) values (115017, 'Beloved television star Bill Cosby.', 'X6');
insert into card_set_white_card (card_set_id, white_card_id) values (115000, 115017);
insert into white_cards (id, text, watermark) values (115018, 'Breastfeeding a ten year old.', 'X6');
insert into card_set_white_card (card_set_id, white_card_id) values (115000, 115018);
insert into white_cards (id, text, watermark) values (115019, 'Bullets.', 'X6');
insert into card_set_white_card (card_set_id, white_card_id) values (115000, 115019);
insert into white_cards (id, text, watermark) values (115020, 'Cancer the giant grab.', 'X6');
insert into card_set_white_card (card_set_id, white_card_id) values (115000, 115020);
insert into white_cards (id, text, watermark) values (115021, 'Cool, relatable cancer teens.', 'X6');
insert into card_set_white_card (card_set_id, white_card_id) values (115000, 115021);
insert into white_cards (id, text, watermark) values (115022, 'Crippling social anxiety.', 'X6');
insert into card_set_white_card (card_set_id, white_card_id) values (115000, 115022);
insert into white_cards (id, text, watermark) values (115023, 'Crying and shitting and eating spaghetti.', 'X6');
insert into card_set_white_card (card_set_id, white_card_id) values (115000, 115023);
insert into white_cards (id, text, watermark) values (115024, 'Cute boys.', 'X6');
insert into card_set_white_card (card_set_id, white_card_id) values (115000, 115024);
insert into white_cards (id, text, watermark) values (115025, 'Eating together like a god damn family for once.', 'X6');
insert into card_set_white_card (card_set_id, white_card_id) values (115000, 115025);
insert into white_cards (id, text, watermark) values (115026, 'Ejaculating inside another man''s wife.', 'X6');
insert into card_set_white_card (card_set_id, white_card_id) values (115000, 115026);
insert into white_cards (id, text, watermark) values (115027, 'Every ounce of charisma left in Mick Jagger''s tired body.', 'X6');
insert into card_set_white_card (card_set_id, white_card_id) values (115000, 115027);
insert into white_cards (id, text, watermark) values (115028, 'Filling a man''s anus with concrete.', 'X6');
insert into card_set_white_card (card_set_id, white_card_id) values (115000, 115028);
insert into white_cards (id, text, watermark) values (115029, 'Forgetting grandma''s first name.', 'X6');
insert into card_set_white_card (card_set_id, white_card_id) values (115000, 115029);
insert into white_cards (id, text, watermark) values (115030, 'Generally having no idea what''s going on.', 'X6');
insert into card_set_white_card (card_set_id, white_card_id) values (115000, 115030);
insert into white_cards (id, text, watermark) values (115031, 'Getting all offended.', 'X6');
insert into card_set_white_card (card_set_id, white_card_id) values (115000, 115031);
insert into white_cards (id, text, watermark) values (115032, 'Getting shot out of a cannon.', 'X6');
insert into card_set_white_card (card_set_id, white_card_id) values (115000, 115032);
insert into white_cards (id, text, watermark) values (115033, 'Growing up chained to a radiator in perpetual darkness.', 'X6');
insert into card_set_white_card (card_set_id, white_card_id) values (115000, 115033);
insert into white_cards (id, text, watermark) values (115034, 'Gwyneth Paltrow''s opinions.', 'X6');
insert into card_set_white_card (card_set_id, white_card_id) values (115000, 115034);
insert into white_cards (id, text, watermark) values (115035, 'Immortality cream.', 'X6');
insert into card_set_white_card (card_set_id, white_card_id) values (115000, 115035);
insert into white_cards (id, text, watermark) values (115036, 'Important news about Taylor Swift.', 'X6');
insert into card_set_white_card (card_set_id, white_card_id) values (115000, 115036);
insert into white_cards (id, text, watermark) values (115037, 'Kale.', 'X6');
insert into card_set_white_card (card_set_id, white_card_id) values (115000, 115037);
insert into white_cards (id, text, watermark) values (115038, 'Like a million alligators.', 'X6');
insert into card_set_white_card (card_set_id, white_card_id) values (115000, 115038);
insert into white_cards (id, text, watermark) values (115039, 'Meaningless sex.', 'X6');
insert into card_set_white_card (card_set_id, white_card_id) values (115000, 115039);
insert into white_cards (id, text, watermark) values (115040, 'Morpheus.', 'X6');
insert into card_set_white_card (card_set_id, white_card_id) values (115000, 115040);
insert into white_cards (id, text, watermark) values (115041, 'Never having sex again.', 'X6');
insert into card_set_white_card (card_set_id, white_card_id) values (115000, 115041);
insert into white_cards (id, text, watermark) values (115042, 'No longer finding any Cards Against Humanity card funny.', 'X6');
insert into card_set_white_card (card_set_id, white_card_id) values (115000, 115042);
insert into white_cards (id, text, watermark) values (115043, 'One unforgettable night of passion.', 'X6');
insert into card_set_white_card (card_set_id, white_card_id) values (115000, 115043);
insert into white_cards (id, text, watermark) values (115044, 'Our new Buffalo Chicken Dippers®!', 'X6');
insert into card_set_white_card (card_set_id, white_card_id) values (115000, 115044);
insert into white_cards (id, text, watermark) values (115045, 'Owls, the perfect predator.', 'X6');
insert into card_set_white_card (card_set_id, white_card_id) values (115000, 115045);
insert into white_cards (id, text, watermark) values (115046, 'Peeing into a girl''s butt to make a baby.', 'X6');
insert into card_set_white_card (card_set_id, white_card_id) values (115000, 115046);
insert into white_cards (id, text, watermark) values (115047, 'Pussy.', 'X6');
insert into card_set_white_card (card_set_id, white_card_id) values (115000, 115047);
insert into white_cards (id, text, watermark) values (115048, 'Rabies.', 'X6');
insert into card_set_white_card (card_set_id, white_card_id) values (115000, 115048);
insert into white_cards (id, text, watermark) values (115049, 'Reading the entire End-User License Agreement.', 'X6');
insert into card_set_white_card (card_set_id, white_card_id) values (115000, 115049);
insert into white_cards (id, text, watermark) values (115050, 'Petting the dog.', 'X6');
insert into card_set_white_card (card_set_id, white_card_id) values (115000, 115050);
insert into white_cards (id, text, watermark) values (115051, 'Robots who just want to party.', 'X6');
insert into card_set_white_card (card_set_id, white_card_id) values (115000, 115051);
insert into white_cards (id, text, watermark) values (115052, 'Setting my balls on fire and cartwheeling to Ohio.', 'X6');
insert into card_set_white_card (card_set_id, white_card_id) values (115000, 115052);
insert into white_cards (id, text, watermark) values (115053, 'Shapes and colors.', 'X6');
insert into card_set_white_card (card_set_id, white_card_id) values (115000, 115053);
insert into white_cards (id, text, watermark) values (115054, 'Shitting all over the floor like a bad, bad girl.', 'X6');
insert into card_set_white_card (card_set_id, white_card_id) values (115000, 115054);
insert into white_cards (id, text, watermark) values (115055, 'Such a big boy.', 'X6');
insert into card_set_white_card (card_set_id, white_card_id) values (115000, 115055);
insert into white_cards (id, text, watermark) values (115056, 'Sucking all the milk out of a yak.', 'X6');
insert into card_set_white_card (card_set_id, white_card_id) values (115000, 115056);
insert into white_cards (id, text, watermark) values (115057, 'Sudden penis loss.', 'X6');
insert into card_set_white_card (card_set_id, white_card_id) values (115000, 115057);
insert into white_cards (id, text, watermark) values (115058, 'Teaching a girl how to handjob the penis.', 'X6');
insert into card_set_white_card (card_set_id, white_card_id) values (115000, 115058);
insert into white_cards (id, text, watermark) values (115059, 'Texas.', 'X6');
insert into card_set_white_card (card_set_id, white_card_id) values (115000, 115059);
insert into white_cards (id, text, watermark) values (115060, 'The all-new Nissan Pathfinder with 0.9% APR financing!', 'X6');
insert into card_set_white_card (card_set_id, white_card_id) values (115000, 115060);
insert into white_cards (id, text, watermark) values (115061, 'The amount of gay I am.', 'X6');
insert into card_set_white_card (card_set_id, white_card_id) values (115000, 115061);
insert into white_cards (id, text, watermark) values (115062, 'The color "puce".', 'X6');
insert into card_set_white_card (card_set_id, white_card_id) values (115000, 115062);
insert into white_cards (id, text, watermark) values (115063, 'The dentist.', 'X6');
insert into card_set_white_card (card_set_id, white_card_id) values (115000, 115063);
insert into white_cards (id, text, watermark) values (115064, 'The eighth graders.', 'X6');
insert into card_set_white_card (card_set_id, white_card_id) values (115000, 115064);
insert into white_cards (id, text, watermark) values (115065, 'The haunting stare of an Iraqi child.', 'X6');
insert into card_set_white_card (card_set_id, white_card_id) values (115000, 115065);
insert into white_cards (id, text, watermark) values (115066, 'The male gaze.', 'X6');
insert into card_set_white_card (card_set_id, white_card_id) values (115000, 115066);
insert into white_cards (id, text, watermark) values (115067, 'The power of the Dark Side.', 'X6');
insert into card_set_white_card (card_set_id, white_card_id) values (115000, 115067);
insert into white_cards (id, text, watermark) values (115068, 'The sweet song of sword against sword and the braying of mighty war beasts.', 'X6');
insert into card_set_white_card (card_set_id, white_card_id) values (115000, 115068);
insert into white_cards (id, text, watermark) values (115069, 'Throwing stones at a man until he dies.', 'X6');
insert into card_set_white_card (card_set_id, white_card_id) values (115000, 115069);
insert into white_cards (id, text, watermark) values (115070, 'Total fucking chaos.', 'X6');
insert into card_set_white_card (card_set_id, white_card_id) values (115000, 115070);
insert into white_cards (id, text, watermark) values (115071, 'Treasures beyond your wildest dreams.', 'X6');
insert into card_set_white_card (card_set_id, white_card_id) values (115000, 115071);
insert into white_cards (id, text, watermark) values (115072, 'Turning the rivers red with the blood of infidels.', 'X6');
insert into card_set_white_card (card_set_id, white_card_id) values (115000, 115072);
insert into white_cards (id, text, watermark) values (115073, 'Two whales fucking the shit out of each other.', 'X6');
insert into card_set_white_card (card_set_id, white_card_id) values (115000, 115073);
insert into white_cards (id, text, watermark) values (115074, 'Unsheathing my massive horse cock.', 'X6');
insert into card_set_white_card (card_set_id, white_card_id) values (115000, 115074);
insert into white_cards (id, text, watermark) values (115075, 'Walking into a glass door.', 'X6');
insert into card_set_white_card (card_set_id, white_card_id) values (115000, 115075);
insert into white_cards (id, text, watermark) values (115076, 'Whatever you wish, mother.', 'X6');
insert into card_set_white_card (card_set_id, white_card_id) values (115000, 115076);

insert into black_cards (id, text, draw, pick, watermark) values (115000, '"This is madness." "No, THIS IS ____!"', '0', '1', 'X6');
insert into card_set_black_card (card_set_id, black_card_id) values (115000, 115000);
insert into black_cards (id, text, draw, pick, watermark) values (115001, 'And would you like those buffalo wings mild, hot, or ____?', '0', '1', 'X6');
insert into card_set_black_card (card_set_id, black_card_id) values (115000, 115001);
insert into black_cards (id, text, draw, pick, watermark) values (115002, 'Behind every powerful man is ____.', '0', '1', 'X6');
insert into card_set_black_card (card_set_id, black_card_id) values (115000, 115002);
insert into black_cards (id, text, draw, pick, watermark) values (115003, 'Come to Dubai, where you can relax in our world-famous spas, experience the nightlife, or simply enjoy ____ by the poolside.', '0', '1', 'X6');
insert into card_set_black_card (card_set_id, black_card_id) values (115000, 115003);
insert into black_cards (id, text, draw, pick, watermark) values (115004, 'Don''t worry kid. It gets better. I''ve been living with ____ for 20 years.', '0', '1', 'X6');
insert into card_set_black_card (card_set_id, black_card_id) values (115000, 115004);
insert into black_cards (id, text, draw, pick, watermark) values (115005, 'Everybody join hands and close your eyes. Do you sense that? That''s the presence of ____ in this room.', '0', '1', 'X6');
insert into card_set_black_card (card_set_id, black_card_id) values (115000, 115005);
insert into black_cards (id, text, draw, pick, watermark) values (115006, 'I have a strict policy. First date, dinner. Second date, kiss. Third date, ____.', '0', '1', 'X6');
insert into card_set_black_card (card_set_id, black_card_id) values (115000, 115006);
insert into black_cards (id, text, draw, pick, watermark) values (115007, 'I went to the desert and ate of the peyote cactus. Turns out my spirit animal is ____.', '0', '1', 'X6');
insert into card_set_black_card (card_set_id, black_card_id) values (115000, 115007);
insert into black_cards (id, text, draw, pick, watermark) values (115008, 'I work my ass off all day for this family, and this is what I come home to? ____!?', '0', '1', 'X6');
insert into card_set_black_card (card_set_id, black_card_id) values (115000, 115008);
insert into black_cards (id, text, draw, pick, watermark) values (115009, 'I''m Miss Tennessee, and if I could make the world better by changing one thing, I would get rid of ____.', '0', '1', 'X6');
insert into card_set_black_card (card_set_id, black_card_id) values (115000, 115009);
insert into black_cards (id, text, draw, pick, watermark) values (115010, 'I''m sorry, Mrs. Chen, but there was nothing we could do. At 4:15 this morning, your son succumbed to ____.', '0', '1', 'X6');
insert into card_set_black_card (card_set_id, black_card_id) values (115000, 115010);
insert into black_cards (id, text, draw, pick, watermark) values (115011, 'If you had to describe the Card Czar, using only one of the cards in your hand, which one would it be?', '0', '1', 'X6');
insert into card_set_black_card (card_set_id, black_card_id) values (115000, 115011);
insert into black_cards (id, text, draw, pick, watermark) values (115012, 'James is a lonely boy. But when he discovers a secret door in his attic, he meets a magical new friend: ____.', '0', '1', 'X6');
insert into card_set_black_card (card_set_id, black_card_id) values (115000, 115012);
insert into black_cards (id, text, draw, pick, watermark) values (115013, 'Listen Gary, I like you. But if you want that corner office, you''re going to have to show me ____.', '0', '1', 'X6');
insert into card_set_black_card (card_set_id, black_card_id) values (115000, 115013);
insert into black_cards (id, text, draw, pick, watermark) values (115014, 'My grandfather worked his way up from nothing. When he came to this country, all he had was the shoes on his feet and ____.', '0', '1', 'X6');
insert into card_set_black_card (card_set_id, black_card_id) values (115000, 115014);
insert into black_cards (id, text, draw, pick, watermark) values (115015, 'Puberty is a time of change. You might notice hair growing in new places. You might develop an intrest in ____. This is normal.', '0', '1', 'X6');
insert into card_set_black_card (card_set_id, black_card_id) values (115000, 115015);
insert into black_cards (id, text, draw, pick, watermark) values (115016, 'The six things I could never do without: oxygen, facebook, chocolate, netflix, friends, and ____ LOL!', '0', '1', 'X6');
insert into card_set_black_card (card_set_id, black_card_id) values (115000, 115016);
insert into black_cards (id, text, draw, pick, watermark) values (115017, 'This is America. If you don''t work hard, you don''t succeed. I don''t care if you''re black, white, purple, or ____.', '0', '1', 'X6');
insert into card_set_black_card (card_set_id, black_card_id) values (115000, 115017);
insert into black_cards (id, text, draw, pick, watermark) values (115018, 'To become a true Yanomamo warrior, you must prove that you can withstand ____ without crying out.', '0', '1', 'X6');
insert into card_set_black_card (card_set_id, black_card_id) values (115000, 115018);
insert into black_cards (id, text, draw, pick, watermark) values (115019, 'Tonight we will have sex. And afterwards, If you''d like, a little bit of ____.', '0', '1', 'X6');
insert into card_set_black_card (card_set_id, black_card_id) values (115000, 115019);
insert into black_cards (id, text, draw, pick, watermark) values (115020, 'When I was a kid, we used to play Cowboys and ____.', '0', '1', 'X6');
insert into card_set_black_card (card_set_id, black_card_id) values (115000, 115020);
insert into black_cards (id, text, draw, pick, watermark) values (115021, 'Why won''t you make love to me anymore? Is it ____?', '0', '1', 'X6');
insert into card_set_black_card (card_set_id, black_card_id) values (115000, 115021);
insert into black_cards (id, text, draw, pick, watermark) values (115022, 'Y''all ready to get this thing started? I''m Nick Cannon, and this is America''s Got ____.', '0', '1', 'X6');
insert into card_set_black_card (card_set_id, black_card_id) values (115000, 115022);
insert into black_cards (id, text, draw, pick, watermark) values (115023, 'You are not alone. Millions of Americans struggle with ____ every day.', '0', '1', 'X6');
insert into card_set_black_card (card_set_id, black_card_id) values (115000, 115023);
insert into black_cards (id, text, draw, pick, watermark) values (115024, 'You know, once you get past ____, ____ ain''t so bad.', '1', '2', 'X6');
insert into card_set_black_card (card_set_id, black_card_id) values (115000, 115024);
insert into black_cards (id, text, draw, pick, watermark) values (115025, 'You Won''t Believe These 15 Hilarious ____ Bloopers!', '0', '1', 'X6');
insert into card_set_black_card (card_set_id, black_card_id) values (115000, 115025);

COMMIT;
