BEGIN;

delete from card_set_white_card where card_set_id = 146000;
delete from card_set_black_card where card_set_id = 146000;
delete from white_cards where id >= 146000 and id <= 146999;
delete from black_cards where id >= 146000 and id <= 146999;
delete from card_set where id=146000;

insert into card_set (id, active, name, base_deck, description, weight) values (146000, 't', '2012 Holiday Pack', 'f', 'Originally released as a pay-what-you-want Holiday Pack of 30 vaguely holiday-themed cards. People gave about .75 on average and and raised over ,000 to donate to Wikimedia...and way more since then. All profits donated to the Wikimedia Foundation. ...', 999);

insert into white_cards (id, text, watermark) values (146000, 'A Christmas stocking full of coleslaw.', 'xms12');
insert into card_set_white_card (card_set_id, white_card_id) values (146000, 146000);
insert into white_cards (id, text, watermark) values (146001, 'A Hungry-Man™ Frozen Christmas Dinner for One.', 'xms12');
insert into card_set_white_card (card_set_id, white_card_id) values (146000, 146001);
insert into white_cards (id, text, watermark) values (146002, 'A toxic family environment.', 'xms12');
insert into card_set_white_card (card_set_id, white_card_id) values (146000, 146002);
insert into white_cards (id, text, watermark) values (146003, 'A visually arresting turtleneck.', 'xms12');
insert into card_set_white_card (card_set_id, white_card_id) values (146000, 146003);
insert into white_cards (id, text, watermark) values (146004, 'Another shitty year.', 'xms12');
insert into card_set_white_card (card_set_id, white_card_id) values (146000, 146004);
insert into white_cards (id, text, watermark) values (146005, 'Clearing a bloody path through Walmart with a scimitar.', 'xms12');
insert into card_set_white_card (card_set_id, white_card_id) values (146000, 146005);
insert into white_cards (id, text, watermark) values (146006, 'Eating an entire snowman.', 'xms12');
insert into card_set_white_card (card_set_id, white_card_id) values (146000, 146006);
insert into white_cards (id, text, watermark) values (146007, 'Elf cum.', 'xms12');
insert into card_set_white_card (card_set_id, white_card_id) values (146000, 146007);
insert into white_cards (id, text, watermark) values (146008, 'Fucking up "Silent Night" in front of 300 parents.', 'xms12');
insert into card_set_white_card (card_set_id, white_card_id) values (146000, 146008);
insert into white_cards (id, text, watermark) values (146009, 'Gift-wrapping a live hamster.', 'xms12');
insert into card_set_white_card (card_set_id, white_card_id) values (146000, 146009);
insert into white_cards (id, text, watermark) values (146010, 'Immaculate conception.', 'xms12');
insert into card_set_white_card (card_set_id, white_card_id) values (146000, 146010);
insert into white_cards (id, text, watermark) values (146011, 'Krampus, the Austrian Christmas monster.', 'xms12');
insert into card_set_white_card (card_set_id, white_card_id) values (146000, 146011);
insert into white_cards (id, text, watermark) values (146012, 'Mall Santa.', 'xms12');
insert into card_set_white_card (card_set_id, white_card_id) values (146000, 146012);
insert into white_cards (id, text, watermark) values (146013, 'My hot cousin.', 'xms12');
insert into card_set_white_card (card_set_id, white_card_id) values (146000, 146013);
insert into white_cards (id, text, watermark) values (146014, 'Pretending to be happy.', 'xms12');
insert into card_set_white_card (card_set_id, white_card_id) values (146000, 146014);
insert into white_cards (id, text, watermark) values (146015, 'Santa''s heavy sack.', 'xms12');
insert into card_set_white_card (card_set_id, white_card_id) values (146000, 146015);
insert into white_cards (id, text, watermark) values (146016, 'Several intertwining love stories featuring Hugh Grant.', 'xms12');
insert into card_set_white_card (card_set_id, white_card_id) values (146000, 146016);
insert into white_cards (id, text, watermark) values (146017, 'Socks.', 'xms12');
insert into card_set_white_card (card_set_id, white_card_id) values (146000, 146017);
insert into white_cards (id, text, watermark) values (146018, 'Space Jam on VHS.', 'xms12');
insert into card_set_white_card (card_set_id, white_card_id) values (146000, 146018);
insert into white_cards (id, text, watermark) values (146019, 'Taking down Santa with a surface-to-air missile.', 'xms12');
insert into card_set_white_card (card_set_id, white_card_id) values (146000, 146019);
insert into white_cards (id, text, watermark) values (146020, 'The Star Wars Holiday Special.', 'xms12');
insert into card_set_white_card (card_set_id, white_card_id) values (146000, 146020);
insert into white_cards (id, text, watermark) values (146021, 'The tiny, calloused hands of the Chinese children that made this card.', 'xms12');
insert into card_set_white_card (card_set_id, white_card_id) values (146000, 146021);
insert into white_cards (id, text, watermark) values (146022, 'Whatever Kwanzaa is supposed to be about.', 'xms12');
insert into card_set_white_card (card_set_id, white_card_id) values (146000, 146022);

insert into black_cards (id, text, draw, pick, watermark) values (146000, 'After blacking out during New Year''s Eve, I was awoken by ____.', '0', '1', 'xms12');
insert into card_set_black_card (card_set_id, black_card_id) values (146000, 146000);
insert into black_cards (id, text, draw, pick, watermark) values (146001, 'Every Christmas, my uncle gets drunk and tells the story about ____.', '0', '1', 'xms12');
insert into card_set_black_card (card_set_id, black_card_id) values (146000, 146001);
insert into black_cards (id, text, draw, pick, watermark) values (146002, 'Jesus is ____.', '0', '1', 'xms12');
insert into card_set_black_card (card_set_id, black_card_id) values (146000, 146002);
insert into black_cards (id, text, draw, pick, watermark) values (146003, 'On the third day of Christmas, my true love gave to me: three French hens, two turtle doves, and ____.', '0', '1', 'xms12');
insert into card_set_black_card (card_set_id, black_card_id) values (146000, 146003);
insert into black_cards (id, text, draw, pick, watermark) values (146004, 'This holiday season, Tim Allen must overcome his fear of ____ to save Christmas.', '0', '1', 'xms12');
insert into card_set_black_card (card_set_id, black_card_id) values (146000, 146004);
insert into black_cards (id, text, draw, pick, watermark) values (146005, 'Wake up, America. Christmas is under attack by secular liberals and their ____.', '0', '1', 'xms12');
insert into card_set_black_card (card_set_id, black_card_id) values (146000, 146005);
insert into black_cards (id, text, draw, pick, watermark) values (146006, 'What keeps me warm during the cold, cold winter?', '0', '1', 'xms12');
insert into card_set_black_card (card_set_id, black_card_id) values (146000, 146006);

COMMIT;
